# Made in Blockbench 5.1.6
mtllib materials.mtl

o Thick tabletop base
v 0.75 0.95 0.5625
v 0.75 0.95 -0.5625
v 0.75 0.875 0.5625
v 0.75 0.875 -0.5625
v -0.75 0.95 -0.5625
v -0.75 0.95 0.5625
v -0.75 0.875 -0.5625
v -0.75 0.875 0.5625
vt 0 1
vt 1 1
vt 1 0.925
vt 0 0.925
vt 0 1
vt 1 1
vt 1 0.925
vt 0 0.925
vt 0 1
vt 1 1
vt 1 0.925
vt 0 0.925
vt 0 1
vt 1 1
vt 1 0.925
vt 0 0.925
vt 0 1
vt 1 1
vt 1 0
vt 0 0
vt 0 1
vt 1 1
vt 1 0
vt 0 0
vn 0 0 -1
vn 1 0 0
vn 0 0 1
vn -1 0 0
vn 0 1 0
vn 0 -1 0
usemtl m_b857fb66-1ffc-7849-b518-f1f88c078ca1
f 4/4/1 7/3/1 5/2/1 2/1/1
f 3/8/2 4/7/2 2/6/2 1/5/2
f 8/12/3 3/11/3 1/10/3 6/9/3
f 7/16/4 8/15/4 6/14/4 5/13/4
f 6/20/5 1/19/5 2/18/5 5/17/5
f 7/24/6 4/23/6 3/22/6 8/21/6
o Washable tiled work surface
v 0.71875 1 0.53125
v 0.71875 1 -0.53125
v 0.71875 0.95 0.53125
v 0.71875 0.95 -0.53125
v -0.71875 1 -0.53125
v -0.71875 1 0.53125
v -0.71875 0.95 -0.53125
v -0.71875 0.95 0.53125
vt 0 1
vt 1 1
vt 1 0.95
vt 0 0.95
vt 0 1
vt 1 1
vt 1 0.95
vt 0 0.95
vt 0 1
vt 1 1
vt 1 0.95
vt 0 0.95
vt 0 1
vt 1 1
vt 1 0.95
vt 0 0.95
vt 0 1
vt 1 1
vt 1 0
vt 0 0
vt 0 1
vt 1 1
vt 1 0
vt 0 0
vn 0 0 -1
vn 1 0 0
vn 0 0 1
vn -1 0 0
vn 0 1 0
vn 0 -1 0
usemtl m_21dfc73d-e759-16df-5aa7-f8adf0285105
f 12/28/7 15/27/7 13/26/7 10/25/7
f 11/32/8 12/31/8 10/30/8 9/29/8
f 16/36/9 11/35/9 9/34/9 14/33/9
f 15/40/10 16/39/10 14/38/10 13/37/10
f 14/44/11 9/43/11 10/42/11 13/41/11
f 15/48/12 12/47/12 11/46/12 16/45/12
o Teal tabletop end -9
v 0.75 1.009375 -0.5218750000000001
v 0.75 1.009375 -0.5625
v 0.75 0.9375 -0.5218750000000001
v 0.75 0.9375 -0.5625
v -0.75 1.009375 -0.5625
v -0.75 1.009375 -0.5218750000000001
v -0.75 0.9375 -0.5625
v -0.75 0.9375 -0.5218750000000001
vt 0 1
vt 1 1
vt 1 0.9281250000000001
vt 0 0.9281250000000001
vt 0 1
vt 0.04062500000000002 1
vt 0.04062500000000002 0.9281250000000001
vt 0 0.9281250000000001
vt 0 1
vt 1 1
vt 1 0.9281250000000001
vt 0 0.9281250000000001
vt 0 1
vt 0.04062500000000002 1
vt 0.04062500000000002 0.9281250000000001
vt 0 0.9281250000000001
vt 0 1
vt 1 1
vt 1 0.959375
vt 0 0.959375
vt 0 1
vt 1 1
vt 1 0.959375
vt 0 0.959375
vn 0 0 -1
vn 1 0 0
vn 0 0 1
vn -1 0 0
vn 0 1 0
vn 0 -1 0
usemtl m_c92716ef-70c0-0713-d1a3-52829f52fa10
f 20/52/13 23/51/13 21/50/13 18/49/13
f 19/56/14 20/55/14 18/54/14 17/53/14
f 24/60/15 19/59/15 17/58/15 22/57/15
f 23/64/16 24/63/16 22/62/16 21/61/16
f 22/68/17 17/67/17 18/66/17 21/65/17
f 23/72/18 20/71/18 19/70/18 24/69/18
o Teal tabletop end 8.35
v 0.75 1.009375 0.5625
v 0.75 1.009375 0.5218750000000001
v 0.75 0.9375 0.5625
v 0.75 0.9375 0.5218750000000001
v -0.75 1.009375 0.5218750000000001
v -0.75 1.009375 0.5625
v -0.75 0.9375 0.5218750000000001
v -0.75 0.9375 0.5625
vt 0 1
vt 1 1
vt 1 0.9281250000000001
vt 0 0.9281250000000001
vt 0 1
vt 0.04062500000000002 1
vt 0.04062500000000002 0.9281250000000001
vt 0 0.9281250000000001
vt 0 1
vt 1 1
vt 1 0.9281250000000001
vt 0 0.9281250000000001
vt 0 1
vt 0.04062500000000002 1
vt 0.04062500000000002 0.9281250000000001
vt 0 0.9281250000000001
vt 0 1
vt 1 1
vt 1 0.959375
vt 0 0.959375
vt 0 1
vt 1 1
vt 1 0.959375
vt 0 0.959375
vn 0 0 -1
vn 1 0 0
vn 0 0 1
vn -1 0 0
vn 0 1 0
vn 0 -1 0
usemtl m_c92716ef-70c0-0713-d1a3-52829f52fa10
f 28/76/19 31/75/19 29/74/19 26/73/19
f 27/80/20 28/79/20 26/78/20 25/77/20
f 32/84/21 27/83/21 25/82/21 30/81/21
f 31/88/22 32/87/22 30/86/22 29/85/22
f 30/92/23 25/91/23 26/90/23 29/89/23
f 31/96/24 28/95/24 27/94/24 32/93/24
o Painted apron -6.8
v 0.6 0.875 -0.375
v 0.6 0.875 -0.42500000000000004
v 0.6 0.73125 -0.375
v 0.6 0.73125 -0.42500000000000004
v -0.6 0.875 -0.42500000000000004
v -0.6 0.875 -0.375
v -0.6 0.73125 -0.42500000000000004
v -0.6 0.73125 -0.375
vt 0 1
vt 1 1
vt 1 0.85625
vt 0 0.85625
vt 0 1
vt 0.04999999999999999 1
vt 0.04999999999999999 0.85625
vt 0 0.85625
vt 0 1
vt 1 1
vt 1 0.85625
vt 0 0.85625
vt 0 1
vt 0.04999999999999999 1
vt 0.04999999999999999 0.85625
vt 0 0.85625
vt 0 1
vt 1 1
vt 1 0.95
vt 0 0.95
vt 0 1
vt 1 1
vt 1 0.95
vt 0 0.95
vn 0 0 -1
vn 1 0 0
vn 0 0 1
vn -1 0 0
vn 0 1 0
vn 0 -1 0
usemtl m_c92716ef-70c0-0713-d1a3-52829f52fa10
f 36/100/25 39/99/25 37/98/25 34/97/25
f 35/104/26 36/103/26 34/102/26 33/101/26
f 40/108/27 35/107/27 33/106/27 38/105/27
f 39/112/28 40/111/28 38/110/28 37/109/28
f 38/116/29 33/115/29 34/114/29 37/113/29
f 39/120/30 36/119/30 35/118/30 40/117/30
o Painted apron 5.7
v 0.6 0.875 0.40625
v 0.6 0.875 0.35624999999999996
v 0.6 0.73125 0.40625
v 0.6 0.73125 0.35624999999999996
v -0.6 0.875 0.35624999999999996
v -0.6 0.875 0.40625
v -0.6 0.73125 0.35624999999999996
v -0.6 0.73125 0.40625
vt 0 1
vt 1 1
vt 1 0.85625
vt 0 0.85625
vt 0 1
vt 0.04999999999999999 1
vt 0.04999999999999999 0.85625
vt 0 0.85625
vt 0 1
vt 1 1
vt 1 0.85625
vt 0 0.85625
vt 0 1
vt 0.04999999999999999 1
vt 0.04999999999999999 0.85625
vt 0 0.85625
vt 0 1
vt 1 1
vt 1 0.95
vt 0 0.95
vt 0 1
vt 1 1
vt 1 0.95
vt 0 0.95
vn 0 0 -1
vn 1 0 0
vn 0 0 1
vn -1 0 0
vn 0 1 0
vn 0 -1 0
usemtl m_c92716ef-70c0-0713-d1a3-52829f52fa10
f 44/124/31 47/123/31 45/122/31 42/121/31
f 43/128/32 44/127/32 42/126/32 41/125/32
f 48/132/33 43/131/33 41/130/33 46/129/33
f 47/136/34 48/135/34 46/134/34 45/133/34
f 46/140/35 41/139/35 42/138/35 45/137/35
f 47/144/36 44/143/36 43/142/36 48/141/36
o End apron -9.6
v -0.5499999999999999 0.875 0.375
v -0.5499999999999999 0.875 -0.375
v -0.5499999999999999 0.73125 0.375
v -0.5499999999999999 0.73125 -0.375
v -0.6 0.875 -0.375
v -0.6 0.875 0.375
v -0.6 0.73125 -0.375
v -0.6 0.73125 0.375
vt 0 1
vt 0.050000000000000044 1
vt 0.050000000000000044 0.85625
vt 0 0.85625
vt 0 1
vt 0.75 1
vt 0.75 0.85625
vt 0 0.85625
vt 0 1
vt 0.050000000000000044 1
vt 0.050000000000000044 0.85625
vt 0 0.85625
vt 0 1
vt 0.75 1
vt 0.75 0.85625
vt 0 0.85625
vt 0 1
vt 0.050000000000000044 1
vt 0.050000000000000044 0.25
vt 0 0.25
vt 0 1
vt 0.050000000000000044 1
vt 0.050000000000000044 0.25
vt 0 0.25
vn 0 0 -1
vn 1 0 0
vn 0 0 1
vn -1 0 0
vn 0 1 0
vn 0 -1 0
usemtl m_c92716ef-70c0-0713-d1a3-52829f52fa10
f 52/148/37 55/147/37 53/146/37 50/145/37
f 51/152/38 52/151/38 50/150/38 49/149/38
f 56/156/39 51/155/39 49/154/39 54/153/39
f 55/160/40 56/159/40 54/158/40 53/157/40
f 54/164/41 49/163/41 50/162/41 53/161/41
f 55/168/42 52/167/42 51/166/42 56/165/42
o End apron 8.8
v 0.6000000000000001 0.875 0.375
v 0.6000000000000001 0.875 -0.375
v 0.6000000000000001 0.73125 0.375
v 0.6000000000000001 0.73125 -0.375
v 0.55 0.875 -0.375
v 0.55 0.875 0.375
v 0.55 0.73125 -0.375
v 0.55 0.73125 0.375
vt 0 1
vt 0.050000000000000044 1
vt 0.050000000000000044 0.85625
vt 0 0.85625
vt 0 1
vt 0.75 1
vt 0.75 0.85625
vt 0 0.85625
vt 0 1
vt 0.050000000000000044 1
vt 0.050000000000000044 0.85625
vt 0 0.85625
vt 0 1
vt 0.75 1
vt 0.75 0.85625
vt 0 0.85625
vt 0 1
vt 0.050000000000000044 1
vt 0.050000000000000044 0.25
vt 0 0.25
vt 0 1
vt 0.050000000000000044 1
vt 0.050000000000000044 0.25
vt 0 0.25
vn 0 0 -1
vn 1 0 0
vn 0 0 1
vn -1 0 0
vn 0 1 0
vn 0 -1 0
usemtl m_c92716ef-70c0-0713-d1a3-52829f52fa10
f 60/172/43 63/171/43 61/170/43 58/169/43
f 59/176/44 60/175/44 58/174/44 57/173/44
f 64/180/45 59/179/45 57/178/45 62/177/45
f 63/184/46 64/183/46 62/182/46 61/181/46
f 62/188/47 57/187/47 58/186/47 61/185/47
f 63/192/48 60/191/48 59/190/48 64/189/48
o Oak countertop edge -12
v -0.7093750000000001 1.009375 0.521875
v -0.7093750000000001 1.009375 -0.521875
v -0.7093750000000001 0.9375 0.521875
v -0.7093750000000001 0.9375 -0.521875
v -0.75 1.009375 -0.521875
v -0.75 1.009375 0.521875
v -0.75 0.9375 -0.521875
v -0.75 0.9375 0.521875
vt 0 1
vt 0.04062500000000002 1
vt 0.04062500000000002 0.9281250000000001
vt 0 0.9281250000000001
vt 0 1
vt 1 1
vt 1 0.9281250000000001
vt 0 0.9281250000000001
vt 0 1
vt 0.04062500000000002 1
vt 0.04062500000000002 0.9281250000000001
vt 0 0.9281250000000001
vt 0 1
vt 1 1
vt 1 0.9281250000000001
vt 0 0.9281250000000001
vt 0 1
vt 0.04062500000000002 1
vt 0.04062500000000002 0
vt 0 0
vt 0 1
vt 0.04062500000000002 1
vt 0.04062500000000002 0
vt 0 0
vn 0 0 -1
vn 1 0 0
vn 0 0 1
vn -1 0 0
vn 0 1 0
vn 0 -1 0
usemtl m_1538f866-b198-6ddc-70f1-145addbfa7ab
f 68/196/49 71/195/49 69/194/49 66/193/49
f 67/200/50 68/199/50 66/198/50 65/197/50
f 72/204/51 67/203/51 65/202/51 70/201/51
f 71/208/52 72/207/52 70/206/52 69/205/52
f 70/212/53 65/211/53 66/210/53 69/209/53
f 71/216/54 68/215/54 67/214/54 72/213/54
o Oak countertop edge 11.35
v 0.75 1.009375 0.521875
v 0.75 1.009375 -0.521875
v 0.75 0.9375 0.521875
v 0.75 0.9375 -0.521875
v 0.7093750000000001 1.009375 -0.521875
v 0.7093750000000001 1.009375 0.521875
v 0.7093750000000001 0.9375 -0.521875
v 0.7093750000000001 0.9375 0.521875
vt 0 1
vt 0.04062500000000002 1
vt 0.04062500000000002 0.9281250000000001
vt 0 0.9281250000000001
vt 0 1
vt 1 1
vt 1 0.9281250000000001
vt 0 0.9281250000000001
vt 0 1
vt 0.04062500000000002 1
vt 0.04062500000000002 0.9281250000000001
vt 0 0.9281250000000001
vt 0 1
vt 1 1
vt 1 0.9281250000000001
vt 0 0.9281250000000001
vt 0 1
vt 0.04062500000000002 1
vt 0.04062500000000002 0
vt 0 0
vt 0 1
vt 0.04062500000000002 1
vt 0.04062500000000002 0
vt 0 0
vn 0 0 -1
vn 1 0 0
vn 0 0 1
vn -1 0 0
vn 0 1 0
vn 0 -1 0
usemtl m_1538f866-b198-6ddc-70f1-145addbfa7ab
f 76/220/55 79/219/55 77/218/55 74/217/55
f 75/224/56 76/223/56 74/222/56 73/221/56
f 80/228/57 75/227/57 73/226/57 78/225/57
f 79/232/58 80/231/58 78/230/58 77/229/58
f 78/236/59 73/235/59 74/234/59 77/233/59
f 79/240/60 76/239/60 75/238/60 80/237/60
o Leg -9.8 -6.8
v -0.46875 0.875 -0.28125
v -0.46875 0.875 -0.42500000000000004
v -0.46875 0 -0.28125
v -0.46875 0 -0.42500000000000004
v -0.6125 0.875 -0.42500000000000004
v -0.6125 0.875 -0.28125
v -0.6125 0 -0.42500000000000004
v -0.6125 0 -0.28125
vt 0 1
vt 0.14375 1
vt 0.14375 0.125
vt 0 0.125
vt 0 1
vt 0.14375 1
vt 0.14375 0.125
vt 0 0.125
vt 0 1
vt 0.14375 1
vt 0.14375 0.125
vt 0 0.125
vt 0 1
vt 0.14375 1
vt 0.14375 0.125
vt 0 0.125
vt 0 1
vt 0.14375 1
vt 0.14375 0.85625
vt 0 0.85625
vt 0 1
vt 0.14375 1
vt 0.14375 0.85625
vt 0 0.85625
vn 0 0 -1
vn 1 0 0
vn 0 0 1
vn -1 0 0
vn 0 1 0
vn 0 -1 0
usemtl m_1538f866-b198-6ddc-70f1-145addbfa7ab
f 84/244/61 87/243/61 85/242/61 82/241/61
f 83/248/62 84/247/62 82/246/62 81/245/62
f 88/252/63 83/251/63 81/250/63 86/249/63
f 87/256/64 88/255/64 86/254/64 85/253/64
f 86/260/65 81/259/65 82/258/65 85/257/65
f 87/264/66 84/263/66 83/262/66 88/261/66
o Leg -9.8 4.5
v -0.46875 0.875 0.42500000000000004
v -0.46875 0.875 0.28125
v -0.46875 0 0.42500000000000004
v -0.46875 0 0.28125
v -0.6125 0.875 0.28125
v -0.6125 0.875 0.42500000000000004
v -0.6125 0 0.28125
v -0.6125 0 0.42500000000000004
vt 0 1
vt 0.14375 1
vt 0.14375 0.125
vt 0 0.125
vt 0 1
vt 0.14375 1
vt 0.14375 0.125
vt 0 0.125
vt 0 1
vt 0.14375 1
vt 0.14375 0.125
vt 0 0.125
vt 0 1
vt 0.14375 1
vt 0.14375 0.125
vt 0 0.125
vt 0 1
vt 0.14375 1
vt 0.14375 0.85625
vt 0 0.85625
vt 0 1
vt 0.14375 1
vt 0.14375 0.85625
vt 0 0.85625
vn 0 0 -1
vn 1 0 0
vn 0 0 1
vn -1 0 0
vn 0 1 0
vn 0 -1 0
usemtl m_1538f866-b198-6ddc-70f1-145addbfa7ab
f 92/268/67 95/267/67 93/266/67 90/265/67
f 91/272/68 92/271/68 90/270/68 89/269/68
f 96/276/69 91/275/69 89/274/69 94/273/69
f 95/280/70 96/279/70 94/278/70 93/277/70
f 94/284/71 89/283/71 90/282/71 93/281/71
f 95/288/72 92/287/72 91/286/72 96/285/72
o Leg 7.5 -6.8
v 0.6125 0.875 -0.28125
v 0.6125 0.875 -0.42500000000000004
v 0.6125 0 -0.28125
v 0.6125 0 -0.42500000000000004
v 0.46875 0.875 -0.42500000000000004
v 0.46875 0.875 -0.28125
v 0.46875 0 -0.42500000000000004
v 0.46875 0 -0.28125
vt 0 1
vt 0.14375000000000004 1
vt 0.14375000000000004 0.125
vt 0 0.125
vt 0 1
vt 0.14375 1
vt 0.14375 0.125
vt 0 0.125
vt 0 1
vt 0.14375000000000004 1
vt 0.14375000000000004 0.125
vt 0 0.125
vt 0 1
vt 0.14375 1
vt 0.14375 0.125
vt 0 0.125
vt 0 1
vt 0.14375000000000004 1
vt 0.14375000000000004 0.85625
vt 0 0.85625
vt 0 1
vt 0.14375000000000004 1
vt 0.14375000000000004 0.85625
vt 0 0.85625
vn 0 0 -1
vn 1 0 0
vn 0 0 1
vn -1 0 0
vn 0 1 0
vn 0 -1 0
usemtl m_1538f866-b198-6ddc-70f1-145addbfa7ab
f 100/292/73 103/291/73 101/290/73 98/289/73
f 99/296/74 100/295/74 98/294/74 97/293/74
f 104/300/75 99/299/75 97/298/75 102/297/75
f 103/304/76 104/303/76 102/302/76 101/301/76
f 102/308/77 97/307/77 98/306/77 101/305/77
f 103/312/78 100/311/78 99/310/78 104/309/78
o Leg 7.5 4.5
v 0.6125 0.875 0.42500000000000004
v 0.6125 0.875 0.28125
v 0.6125 0 0.42500000000000004
v 0.6125 0 0.28125
v 0.46875 0.875 0.28125
v 0.46875 0.875 0.42500000000000004
v 0.46875 0 0.28125
v 0.46875 0 0.42500000000000004
vt 0 1
vt 0.14375000000000004 1
vt 0.14375000000000004 0.125
vt 0 0.125
vt 0 1
vt 0.14375 1
vt 0.14375 0.125
vt 0 0.125
vt 0 1
vt 0.14375000000000004 1
vt 0.14375000000000004 0.125
vt 0 0.125
vt 0 1
vt 0.14375 1
vt 0.14375 0.125
vt 0 0.125
vt 0 1
vt 0.14375000000000004 1
vt 0.14375000000000004 0.85625
vt 0 0.85625
vt 0 1
vt 0.14375000000000004 1
vt 0.14375000000000004 0.85625
vt 0 0.85625
vn 0 0 -1
vn 1 0 0
vn 0 0 1
vn -1 0 0
vn 0 1 0
vn 0 -1 0
usemtl m_1538f866-b198-6ddc-70f1-145addbfa7ab
f 108/316/79 111/315/79 109/314/79 106/313/79
f 107/320/80 108/319/80 106/318/80 105/317/80
f 112/324/81 107/323/81 105/322/81 110/321/81
f 111/328/82 112/327/82 110/326/82 109/325/82
f 110/332/83 105/331/83 106/330/83 109/329/83
f 111/336/84 108/335/84 107/334/84 112/333/84
o Lower shelf plank 0
v -0.328125 0.25625 0.34375
v -0.328125 0.25625 -0.34375
v -0.328125 0.21250000000000002 0.34375
v -0.328125 0.21250000000000002 -0.34375
v -0.5375 0.25625 -0.34375
v -0.5375 0.25625 0.34375
v -0.5375 0.21250000000000002 -0.34375
v -0.5375 0.21250000000000002 0.34375
vt 0 1
vt 0.20937499999999998 1
vt 0.20937499999999998 0.95625
vt 0 0.95625
vt 0 1
vt 0.6875 1
vt 0.6875 0.95625
vt 0 0.95625
vt 0 1
vt 0.20937499999999998 1
vt 0.20937499999999998 0.95625
vt 0 0.95625
vt 0 1
vt 0.6875 1
vt 0.6875 0.95625
vt 0 0.95625
vt 0 1
vt 0.20937499999999998 1
vt 0.20937499999999998 0.3125
vt 0 0.3125
vt 0 1
vt 0.20937499999999998 1
vt 0.20937499999999998 0.3125
vt 0 0.3125
vn 0 0 -1
vn 1 0 0
vn 0 0 1
vn -1 0 0
vn 0 1 0
vn 0 -1 0
usemtl m_1538f866-b198-6ddc-70f1-145addbfa7ab
f 116/340/85 119/339/85 117/338/85 114/337/85
f 115/344/86 116/343/86 114/342/86 113/341/86
f 120/348/87 115/347/87 113/346/87 118/345/87
f 119/352/88 120/351/88 118/350/88 117/349/88
f 118/356/89 113/355/89 114/354/89 117/353/89
f 119/360/90 116/359/90 115/358/90 120/357/90
o Lower shelf plank 1
v -0.11249999999999999 0.25625 0.34375
v -0.11249999999999999 0.25625 -0.34375
v -0.11249999999999999 0.21250000000000002 0.34375
v -0.11249999999999999 0.21250000000000002 -0.34375
v -0.32187499999999997 0.25625 -0.34375
v -0.32187499999999997 0.25625 0.34375
v -0.32187499999999997 0.21250000000000002 -0.34375
v -0.32187499999999997 0.21250000000000002 0.34375
vt 0 1
vt 0.20937499999999998 1
vt 0.20937499999999998 0.95625
vt 0 0.95625
vt 0 1
vt 0.6875 1
vt 0.6875 0.95625
vt 0 0.95625
vt 0 1
vt 0.20937499999999998 1
vt 0.20937499999999998 0.95625
vt 0 0.95625
vt 0 1
vt 0.6875 1
vt 0.6875 0.95625
vt 0 0.95625
vt 0 1
vt 0.20937499999999998 1
vt 0.20937499999999998 0.3125
vt 0 0.3125
vt 0 1
vt 0.20937499999999998 1
vt 0.20937499999999998 0.3125
vt 0 0.3125
vn 0 0 -1
vn 1 0 0
vn 0 0 1
vn -1 0 0
vn 0 1 0
vn 0 -1 0
usemtl m_1538f866-b198-6ddc-70f1-145addbfa7ab
f 124/364/91 127/363/91 125/362/91 122/361/91
f 123/368/92 124/367/92 122/366/92 121/365/92
f 128/372/93 123/371/93 121/370/93 126/369/93
f 127/376/94 128/375/94 126/374/94 125/373/94
f 126/380/95 121/379/95 122/378/95 125/377/95
f 127/384/96 124/383/96 123/382/96 128/381/96
o Lower shelf plank 2
v 0.10312500000000002 0.25625 0.34375
v 0.10312500000000002 0.25625 -0.34375
v 0.10312500000000002 0.21250000000000002 0.34375
v 0.10312500000000002 0.21250000000000002 -0.34375
v -0.10624999999999996 0.25625 -0.34375
v -0.10624999999999996 0.25625 0.34375
v -0.10624999999999996 0.21250000000000002 -0.34375
v -0.10624999999999996 0.21250000000000002 0.34375
vt 0 1
vt 0.20937499999999998 1
vt 0.20937499999999998 0.95625
vt 0 0.95625
vt 0 1
vt 0.6875 1
vt 0.6875 0.95625
vt 0 0.95625
vt 0 1
vt 0.20937499999999998 1
vt 0.20937499999999998 0.95625
vt 0 0.95625
vt 0 1
vt 0.6875 1
vt 0.6875 0.95625
vt 0 0.95625
vt 0 1
vt 0.20937499999999998 1
vt 0.20937499999999998 0.3125
vt 0 0.3125
vt 0 1
vt 0.20937499999999998 1
vt 0.20937499999999998 0.3125
vt 0 0.3125
vn 0 0 -1
vn 1 0 0
vn 0 0 1
vn -1 0 0
vn 0 1 0
vn 0 -1 0
usemtl m_1538f866-b198-6ddc-70f1-145addbfa7ab
f 132/388/97 135/387/97 133/386/97 130/385/97
f 131/392/98 132/391/98 130/390/98 129/389/98
f 136/396/99 131/395/99 129/394/99 134/393/99
f 135/400/100 136/399/100 134/398/100 133/397/100
f 134/404/101 129/403/101 130/402/101 133/401/101
f 135/408/102 132/407/102 131/406/102 136/405/102
o Lower shelf plank 3
v 0.3187500000000001 0.25625 0.34375
v 0.3187500000000001 0.25625 -0.34375
v 0.3187500000000001 0.21250000000000002 0.34375
v 0.3187500000000001 0.21250000000000002 -0.34375
v 0.10937500000000011 0.25625 -0.34375
v 0.10937500000000011 0.25625 0.34375
v 0.10937500000000011 0.21250000000000002 -0.34375
v 0.10937500000000011 0.21250000000000002 0.34375
vt 0 1
vt 0.20937499999999998 1
vt 0.20937499999999998 0.95625
vt 0 0.95625
vt 0 1
vt 0.6875 1
vt 0.6875 0.95625
vt 0 0.95625
vt 0 1
vt 0.20937499999999998 1
vt 0.20937499999999998 0.95625
vt 0 0.95625
vt 0 1
vt 0.6875 1
vt 0.6875 0.95625
vt 0 0.95625
vt 0 1
vt 0.20937499999999998 1
vt 0.20937499999999998 0.3125
vt 0 0.3125
vt 0 1
vt 0.20937499999999998 1
vt 0.20937499999999998 0.3125
vt 0 0.3125
vn 0 0 -1
vn 1 0 0
vn 0 0 1
vn -1 0 0
vn 0 1 0
vn 0 -1 0
usemtl m_1538f866-b198-6ddc-70f1-145addbfa7ab
f 140/412/103 143/411/103 141/410/103 138/409/103
f 139/416/104 140/415/104 138/414/104 137/413/104
f 144/420/105 139/419/105 137/418/105 142/417/105
f 143/424/106 144/423/106 142/422/106 141/421/106
f 142/428/107 137/427/107 138/426/107 141/425/107
f 143/432/108 140/431/108 139/430/108 144/429/108
o Lower shelf plank 4
v 0.534375 0.25625 0.34375
v 0.534375 0.25625 -0.34375
v 0.534375 0.21250000000000002 0.34375
v 0.534375 0.21250000000000002 -0.34375
v 0.32500000000000007 0.25625 -0.34375
v 0.32500000000000007 0.25625 0.34375
v 0.32500000000000007 0.21250000000000002 -0.34375
v 0.32500000000000007 0.21250000000000002 0.34375
vt 0 1
vt 0.20937499999999998 1
vt 0.20937499999999998 0.95625
vt 0 0.95625
vt 0 1
vt 0.6875 1
vt 0.6875 0.95625
vt 0 0.95625
vt 0 1
vt 0.20937499999999998 1
vt 0.20937499999999998 0.95625
vt 0 0.95625
vt 0 1
vt 0.6875 1
vt 0.6875 0.95625
vt 0 0.95625
vt 0 1
vt 0.20937499999999998 1
vt 0.20937499999999998 0.3125
vt 0 0.3125
vt 0 1
vt 0.20937499999999998 1
vt 0.20937499999999998 0.3125
vt 0 0.3125
vn 0 0 -1
vn 1 0 0
vn 0 0 1
vn -1 0 0
vn 0 1 0
vn 0 -1 0
usemtl m_1538f866-b198-6ddc-70f1-145addbfa7ab
f 148/436/109 151/435/109 149/434/109 146/433/109
f 147/440/110 148/439/110 146/438/110 145/437/110
f 152/444/111 147/443/111 145/442/111 150/441/111
f 151/448/112 152/447/112 150/446/112 149/445/112
f 150/452/113 145/451/113 146/450/113 149/449/113
f 151/456/114 148/455/114 147/454/114 152/453/114
o Knee brace -7-6.2
v -0.3412294466608792 0.7275576152597506 -0.340625
v -0.3412294466608792 0.7275576152597506 -0.3875
v -0.47745385029425264 0.533009004741115 -0.340625
v -0.47745385029425264 0.533009004741115 -0.3875
v -0.39754614970574736 0.766990995258885 -0.3875
v -0.39754614970574736 0.766990995258885 -0.340625
v -0.5337705533391208 0.5724423847402494 -0.3875
v -0.5337705533391208 0.5724423847402494 -0.340625
vt 0 1
vt 0.06874999999999998 1
vt 0.06874999999999998 0.7625
vt 0 0.7625
vt 0 1
vt 0.046875 1
vt 0.046875 0.7625
vt 0 0.7625
vt 0 1
vt 0.06874999999999998 1
vt 0.06874999999999998 0.7625
vt 0 0.7625
vt 0 1
vt 0.046875 1
vt 0.046875 0.7625
vt 0 0.7625
vt 0 1
vt 0.06874999999999998 1
vt 0.06874999999999998 0.953125
vt 0 0.953125
vt 0 1
vt 0.06874999999999998 1
vt 0.06874999999999998 0.953125
vt 0 0.953125
vn 0 0 -1
vn 0.8191520442889918 -0.573576436351046 0
vn 0 0 1
vn -0.8191520442889918 0.573576436351046 0
vn 0.573576436351046 0.8191520442889918 0
vn -0.573576436351046 -0.8191520442889918 0
usemtl m_1538f866-b198-6ddc-70f1-145addbfa7ab
f 156/460/115 159/459/115 157/458/115 154/457/115
f 155/464/116 156/463/116 154/462/116 153/461/116
f 160/468/117 155/467/117 153/466/117 158/465/117
f 159/472/118 160/471/118 158/470/118 157/469/118
f 158/476/119 153/475/119 154/474/119 157/473/119
f 159/480/120 156/479/120 155/478/120 160/477/120
o Knee brace -75.4
v -0.3412294466608792 0.7275576152597506 0.384375
v -0.3412294466608792 0.7275576152597506 0.3375
v -0.47745385029425264 0.533009004741115 0.384375
v -0.47745385029425264 0.533009004741115 0.3375
v -0.39754614970574736 0.766990995258885 0.3375
v -0.39754614970574736 0.766990995258885 0.384375
v -0.5337705533391208 0.5724423847402494 0.3375
v -0.5337705533391208 0.5724423847402494 0.384375
vt 0 1
vt 0.06874999999999998 1
vt 0.06874999999999998 0.7625
vt 0 0.7625
vt 0 1
vt 0.046875 1
vt 0.046875 0.7625
vt 0 0.7625
vt 0 1
vt 0.06874999999999998 1
vt 0.06874999999999998 0.7625
vt 0 0.7625
vt 0 1
vt 0.046875 1
vt 0.046875 0.7625
vt 0 0.7625
vt 0 1
vt 0.06874999999999998 1
vt 0.06874999999999998 0.953125
vt 0 0.953125
vt 0 1
vt 0.06874999999999998 1
vt 0.06874999999999998 0.953125
vt 0 0.953125
vn 0 0 -1
vn 0.8191520442889918 -0.573576436351046 0
vn 0 0 1
vn -0.8191520442889918 0.573576436351046 0
vn 0.573576436351046 0.8191520442889918 0
vn -0.573576436351046 -0.8191520442889918 0
usemtl m_1538f866-b198-6ddc-70f1-145addbfa7ab
f 164/484/121 167/483/121 165/482/121 162/481/121
f 163/488/122 164/487/122 162/486/122 161/485/122
f 168/492/123 163/491/123 161/490/123 166/489/123
f 167/496/124 168/495/124 166/494/124 165/493/124
f 166/500/125 161/499/125 162/498/125 165/497/125
f 167/504/126 164/503/126 163/502/126 168/501/126
o Knee brace 7-6.2
v 0.39754614970574736 0.766990995258885 -0.340625
v 0.39754614970574736 0.766990995258885 -0.3875
v 0.5337705533391208 0.5724423847402494 -0.340625
v 0.5337705533391208 0.5724423847402494 -0.3875
v 0.3412294466608792 0.7275576152597506 -0.3875
v 0.3412294466608792 0.7275576152597506 -0.340625
v 0.47745385029425264 0.533009004741115 -0.3875
v 0.47745385029425264 0.533009004741115 -0.340625
vt 0 1
vt 0.06874999999999998 1
vt 0.06874999999999998 0.7625
vt 0 0.7625
vt 0 1
vt 0.046875 1
vt 0.046875 0.7625
vt 0 0.7625
vt 0 1
vt 0.06874999999999998 1
vt 0.06874999999999998 0.7625
vt 0 0.7625
vt 0 1
vt 0.046875 1
vt 0.046875 0.7625
vt 0 0.7625
vt 0 1
vt 0.06874999999999998 1
vt 0.06874999999999998 0.953125
vt 0 0.953125
vt 0 1
vt 0.06874999999999998 1
vt 0.06874999999999998 0.953125
vt 0 0.953125
vn 0 0 -1
vn 0.8191520442889918 0.573576436351046 0
vn 0 0 1
vn -0.8191520442889918 -0.573576436351046 0
vn -0.573576436351046 0.8191520442889918 0
vn 0.573576436351046 -0.8191520442889918 0
usemtl m_1538f866-b198-6ddc-70f1-145addbfa7ab
f 172/508/127 175/507/127 173/506/127 170/505/127
f 171/512/128 172/511/128 170/510/128 169/509/128
f 176/516/129 171/515/129 169/514/129 174/513/129
f 175/520/130 176/519/130 174/518/130 173/517/130
f 174/524/131 169/523/131 170/522/131 173/521/131
f 175/528/132 172/527/132 171/526/132 176/525/132
o Knee brace 75.4
v 0.39754614970574736 0.766990995258885 0.384375
v 0.39754614970574736 0.766990995258885 0.3375
v 0.5337705533391208 0.5724423847402494 0.384375
v 0.5337705533391208 0.5724423847402494 0.3375
v 0.3412294466608792 0.7275576152597506 0.3375
v 0.3412294466608792 0.7275576152597506 0.384375
v 0.47745385029425264 0.533009004741115 0.3375
v 0.47745385029425264 0.533009004741115 0.384375
vt 0 1
vt 0.06874999999999998 1
vt 0.06874999999999998 0.7625
vt 0 0.7625
vt 0 1
vt 0.046875 1
vt 0.046875 0.7625
vt 0 0.7625
vt 0 1
vt 0.06874999999999998 1
vt 0.06874999999999998 0.7625
vt 0 0.7625
vt 0 1
vt 0.046875 1
vt 0.046875 0.7625
vt 0 0.7625
vt 0 1
vt 0.06874999999999998 1
vt 0.06874999999999998 0.953125
vt 0 0.953125
vt 0 1
vt 0.06874999999999998 1
vt 0.06874999999999998 0.953125
vt 0 0.953125
vn 0 0 -1
vn 0.8191520442889918 0.573576436351046 0
vn 0 0 1
vn -0.8191520442889918 -0.573576436351046 0
vn -0.573576436351046 0.8191520442889918 0
vn 0.573576436351046 -0.8191520442889918 0
usemtl m_1538f866-b198-6ddc-70f1-145addbfa7ab
f 180/532/133 183/531/133 181/530/133 178/529/133
f 179/536/134 180/535/134 178/534/134 177/533/134
f 184/540/135 179/539/135 177/538/135 182/537/135
f 183/544/136 184/543/136 182/542/136 181/541/136
f 182/548/137 177/547/137 178/546/137 181/545/137
f 183/552/138 180/551/138 179/550/138 184/549/138
o Foot -9.8 -6.8
v -0.459375 0.06875 -0.271875
v -0.459375 0.06875 -0.43437500000000007
v -0.459375 0 -0.271875
v -0.459375 0 -0.43437500000000007
v -0.6218750000000001 0.06875 -0.43437500000000007
v -0.6218750000000001 0.06875 -0.271875
v -0.6218750000000001 0 -0.43437500000000007
v -0.6218750000000001 0 -0.271875
vt 0 1
vt 0.16250000000000003 1
vt 0.16250000000000003 0.93125
vt 0 0.93125
vt 0 1
vt 0.16250000000000003 1
vt 0.16250000000000003 0.93125
vt 0 0.93125
vt 0 1
vt 0.16250000000000003 1
vt 0.16250000000000003 0.93125
vt 0 0.93125
vt 0 1
vt 0.16250000000000003 1
vt 0.16250000000000003 0.93125
vt 0 0.93125
vt 0 1
vt 0.16250000000000003 1
vt 0.16250000000000003 0.8374999999999999
vt 0 0.8374999999999999
vt 0 1
vt 0.16250000000000003 1
vt 0.16250000000000003 0.8374999999999999
vt 0 0.8374999999999999
vn 0 0 -1
vn 1 0 0
vn 0 0 1
vn -1 0 0
vn 0 1 0
vn 0 -1 0
usemtl m_b857fb66-1ffc-7849-b518-f1f88c078ca1
f 188/556/139 191/555/139 189/554/139 186/553/139
f 187/560/140 188/559/140 186/558/140 185/557/140
f 192/564/141 187/563/141 185/562/141 190/561/141
f 191/568/142 192/567/142 190/566/142 189/565/142
f 190/572/143 185/571/143 186/570/143 189/569/143
f 191/576/144 188/575/144 187/574/144 192/573/144
o Foot -9.8 4.5
v -0.459375 0.06875 0.43437500000000007
v -0.459375 0.06875 0.271875
v -0.459375 0 0.43437500000000007
v -0.459375 0 0.271875
v -0.6218750000000001 0.06875 0.271875
v -0.6218750000000001 0.06875 0.43437500000000007
v -0.6218750000000001 0 0.271875
v -0.6218750000000001 0 0.43437500000000007
vt 0 1
vt 0.16250000000000003 1
vt 0.16250000000000003 0.93125
vt 0 0.93125
vt 0 1
vt 0.16250000000000003 1
vt 0.16250000000000003 0.93125
vt 0 0.93125
vt 0 1
vt 0.16250000000000003 1
vt 0.16250000000000003 0.93125
vt 0 0.93125
vt 0 1
vt 0.16250000000000003 1
vt 0.16250000000000003 0.93125
vt 0 0.93125
vt 0 1
vt 0.16250000000000003 1
vt 0.16250000000000003 0.8374999999999999
vt 0 0.8374999999999999
vt 0 1
vt 0.16250000000000003 1
vt 0.16250000000000003 0.8374999999999999
vt 0 0.8374999999999999
vn 0 0 -1
vn 1 0 0
vn 0 0 1
vn -1 0 0
vn 0 1 0
vn 0 -1 0
usemtl m_b857fb66-1ffc-7849-b518-f1f88c078ca1
f 196/580/145 199/579/145 197/578/145 194/577/145
f 195/584/146 196/583/146 194/582/146 193/581/146
f 200/588/147 195/587/147 193/586/147 198/585/147
f 199/592/148 200/591/148 198/590/148 197/589/148
f 198/596/149 193/595/149 194/594/149 197/593/149
f 199/600/150 196/599/150 195/598/150 200/597/150
o Foot 7.5 -6.8
v 0.621875 0.06875 -0.271875
v 0.621875 0.06875 -0.43437500000000007
v 0.621875 0 -0.271875
v 0.621875 0 -0.43437500000000007
v 0.4593749999999999 0.06875 -0.43437500000000007
v 0.4593749999999999 0.06875 -0.271875
v 0.4593749999999999 0 -0.43437500000000007
v 0.4593749999999999 0 -0.271875
vt 0 1
vt 0.16249999999999998 1
vt 0.16249999999999998 0.93125
vt 0 0.93125
vt 0 1
vt 0.16250000000000003 1
vt 0.16250000000000003 0.93125
vt 0 0.93125
vt 0 1
vt 0.16249999999999998 1
vt 0.16249999999999998 0.93125
vt 0 0.93125
vt 0 1
vt 0.16250000000000003 1
vt 0.16250000000000003 0.93125
vt 0 0.93125
vt 0 1
vt 0.16249999999999998 1
vt 0.16249999999999998 0.8374999999999999
vt 0 0.8374999999999999
vt 0 1
vt 0.16249999999999998 1
vt 0.16249999999999998 0.8374999999999999
vt 0 0.8374999999999999
vn 0 0 -1
vn 1 0 0
vn 0 0 1
vn -1 0 0
vn 0 1 0
vn 0 -1 0
usemtl m_b857fb66-1ffc-7849-b518-f1f88c078ca1
f 204/604/151 207/603/151 205/602/151 202/601/151
f 203/608/152 204/607/152 202/606/152 201/605/152
f 208/612/153 203/611/153 201/610/153 206/609/153
f 207/616/154 208/615/154 206/614/154 205/613/154
f 206/620/155 201/619/155 202/618/155 205/617/155
f 207/624/156 204/623/156 203/622/156 208/621/156
o Foot 7.5 4.5
v 0.621875 0.06875 0.43437500000000007
v 0.621875 0.06875 0.271875
v 0.621875 0 0.43437500000000007
v 0.621875 0 0.271875
v 0.4593749999999999 0.06875 0.271875
v 0.4593749999999999 0.06875 0.43437500000000007
v 0.4593749999999999 0 0.271875
v 0.4593749999999999 0 0.43437500000000007
vt 0 1
vt 0.16249999999999998 1
vt 0.16249999999999998 0.93125
vt 0 0.93125
vt 0 1
vt 0.16250000000000003 1
vt 0.16250000000000003 0.93125
vt 0 0.93125
vt 0 1
vt 0.16249999999999998 1
vt 0.16249999999999998 0.93125
vt 0 0.93125
vt 0 1
vt 0.16250000000000003 1
vt 0.16250000000000003 0.93125
vt 0 0.93125
vt 0 1
vt 0.16249999999999998 1
vt 0.16249999999999998 0.8374999999999999
vt 0 0.8374999999999999
vt 0 1
vt 0.16249999999999998 1
vt 0.16249999999999998 0.8374999999999999
vt 0 0.8374999999999999
vn 0 0 -1
vn 1 0 0
vn 0 0 1
vn -1 0 0
vn 0 1 0
vn 0 -1 0
usemtl m_b857fb66-1ffc-7849-b518-f1f88c078ca1
f 212/628/157 215/627/157 213/626/157 210/625/157
f 211/632/158 212/631/158 210/630/158 209/629/158
f 216/636/159 211/635/159 209/634/159 214/633/159
f 215/640/160 216/639/160 214/638/160 213/637/160
f 214/644/161 209/643/161 210/642/161 213/641/161
f 215/648/162 212/647/162 211/646/162 216/645/162
o Shelf rim -5.8
v 0.5625 0.26875 -0.33125
v 0.5625 0.26875 -0.3625
v 0.5625 0.1875 -0.33125
v 0.5625 0.1875 -0.3625
v -0.5625 0.26875 -0.3625
v -0.5625 0.26875 -0.33125
v -0.5625 0.1875 -0.3625
v -0.5625 0.1875 -0.33125
vt 0 1
vt 1 1
vt 1 0.91875
vt 0 0.91875
vt 0 1
vt 0.03125 1
vt 0.03125 0.91875
vt 0 0.91875
vt 0 1
vt 1 1
vt 1 0.91875
vt 0 0.91875
vt 0 1
vt 0.03125 1
vt 0.03125 0.91875
vt 0 0.91875
vt 0 1
vt 1 1
vt 1 0.96875
vt 0 0.96875
vt 0 1
vt 1 1
vt 1 0.96875
vt 0 0.96875
vn 0 0 -1
vn 1 0 0
vn 0 0 1
vn -1 0 0
vn 0 1 0
vn 0 -1 0
usemtl m_c92716ef-70c0-0713-d1a3-52829f52fa10
f 220/652/163 223/651/163 221/650/163 218/649/163
f 219/656/164 220/655/164 218/654/164 217/653/164
f 224/660/165 219/659/165 217/658/165 222/657/165
f 223/664/166 224/663/166 222/662/166 221/661/166
f 222/668/167 217/667/167 218/666/167 221/665/167
f 223/672/168 220/671/168 219/670/168 224/669/168
o Shelf rim 5.3
v 0.5625 0.26875 0.3625
v 0.5625 0.26875 0.33125
v 0.5625 0.1875 0.3625
v 0.5625 0.1875 0.33125
v -0.5625 0.26875 0.33125
v -0.5625 0.26875 0.3625
v -0.5625 0.1875 0.33125
v -0.5625 0.1875 0.3625
vt 0 1
vt 1 1
vt 1 0.91875
vt 0 0.91875
vt 0 1
vt 0.03125 1
vt 0.03125 0.91875
vt 0 0.91875
vt 0 1
vt 1 1
vt 1 0.91875
vt 0 0.91875
vt 0 1
vt 0.03125 1
vt 0.03125 0.91875
vt 0 0.91875
vt 0 1
vt 1 1
vt 1 0.96875
vt 0 0.96875
vt 0 1
vt 1 1
vt 1 0.96875
vt 0 0.96875
vn 0 0 -1
vn 1 0 0
vn 0 0 1
vn -1 0 0
vn 0 1 0
vn 0 -1 0
usemtl m_c92716ef-70c0-0713-d1a3-52829f52fa10
f 228/676/169 231/675/169 229/674/169 226/673/169
f 227/680/170 228/679/170 226/678/170 225/677/170
f 232/684/171 227/683/171 225/682/171 230/681/171
f 231/688/172 232/687/172 230/686/172 229/685/172
f 230/692/173 225/691/173 226/690/173 229/689/173
f 231/696/174 228/695/174 227/694/174 232/693/174
o Stored juice jar 0
v -0.125 0.41875 0
v -0.125 0.25625000000000003 0
v -0.065625 0.41875 0
v -0.065625 0.25625000000000003 0
v -0.08301553486704874 0.41875 0.04198446513295125
v -0.08301553486704874 0.25625000000000003 0.04198446513295125
v -0.125 0.41875 0.059375
v -0.125 0.25625000000000003 0.059375
v -0.16698446513295126 0.41875 0.04198446513295126
v -0.16698446513295126 0.25625000000000003 0.04198446513295126
v -0.184375 0.41875 7.271340369937409e-18
v -0.184375 0.25625000000000003 7.271340369937409e-18
v -0.16698446513295126 0.41875 -0.04198446513295125
v -0.16698446513295126 0.25625000000000003 -0.04198446513295125
v -0.125 0.41875 -0.059375
v -0.125 0.25625000000000003 -0.059375
v -0.08301553486704875 0.41875 -0.04198446513295127
v -0.08301553486704875 0.25625000000000003 -0.04198446513295127
vt 0 1
vt 0 1
vt 0 1
vt 0 1
vt 0 1
vt 0 1
vt 0 1
vt 0 1
vt 0 1
vt 0 1
vt 0 1
vt 0 1
vt 0 1
vt 0 1
vt 0 1
vt 0 1
vt 0 1
vt 0 1
vt 0 1
vt 0 1
vt 0 1
vt 0 1
vt 0 1
vt 0 1
vt 0 1
vt 0 1
vt 0 1
vt 0 1
vt 0 1
vt 0 1
vt 0 1
vt 0 1
vt 0 1
vt 0 1
vt 0 1
vt 0 1
vt 0 1
vt 0 1
vt 0 1
vt 0 1
vt 0 1
vt 0 1
vt 0 1
vt 0 1
vt 0 1
vt 0 1
vt 0 1
vt 0 1
vt 0 1
vt 0 1
vt 0 1
vt 0 1
vt 0 1
vt 0 1
vt 0 1
vt 0 1
vt 0 1
vt 0 1
vt 0 1
vt 0 1
vt 0 1
vt 0 1
vt 0 1
vt 0 1
vt 0 1
vt 0 1
vt 0 1
vt 0 1
vt 0 1
vt 0 1
vt 0 1
vt 0 1
vt 0 1
vt 0 1
vt 0 1
vt 0 1
vt 0 1
vt 0 1
vt 0 1
vt 0 1
vn 0.9238795325112867 0 0.3826834323650897
vn 0 1 0
vn 0 -1 0
vn 0.3826834323650899 0 0.9238795325112867
vn 0 1 0
vn 0 -1 0
vn -0.3826834323650898 0 0.923879532511287
vn 0 1 0
vn 0 -1 0
vn -0.9238795325112867 0 0.3826834323650899
vn 0 1 0
vn 0 -1 0
vn -0.9238795325112868 0 -0.38268343236508956
vn 0 1 0
vn 0 -1 0
vn -0.3826834323650899 0 -0.9238795325112867
vn 0 1 0
vn 0 -1 0
vn 0.38268343236508956 0 -0.9238795325112868
vn 0 1 0
vn 0 -1 0
vn 0.9238795325112867 0 -0.3826834323650899
vn 0 1 0
vn 0 -1 0
usemtl m_719a2801-c655-ef30-226f-ce277e99db15
f 235/697/175 237/698/175 238/699/175 236/700/175
f 237/701/176 235/702/176 233/703/176
f 236/704/177 238/705/177 234/706/177
f 237/707/178 239/708/178 240/709/178 238/710/178
f 239/711/179 237/712/179 233/713/179
f 238/714/180 240/715/180 234/716/180
f 239/717/181 241/718/181 242/719/181 240/720/181
f 241/721/182 239/722/182 233/723/182
f 240/724/183 242/725/183 234/726/183
f 241/727/184 243/728/184 244/729/184 242/730/184
f 243/731/185 241/732/185 233/733/185
f 242/734/186 244/735/186 234/736/186
f 243/737/187 245/738/187 246/739/187 244/740/187
f 245/741/188 243/742/188 233/743/188
f 244/744/189 246/745/189 234/746/189
f 245/747/190 247/748/190 248/749/190 246/750/190
f 247/751/191 245/752/191 233/753/191
f 246/754/192 248/755/192 234/756/192
f 247/757/193 249/758/193 250/759/193 248/760/193
f 249/761/194 247/762/194 233/763/194
f 248/764/195 250/765/195 234/766/195
f 249/767/196 235/768/196 236/769/196 250/770/196
f 235/771/197 249/772/197 233/773/197
f 250/774/198 236/775/198 234/776/198
o Storage jar lid 0
v -0.125 0.46875 0
v -0.125 0.40625 0
v -0.0625 0.46875 0
v -0.0625 0.40625 0
v -0.08080582617584078 0.46875 0.044194173824159216
v -0.08080582617584078 0.40625 0.044194173824159216
v -0.125 0.46875 0.0625
v -0.125 0.40625 0.0625
v -0.16919417382415922 0.46875 0.04419417382415922
v -0.16919417382415922 0.40625 0.04419417382415922
v -0.1875 0.46875 7.654042494670958e-18
v -0.1875 0.40625 7.654042494670958e-18
v -0.16919417382415924 0.46875 -0.044194173824159216
v -0.16919417382415924 0.40625 -0.044194173824159216
v -0.125 0.46875 -0.0625
v -0.125 0.40625 -0.0625
v -0.08080582617584078 0.46875 -0.04419417382415923
v -0.08080582617584078 0.40625 -0.04419417382415923
vt 0 1
vt 0 1
vt 0 1
vt 0 1
vt 0 1
vt 0 1
vt 0 1
vt 0 1
vt 0 1
vt 0 1
vt 0 1
vt 0 1
vt 0 1
vt 0 1
vt 0 1
vt 0 1
vt 0 1
vt 0 1
vt 0 1
vt 0 1
vt 0 1
vt 0 1
vt 0 1
vt 0 1
vt 0 1
vt 0 1
vt 0 1
vt 0 1
vt 0 1
vt 0 1
vt 0 1
vt 0 1
vt 0 1
vt 0 1
vt 0 1
vt 0 1
vt 0 1
vt 0 1
vt 0 1
vt 0 1
vt 0 1
vt 0 1
vt 0 1
vt 0 1
vt 0 1
vt 0 1
vt 0 1
vt 0 1
vt 0 1
vt 0 1
vt 0 1
vt 0 1
vt 0 1
vt 0 1
vt 0 1
vt 0 1
vt 0 1
vt 0 1
vt 0 1
vt 0 1
vt 0 1
vt 0 1
vt 0 1
vt 0 1
vt 0 1
vt 0 1
vt 0 1
vt 0 1
vt 0 1
vt 0 1
vt 0 1
vt 0 1
vt 0 1
vt 0 1
vt 0 1
vt 0 1
vt 0 1
vt 0 1
vt 0 1
vt 0 1
vn 0.9238795325112867 0 0.3826834323650898
vn 0 1 0
vn 0 -1 0
vn 0.3826834323650899 0 0.9238795325112867
vn 0 1 0
vn 0 -1 0
vn -0.3826834323650898 0 0.9238795325112868
vn 0 1 0
vn 0 -1 0
vn -0.9238795325112867 0 0.3826834323650899
vn 0 1 0
vn 0 -1 0
vn -0.9238795325112868 0 -0.38268343236508956
vn 0 1 0
vn 0 -1 0
vn -0.3826834323650899 0 -0.9238795325112867
vn 0 1 0
vn 0 -1 0
vn 0.38268343236508956 0 -0.9238795325112868
vn 0 1 0
vn 0 -1 0
vn 0.9238795325112868 0 -0.38268343236509
vn 0 1 0
vn 0 -1 0
usemtl m_d8f9e20d-cb26-cbd2-2d92-4056c16cacbf
f 253/777/199 255/778/199 256/779/199 254/780/199
f 255/781/200 253/782/200 251/783/200
f 254/784/201 256/785/201 252/786/201
f 255/787/202 257/788/202 258/789/202 256/790/202
f 257/791/203 255/792/203 251/793/203
f 256/794/204 258/795/204 252/796/204
f 257/797/205 259/798/205 260/799/205 258/800/205
f 259/801/206 257/802/206 251/803/206
f 258/804/207 260/805/207 252/806/207
f 259/807/208 261/808/208 262/809/208 260/810/208
f 261/811/209 259/812/209 251/813/209
f 260/814/210 262/815/210 252/816/210
f 261/817/211 263/818/211 264/819/211 262/820/211
f 263/821/212 261/822/212 251/823/212
f 262/824/213 264/825/213 252/826/213
f 263/827/214 265/828/214 266/829/214 264/830/214
f 265/831/215 263/832/215 251/833/215
f 264/834/216 266/835/216 252/836/216
f 265/837/217 267/838/217 268/839/217 266/840/217
f 267/841/218 265/842/218 251/843/218
f 266/844/219 268/845/219 252/846/219
f 267/847/220 253/848/220 254/849/220 268/850/220
f 253/851/221 267/852/221 251/853/221
f 268/854/222 254/855/222 252/856/222
o Storage jar lid 1
v 0.03125 0.46875 0
v 0.03125 0.40625 0
v 0.09375 0.46875 0
v 0.09375 0.40625 0
v 0.07544417382415922 0.46875 0.044194173824159216
v 0.07544417382415922 0.40625 0.044194173824159216
v 0.03125000000000001 0.46875 0.0625
v 0.03125000000000001 0.40625 0.0625
v -0.012944173824159216 0.46875 0.04419417382415922
v -0.012944173824159216 0.40625 0.04419417382415922
v -0.03125 0.46875 7.654042494670958e-18
v -0.03125 0.40625 7.654042494670958e-18
v -0.01294417382415923 0.46875 -0.044194173824159216
v -0.01294417382415923 0.40625 -0.044194173824159216
v 0.03124999999999999 0.46875 -0.0625
v 0.03124999999999999 0.40625 -0.0625
v 0.07544417382415922 0.46875 -0.04419417382415923
v 0.07544417382415922 0.40625 -0.04419417382415923
vt 0 1
vt 0 1
vt 0 1
vt 0 1
vt 0 1
vt 0 1
vt 0 1
vt 0 1
vt 0 1
vt 0 1
vt 0 1
vt 0 1
vt 0 1
vt 0 1
vt 0 1
vt 0 1
vt 0 1
vt 0 1
vt 0 1
vt 0 1
vt 0 1
vt 0 1
vt 0 1
vt 0 1
vt 0 1
vt 0 1
vt 0 1
vt 0 1
vt 0 1
vt 0 1
vt 0 1
vt 0 1
vt 0 1
vt 0 1
vt 0 1
vt 0 1
vt 0 1
vt 0 1
vt 0 1
vt 0 1
vt 0 1
vt 0 1
vt 0 1
vt 0 1
vt 0 1
vt 0 1
vt 0 1
vt 0 1
vt 0 1
vt 0 1
vt 0 1
vt 0 1
vt 0 1
vt 0 1
vt 0 1
vt 0 1
vt 0 1
vt 0 1
vt 0 1
vt 0 1
vt 0 1
vt 0 1
vt 0 1
vt 0 1
vt 0 1
vt 0 1
vt 0 1
vt 0 1
vt 0 1
vt 0 1
vt 0 1
vt 0 1
vt 0 1
vt 0 1
vt 0 1
vt 0 1
vt 0 1
vt 0 1
vt 0 1
vt 0 1
vn 0.9238795325112867 0 0.3826834323650898
vn 0 1 0
vn 0 -1 0
vn 0.3826834323650899 0 0.9238795325112867
vn 0 1 0
vn 0 -1 0
vn -0.3826834323650898 0 0.9238795325112868
vn 0 1 0
vn 0 -1 0
vn -0.9238795325112867 0 0.3826834323650899
vn 0 1 0
vn 0 -1 0
vn -0.9238795325112868 0 -0.38268343236508956
vn 0 1 0
vn 0 -1 0
vn -0.3826834323650899 0 -0.9238795325112867
vn 0 1 0
vn 0 -1 0
vn 0.38268343236508956 0 -0.9238795325112868
vn 0 1 0
vn 0 -1 0
vn 0.9238795325112868 0 -0.38268343236509
vn 0 1 0
vn 0 -1 0
usemtl m_d8f9e20d-cb26-cbd2-2d92-4056c16cacbf
f 271/857/223 273/858/223 274/859/223 272/860/223
f 273/861/224 271/862/224 269/863/224
f 272/864/225 274/865/225 270/866/225
f 273/867/226 275/868/226 276/869/226 274/870/226
f 275/871/227 273/872/227 269/873/227
f 274/874/228 276/875/228 270/876/228
f 275/877/229 277/878/229 278/879/229 276/880/229
f 277/881/230 275/882/230 269/883/230
f 276/884/231 278/885/231 270/886/231
f 277/887/232 279/888/232 280/889/232 278/890/232
f 279/891/233 277/892/233 269/893/233
f 278/894/234 280/895/234 270/896/234
f 279/897/235 281/898/235 282/899/235 280/900/235
f 281/901/236 279/902/236 269/903/236
f 280/904/237 282/905/237 270/906/237
f 281/907/238 283/908/238 284/909/238 282/910/238
f 283/911/239 281/912/239 269/913/239
f 282/914/240 284/915/240 270/916/240
f 283/917/241 285/918/241 286/919/241 284/920/241
f 285/921/242 283/922/242 269/923/242
f 284/924/243 286/925/243 270/926/243
f 285/927/244 271/928/244 272/929/244 286/930/244
f 271/931/245 285/932/245 269/933/245
f 286/934/246 272/935/246 270/936/246
o Storage jar lid 2
v 0.1875 0.46875 0
v 0.1875 0.40625 0
v 0.25 0.46875 0
v 0.25 0.40625 0
v 0.23169417382415922 0.46875 0.044194173824159216
v 0.23169417382415922 0.40625 0.044194173824159216
v 0.1875 0.46875 0.0625
v 0.1875 0.40625 0.0625
v 0.14330582617584078 0.46875 0.04419417382415922
v 0.14330582617584078 0.40625 0.04419417382415922
v 0.125 0.46875 7.654042494670958e-18
v 0.125 0.40625 7.654042494670958e-18
v 0.14330582617584076 0.46875 -0.044194173824159216
v 0.14330582617584076 0.40625 -0.044194173824159216
v 0.1875 0.46875 -0.0625
v 0.1875 0.40625 -0.0625
v 0.23169417382415922 0.46875 -0.04419417382415923
v 0.23169417382415922 0.40625 -0.04419417382415923
vt 0 1
vt 0 1
vt 0 1
vt 0 1
vt 0 1
vt 0 1
vt 0 1
vt 0 1
vt 0 1
vt 0 1
vt 0 1
vt 0 1
vt 0 1
vt 0 1
vt 0 1
vt 0 1
vt 0 1
vt 0 1
vt 0 1
vt 0 1
vt 0 1
vt 0 1
vt 0 1
vt 0 1
vt 0 1
vt 0 1
vt 0 1
vt 0 1
vt 0 1
vt 0 1
vt 0 1
vt 0 1
vt 0 1
vt 0 1
vt 0 1
vt 0 1
vt 0 1
vt 0 1
vt 0 1
vt 0 1
vt 0 1
vt 0 1
vt 0 1
vt 0 1
vt 0 1
vt 0 1
vt 0 1
vt 0 1
vt 0 1
vt 0 1
vt 0 1
vt 0 1
vt 0 1
vt 0 1
vt 0 1
vt 0 1
vt 0 1
vt 0 1
vt 0 1
vt 0 1
vt 0 1
vt 0 1
vt 0 1
vt 0 1
vt 0 1
vt 0 1
vt 0 1
vt 0 1
vt 0 1
vt 0 1
vt 0 1
vt 0 1
vt 0 1
vt 0 1
vt 0 1
vt 0 1
vt 0 1
vt 0 1
vt 0 1
vt 0 1
vn 0.9238795325112867 0 0.3826834323650898
vn 0 1 0
vn 0 -1 0
vn 0.3826834323650899 0 0.9238795325112867
vn 0 1 0
vn 0 -1 0
vn -0.3826834323650898 0 0.9238795325112868
vn 0 1 0
vn 0 -1 0
vn -0.9238795325112867 0 0.3826834323650899
vn 0 1 0
vn 0 -1 0
vn -0.9238795325112868 0 -0.38268343236508956
vn 0 1 0
vn 0 -1 0
vn -0.3826834323650899 0 -0.9238795325112867
vn 0 1 0
vn 0 -1 0
vn 0.38268343236508956 0 -0.9238795325112868
vn 0 1 0
vn 0 -1 0
vn 0.9238795325112868 0 -0.38268343236509
vn 0 1 0
vn 0 -1 0
usemtl m_d8f9e20d-cb26-cbd2-2d92-4056c16cacbf
f 289/937/247 291/938/247 292/939/247 290/940/247
f 291/941/248 289/942/248 287/943/248
f 290/944/249 292/945/249 288/946/249
f 291/947/250 293/948/250 294/949/250 292/950/250
f 293/951/251 291/952/251 287/953/251
f 292/954/252 294/955/252 288/956/252
f 293/957/253 295/958/253 296/959/253 294/960/253
f 295/961/254 293/962/254 287/963/254
f 294/964/255 296/965/255 288/966/255
f 295/967/256 297/968/256 298/969/256 296/970/256
f 297/971/257 295/972/257 287/973/257
f 296/974/258 298/975/258 288/976/258
f 297/977/259 299/978/259 300/979/259 298/980/259
f 299/981/260 297/982/260 287/983/260
f 298/984/261 300/985/261 288/986/261
f 299/987/262 301/988/262 302/989/262 300/990/262
f 301/991/263 299/992/263 287/993/263
f 300/994/264 302/995/264 288/996/264
f 301/997/265 303/998/265 304/999/265 302/1000/265
f 303/1001/266 301/1002/266 287/1003/266
f 302/1004/267 304/1005/267 288/1006/267
f 303/1007/268 289/1008/268 290/1009/268 304/1010/268
f 289/1011/269 303/1012/269 287/1013/269
f 304/1014/270 290/1015/270 288/1016/270
o Stored juice jar 1
v 0.03125 0.41875 0
v 0.03125 0.25625000000000003 0
v 0.090625 0.41875 0
v 0.090625 0.25625000000000003 0
v 0.07323446513295126 0.41875 0.04198446513295125
v 0.07323446513295126 0.25625000000000003 0.04198446513295125
v 0.03125000000000001 0.41875 0.059375
v 0.03125000000000001 0.25625000000000003 0.059375
v -0.010734465132951253 0.41875 0.04198446513295126
v -0.010734465132951253 0.25625000000000003 0.04198446513295126
v -0.028124999999999997 0.41875 7.271340369937409e-18
v -0.028124999999999997 0.25625000000000003 7.271340369937409e-18
v -0.010734465132951267 0.41875 -0.04198446513295125
v -0.010734465132951267 0.25625000000000003 -0.04198446513295125
v 0.03124999999999999 0.41875 -0.059375
v 0.03124999999999999 0.25625000000000003 -0.059375
v 0.07323446513295125 0.41875 -0.04198446513295127
v 0.07323446513295125 0.25625000000000003 -0.04198446513295127
vt 0 1
vt 0 1
vt 0 1
vt 0 1
vt 0 1
vt 0 1
vt 0 1
vt 0 1
vt 0 1
vt 0 1
vt 0 1
vt 0 1
vt 0 1
vt 0 1
vt 0 1
vt 0 1
vt 0 1
vt 0 1
vt 0 1
vt 0 1
vt 0 1
vt 0 1
vt 0 1
vt 0 1
vt 0 1
vt 0 1
vt 0 1
vt 0 1
vt 0 1
vt 0 1
vt 0 1
vt 0 1
vt 0 1
vt 0 1
vt 0 1
vt 0 1
vt 0 1
vt 0 1
vt 0 1
vt 0 1
vt 0 1
vt 0 1
vt 0 1
vt 0 1
vt 0 1
vt 0 1
vt 0 1
vt 0 1
vt 0 1
vt 0 1
vt 0 1
vt 0 1
vt 0 1
vt 0 1
vt 0 1
vt 0 1
vt 0 1
vt 0 1
vt 0 1
vt 0 1
vt 0 1
vt 0 1
vt 0 1
vt 0 1
vt 0 1
vt 0 1
vt 0 1
vt 0 1
vt 0 1
vt 0 1
vt 0 1
vt 0 1
vt 0 1
vt 0 1
vt 0 1
vt 0 1
vt 0 1
vt 0 1
vt 0 1
vt 0 1
vn 0.9238795325112867 0 0.3826834323650897
vn 0 1 0
vn 0 -1 0
vn 0.3826834323650899 0 0.9238795325112867
vn 0 1 0
vn 0 -1 0
vn -0.3826834323650898 0 0.923879532511287
vn 0 1 0
vn 0 -1 0
vn -0.9238795325112867 0 0.3826834323650899
vn 0 1 0
vn 0 -1 0
vn -0.9238795325112868 0 -0.38268343236508956
vn 0 1 0
vn 0 -1 0
vn -0.3826834323650899 0 -0.9238795325112867
vn 0 1 0
vn 0 -1 0
vn 0.38268343236508956 0 -0.9238795325112868
vn 0 1 0
vn 0 -1 0
vn 0.9238795325112867 0 -0.3826834323650899
vn 0 1 0
vn 0 -1 0
usemtl m_b83b7468-8436-3cb0-decf-adb6c57c521d
f 307/1017/271 309/1018/271 310/1019/271 308/1020/271
f 309/1021/272 307/1022/272 305/1023/272
f 308/1024/273 310/1025/273 306/1026/273
f 309/1027/274 311/1028/274 312/1029/274 310/1030/274
f 311/1031/275 309/1032/275 305/1033/275
f 310/1034/276 312/1035/276 306/1036/276
f 311/1037/277 313/1038/277 314/1039/277 312/1040/277
f 313/1041/278 311/1042/278 305/1043/278
f 312/1044/279 314/1045/279 306/1046/279
f 313/1047/280 315/1048/280 316/1049/280 314/1050/280
f 315/1051/281 313/1052/281 305/1053/281
f 314/1054/282 316/1055/282 306/1056/282
f 315/1057/283 317/1058/283 318/1059/283 316/1060/283
f 317/1061/284 315/1062/284 305/1063/284
f 316/1064/285 318/1065/285 306/1066/285
f 317/1067/286 319/1068/286 320/1069/286 318/1070/286
f 319/1071/287 317/1072/287 305/1073/287
f 318/1074/288 320/1075/288 306/1076/288
f 319/1077/289 321/1078/289 322/1079/289 320/1080/289
f 321/1081/290 319/1082/290 305/1083/290
f 320/1084/291 322/1085/291 306/1086/291
f 321/1087/292 307/1088/292 308/1089/292 322/1090/292
f 307/1091/293 321/1092/293 305/1093/293
f 322/1094/294 308/1095/294 306/1096/294
o Stored juice jar 2
v 0.1875 0.41875 0
v 0.1875 0.25625000000000003 0
v 0.246875 0.41875 0
v 0.246875 0.25625000000000003 0
v 0.22948446513295126 0.41875 0.04198446513295125
v 0.22948446513295126 0.25625000000000003 0.04198446513295125
v 0.1875 0.41875 0.059375
v 0.1875 0.25625000000000003 0.059375
v 0.14551553486704874 0.41875 0.04198446513295126
v 0.14551553486704874 0.25625000000000003 0.04198446513295126
v 0.128125 0.41875 7.271340369937409e-18
v 0.128125 0.25625000000000003 7.271340369937409e-18
v 0.14551553486704874 0.41875 -0.04198446513295125
v 0.14551553486704874 0.25625000000000003 -0.04198446513295125
v 0.1875 0.41875 -0.059375
v 0.1875 0.25625000000000003 -0.059375
v 0.22948446513295123 0.41875 -0.04198446513295127
v 0.22948446513295123 0.25625000000000003 -0.04198446513295127
vt 0 1
vt 0 1
vt 0 1
vt 0 1
vt 0 1
vt 0 1
vt 0 1
vt 0 1
vt 0 1
vt 0 1
vt 0 1
vt 0 1
vt 0 1
vt 0 1
vt 0 1
vt 0 1
vt 0 1
vt 0 1
vt 0 1
vt 0 1
vt 0 1
vt 0 1
vt 0 1
vt 0 1
vt 0 1
vt 0 1
vt 0 1
vt 0 1
vt 0 1
vt 0 1
vt 0 1
vt 0 1
vt 0 1
vt 0 1
vt 0 1
vt 0 1
vt 0 1
vt 0 1
vt 0 1
vt 0 1
vt 0 1
vt 0 1
vt 0 1
vt 0 1
vt 0 1
vt 0 1
vt 0 1
vt 0 1
vt 0 1
vt 0 1
vt 0 1
vt 0 1
vt 0 1
vt 0 1
vt 0 1
vt 0 1
vt 0 1
vt 0 1
vt 0 1
vt 0 1
vt 0 1
vt 0 1
vt 0 1
vt 0 1
vt 0 1
vt 0 1
vt 0 1
vt 0 1
vt 0 1
vt 0 1
vt 0 1
vt 0 1
vt 0 1
vt 0 1
vt 0 1
vt 0 1
vt 0 1
vt 0 1
vt 0 1
vt 0 1
vn 0.9238795325112867 0 0.3826834323650897
vn 0 1 0
vn 0 -1 0
vn 0.3826834323650899 0 0.9238795325112867
vn 0 1 0
vn 0 -1 0
vn -0.3826834323650898 0 0.923879532511287
vn 0 1 0
vn 0 -1 0
vn -0.9238795325112867 0 0.3826834323650899
vn 0 1 0
vn 0 -1 0
vn -0.9238795325112868 0 -0.38268343236508956
vn 0 1 0
vn 0 -1 0
vn -0.3826834323650899 0 -0.9238795325112867
vn 0 1 0
vn 0 -1 0
vn 0.38268343236508956 0 -0.9238795325112868
vn 0 1 0
vn 0 -1 0
vn 0.9238795325112867 0 -0.3826834323650899
vn 0 1 0
vn 0 -1 0
usemtl m_bba6b58d-dec6-0051-c898-8620132093d4
f 325/1097/295 327/1098/295 328/1099/295 326/1100/295
f 327/1101/296 325/1102/296 323/1103/296
f 326/1104/297 328/1105/297 324/1106/297
f 327/1107/298 329/1108/298 330/1109/298 328/1110/298
f 329/1111/299 327/1112/299 323/1113/299
f 328/1114/300 330/1115/300 324/1116/300
f 329/1117/301 331/1118/301 332/1119/301 330/1120/301
f 331/1121/302 329/1122/302 323/1123/302
f 330/1124/303 332/1125/303 324/1126/303
f 331/1127/304 333/1128/304 334/1129/304 332/1130/304
f 333/1131/305 331/1132/305 323/1133/305
f 332/1134/306 334/1135/306 324/1136/306
f 333/1137/307 335/1138/307 336/1139/307 334/1140/307
f 335/1141/308 333/1142/308 323/1143/308
f 334/1144/309 336/1145/309 324/1146/309
f 335/1147/310 337/1148/310 338/1149/310 336/1150/310
f 337/1151/311 335/1152/311 323/1153/311
f 336/1154/312 338/1155/312 324/1156/312
f 337/1157/313 339/1158/313 340/1159/313 338/1160/313
f 339/1161/314 337/1162/314 323/1163/314
f 338/1164/315 340/1165/315 324/1166/315
f 339/1167/316 325/1168/316 326/1169/316 340/1170/316
f 325/1171/317 339/1172/317 323/1173/317
f 340/1174/318 326/1175/318 324/1176/318
o Minecraft whole watermelon
v -0.2875 0.46875 0.29375
v -0.2875 0.46875 0.08124999999999999
v -0.2875 0.25625 0.29375
v -0.2875 0.25625 0.08124999999999999
v -0.5 0.46875 0.08124999999999999
v -0.5 0.46875 0.29375
v -0.5 0.25625 0.08124999999999999
v -0.5 0.25625 0.29375
vt 0 1
vt 1 1
vt 1 0
vt 0 0
vt 0 1
vt 1 1
vt 1 0
vt 0 0
vt 0 1
vt 1 1
vt 1 0
vt 0 0
vt 0 1
vt 1 1
vt 1 0
vt 0 0
vt 0 1
vt 1 1
vt 1 0
vt 0 0
vt 0 1
vt 1 1
vt 1 0
vt 0 0
vn 0 0 -1
vn 1 0 0
vn 0 0 1
vn -1 0 0
vn 0 1 0
vn 0 -1 0
usemtl m_09ba0e27-1713-c286-e18b-b25fe82d43b8
f 344/1180/319 347/1179/319 345/1178/319 342/1177/319
f 343/1184/320 344/1183/320 342/1182/320 341/1181/320
f 348/1188/321 343/1187/321 341/1186/321 346/1185/321
f 347/1192/322 348/1191/322 346/1190/322 345/1189/322
f 346/1196/323 341/1195/323 342/1194/323 345/1193/323
f 347/1200/324 344/1199/324 343/1198/324 348/1197/324
o Minecraft whole pumpkin
v -0.078125 0.44375 0.284375
v -0.078125 0.44375 0.09687499999999999
v -0.078125 0.25625 0.284375
v -0.078125 0.25625 0.09687499999999999
v -0.265625 0.44375 0.09687499999999999
v -0.265625 0.44375 0.284375
v -0.265625 0.25625 0.09687499999999999
v -0.265625 0.25625 0.284375
vt 0 1
vt 1 1
vt 1 0
vt 0 0
vt 0 1
vt 1 1
vt 1 0
vt 0 0
vt 0 1
vt 1 1
vt 1 0
vt 0 0
vt 0 1
vt 1 1
vt 1 0
vt 0 0
vt 0 1
vt 1 1
vt 1 0
vt 0 0
vt 0 1
vt 1 1
vt 1 0
vt 0 0
vn 0 0 -1
vn 1 0 0
vn 0 0 1
vn -1 0 0
vn 0 1 0
vn 0 -1 0
usemtl m_4cc5e900-2b08-3e79-6ffe-d87e9ac02a19
f 352/1204/325 355/1203/325 353/1202/325 350/1201/325
f 351/1208/326 352/1207/326 350/1206/326 349/1205/326
f 356/1212/327 351/1211/327 349/1210/327 354/1209/327
f 355/1216/328 356/1215/328 354/1214/328 353/1213/328
f 354/1220/329 349/1219/329 350/1218/329 353/1217/329
f 355/1224/330 352/1223/330 351/1222/330 356/1221/330
o Pumpkin square stem
v -0.15499999999999997 0.49375 0.21249999999999997
v -0.15499999999999997 0.49375 0.175
v -0.15499999999999997 0.44375 0.21249999999999997
v -0.15499999999999997 0.44375 0.175
v -0.190625 0.49375 0.175
v -0.190625 0.49375 0.21249999999999997
v -0.190625 0.44375 0.175
v -0.190625 0.44375 0.21249999999999997
vt 0 1
vt 0.03562499999999999 1
vt 0.03562499999999999 0.95
vt 0 0.95
vt 0 1
vt 0.037500000000000006 1
vt 0.037500000000000006 0.95
vt 0 0.95
vt 0 1
vt 0.03562499999999999 1
vt 0.03562499999999999 0.95
vt 0 0.95
vt 0 1
vt 0.037500000000000006 1
vt 0.037500000000000006 0.95
vt 0 0.95
vt 0 1
vt 0.03562499999999999 1
vt 0.03562499999999999 0.9625
vt 0 0.9625
vt 0 1
vt 0.03562499999999999 1
vt 0.03562499999999999 0.9625
vt 0 0.9625
vn 0 0 -1
vn 1 0 0
vn 0 0 1
vn -1 0 0
vn 0 1 0
vn 0 -1 0
usemtl m_b857fb66-1ffc-7849-b518-f1f88c078ca1
f 360/1228/331 363/1227/331 361/1226/331 358/1225/331
f 359/1232/332 360/1231/332 358/1230/332 357/1229/332
f 364/1236/333 359/1235/333 357/1234/333 362/1233/333
f 363/1240/334 364/1239/334 362/1238/334 361/1237/334
f 362/1244/335 357/1243/335 358/1242/335 361/1241/335
f 363/1248/336 360/1247/336 359/1246/336 364/1245/336
o Pumpkin curled vine
v -0.10624999999999998 0.459375 0.21875
v -0.10624999999999998 0.459375 0.19374999999999998
v -0.10624999999999998 0.446875 0.21875
v -0.10624999999999998 0.446875 0.19374999999999998
v -0.165625 0.459375 0.19374999999999998
v -0.165625 0.459375 0.21875
v -0.165625 0.446875 0.19374999999999998
v -0.165625 0.446875 0.21875
vt 0 1
vt 0.059375 1
vt 0.059375 0.9875
vt 0 0.9875
vt 0 1
vt 0.024999999999999994 1
vt 0.024999999999999994 0.9875
vt 0 0.9875
vt 0 1
vt 0.059375 1
vt 0.059375 0.9875
vt 0 0.9875
vt 0 1
vt 0.024999999999999994 1
vt 0.024999999999999994 0.9875
vt 0 0.9875
vt 0 1
vt 0.059375 1
vt 0.059375 0.975
vt 0 0.975
vt 0 1
vt 0.059375 1
vt 0.059375 0.975
vt 0 0.975
vn 0 0 -1
vn 1 0 0
vn 0 0 1
vn -1 0 0
vn 0 1 0
vn 0 -1 0
usemtl m_3d350775-4e91-ba40-1122-9c9e6fa716aa
f 368/1252/337 371/1251/337 369/1250/337 366/1249/337
f 367/1256/338 368/1255/338 366/1254/338 365/1253/338
f 372/1260/339 367/1259/339 365/1258/339 370/1257/339
f 371/1264/340 372/1263/340 370/1262/340 369/1261/340
f 370/1268/341 365/1267/341 366/1266/341 369/1265/341
f 371/1272/342 368/1271/342 367/1270/342 372/1269/342
o Produce basket bottom -0.75
v 0.184375 0.271875 0.325
v 0.184375 0.271875 0.10625000000000001
v 0.184375 0.2568750000000001 0.325
v 0.184375 0.2568750000000001 0.10625000000000001
v -0.046875 0.271875 0.10625000000000001
v -0.046875 0.271875 0.325
v -0.046875 0.2568750000000001 0.10625000000000001
v -0.046875 0.2568750000000001 0.325
vt 0 1
vt 0.23125 1
vt 0.23125 0.9850000000000001
vt 0 0.9850000000000001
vt 0 1
vt 0.21875 1
vt 0.21875 0.9850000000000001
vt 0 0.9850000000000001
vt 0 1
vt 0.23125 1
vt 0.23125 0.9850000000000001
vt 0 0.9850000000000001
vt 0 1
vt 0.21875 1
vt 0.21875 0.9850000000000001
vt 0 0.9850000000000001
vt 0 1
vt 0.23125 1
vt 0.23125 0.78125
vt 0 0.78125
vt 0 1
vt 0.23125 1
vt 0.23125 0.78125
vt 0 0.78125
vn 0 0 -1
vn 1 0 0
vn 0 0 1
vn -1 0 0
vn 0 1 0
vn 0 -1 0
usemtl m_b857fb66-1ffc-7849-b518-f1f88c078ca1
f 376/1276/343 379/1275/343 377/1274/343 374/1273/343
f 375/1280/344 376/1279/344 374/1278/344 373/1277/344
f 380/1284/345 375/1283/345 373/1282/345 378/1281/345
f 379/1288/346 380/1287/346 378/1286/346 377/1285/346
f 378/1292/347 373/1291/347 374/1290/347 377/1289/347
f 379/1296/348 376/1295/348 375/1294/348 380/1293/348
o Basket corner post -0.75-0.751.7
v -0.033125 0.359375 0.12
v -0.033125 0.359375 0.10625000000000001
v -0.033125 0.271875 0.12
v -0.033125 0.271875 0.10625000000000001
v -0.046875 0.359375 0.10625000000000001
v -0.046875 0.359375 0.12
v -0.046875 0.271875 0.10625000000000001
v -0.046875 0.271875 0.12
vt 0 1
vt 0.013749999999999998 1
vt 0.013749999999999998 0.9125
vt 0 0.9125
vt 0 1
vt 0.013749999999999998 1
vt 0.013749999999999998 0.9125
vt 0 0.9125
vt 0 1
vt 0.013749999999999998 1
vt 0.013749999999999998 0.9125
vt 0 0.9125
vt 0 1
vt 0.013749999999999998 1
vt 0.013749999999999998 0.9125
vt 0 0.9125
vt 0 1
vt 0.013749999999999998 1
vt 0.013749999999999998 0.98625
vt 0 0.98625
vt 0 1
vt 0.013749999999999998 1
vt 0.013749999999999998 0.98625
vt 0 0.98625
vn 0 0 -1
vn 1 0 0
vn 0 0 1
vn -1 0 0
vn 0 1 0
vn 0 -1 0
usemtl m_b857fb66-1ffc-7849-b518-f1f88c078ca1
f 384/1300/349 387/1299/349 385/1298/349 382/1297/349
f 383/1304/350 384/1303/350 382/1302/350 381/1301/350
f 388/1308/351 383/1307/351 381/1306/351 386/1305/351
f 387/1312/352 388/1311/352 386/1310/352 385/1309/352
f 386/1316/353 381/1315/353 382/1314/353 385/1313/353
f 387/1320/354 384/1319/354 383/1318/354 388/1317/354
o Basket corner post -0.75-0.754.98
v -0.033125 0.359375 0.32499999999999996
v -0.033125 0.359375 0.31125
v -0.033125 0.271875 0.32499999999999996
v -0.033125 0.271875 0.31125
v -0.046875 0.359375 0.31125
v -0.046875 0.359375 0.32499999999999996
v -0.046875 0.271875 0.31125
v -0.046875 0.271875 0.32499999999999996
vt 0 1
vt 0.013749999999999998 1
vt 0.013749999999999998 0.9125
vt 0 0.9125
vt 0 1
vt 0.013749999999999984 1
vt 0.013749999999999984 0.9125
vt 0 0.9125
vt 0 1
vt 0.013749999999999998 1
vt 0.013749999999999998 0.9125
vt 0 0.9125
vt 0 1
vt 0.013749999999999984 1
vt 0.013749999999999984 0.9125
vt 0 0.9125
vt 0 1
vt 0.013749999999999998 1
vt 0.013749999999999998 0.9862500000000001
vt 0 0.9862500000000001
vt 0 1
vt 0.013749999999999998 1
vt 0.013749999999999998 0.9862500000000001
vt 0 0.9862500000000001
vn 0 0 -1
vn 1 0 0
vn 0 0 1
vn -1 0 0
vn 0 1 0
vn 0 -1 0
usemtl m_b857fb66-1ffc-7849-b518-f1f88c078ca1
f 392/1324/355 395/1323/355 393/1322/355 390/1321/355
f 391/1328/356 392/1327/356 390/1326/356 389/1325/356
f 396/1332/357 391/1331/357 389/1330/357 394/1329/357
f 395/1336/358 396/1335/358 394/1334/358 393/1333/358
f 394/1340/359 389/1339/359 390/1338/359 393/1337/359
f 395/1344/360 392/1343/360 391/1342/360 396/1341/360
o Basket corner post -0.752.731.7
v 0.184375 0.359375 0.12
v 0.184375 0.359375 0.10625000000000001
v 0.184375 0.271875 0.12
v 0.184375 0.271875 0.10625000000000001
v 0.17062499999999997 0.359375 0.10625000000000001
v 0.17062499999999997 0.359375 0.12
v 0.17062499999999997 0.271875 0.10625000000000001
v 0.17062499999999997 0.271875 0.12
vt 0 1
vt 0.013750000000000012 1
vt 0.013750000000000012 0.9125
vt 0 0.9125
vt 0 1
vt 0.013749999999999998 1
vt 0.013749999999999998 0.9125
vt 0 0.9125
vt 0 1
vt 0.013750000000000012 1
vt 0.013750000000000012 0.9125
vt 0 0.9125
vt 0 1
vt 0.013749999999999998 1
vt 0.013749999999999998 0.9125
vt 0 0.9125
vt 0 1
vt 0.013750000000000012 1
vt 0.013750000000000012 0.98625
vt 0 0.98625
vt 0 1
vt 0.013750000000000012 1
vt 0.013750000000000012 0.98625
vt 0 0.98625
vn 0 0 -1
vn 1 0 0
vn 0 0 1
vn -1 0 0
vn 0 1 0
vn 0 -1 0
usemtl m_b857fb66-1ffc-7849-b518-f1f88c078ca1
f 400/1348/361 403/1347/361 401/1346/361 398/1345/361
f 399/1352/362 400/1351/362 398/1350/362 397/1349/362
f 404/1356/363 399/1355/363 397/1354/363 402/1353/363
f 403/1360/364 404/1359/364 402/1358/364 401/1357/364
f 402/1364/365 397/1363/365 398/1362/365 401/1361/365
f 403/1368/366 400/1367/366 399/1366/366 404/1365/366
o Basket corner post -0.752.734.98
v 0.184375 0.359375 0.32499999999999996
v 0.184375 0.359375 0.31125
v 0.184375 0.271875 0.32499999999999996
v 0.184375 0.271875 0.31125
v 0.17062499999999997 0.359375 0.31125
v 0.17062499999999997 0.359375 0.32499999999999996
v 0.17062499999999997 0.271875 0.31125
v 0.17062499999999997 0.271875 0.32499999999999996
vt 0 1
vt 0.013750000000000012 1
vt 0.013750000000000012 0.9125
vt 0 0.9125
vt 0 1
vt 0.013749999999999984 1
vt 0.013749999999999984 0.9125
vt 0 0.9125
vt 0 1
vt 0.013750000000000012 1
vt 0.013750000000000012 0.9125
vt 0 0.9125
vt 0 1
vt 0.013749999999999984 1
vt 0.013749999999999984 0.9125
vt 0 0.9125
vt 0 1
vt 0.013750000000000012 1
vt 0.013750000000000012 0.9862500000000001
vt 0 0.9862500000000001
vt 0 1
vt 0.013750000000000012 1
vt 0.013750000000000012 0.9862500000000001
vt 0 0.9862500000000001
vn 0 0 -1
vn 1 0 0
vn 0 0 1
vn -1 0 0
vn 0 1 0
vn 0 -1 0
usemtl m_b857fb66-1ffc-7849-b518-f1f88c078ca1
f 408/1372/367 411/1371/367 409/1370/367 406/1369/367
f 407/1376/368 408/1375/368 406/1374/368 405/1373/368
f 412/1380/369 407/1379/369 405/1378/369 410/1377/369
f 411/1384/370 412/1383/370 410/1382/370 409/1381/370
f 410/1388/371 405/1387/371 406/1386/371 409/1385/371
f 411/1392/372 408/1391/372 407/1390/372 412/1389/372
o Basket long slat -0.754.41.7
v 0.184375 0.30500000000000005 0.1175
v 0.184375 0.30500000000000005 0.10625000000000001
v 0.184375 0.275 0.1175
v 0.184375 0.275 0.10625000000000001
v -0.046875 0.30500000000000005 0.10625000000000001
v -0.046875 0.30500000000000005 0.1175
v -0.046875 0.275 0.10625000000000001
v -0.046875 0.275 0.1175
vt 0 1
vt 0.23125 1
vt 0.23125 0.97
vt 0 0.97
vt 0 1
vt 0.011249999999999996 1
vt 0.011249999999999996 0.97
vt 0 0.97
vt 0 1
vt 0.23125 1
vt 0.23125 0.97
vt 0 0.97
vt 0 1
vt 0.011249999999999996 1
vt 0.011249999999999996 0.97
vt 0 0.97
vt 0 1
vt 0.23125 1
vt 0.23125 0.98875
vt 0 0.98875
vt 0 1
vt 0.23125 1
vt 0.23125 0.98875
vt 0 0.98875
vn 0 0 -1
vn 1 0 0
vn 0 0 1
vn -1 0 0
vn 0 1 0
vn 0 -1 0
usemtl m_1538f866-b198-6ddc-70f1-145addbfa7ab
f 416/1396/373 419/1395/373 417/1394/373 414/1393/373
f 415/1400/374 416/1399/374 414/1398/374 413/1397/374
f 420/1404/375 415/1403/375 413/1402/375 418/1401/375
f 419/1408/376 420/1407/376 418/1406/376 417/1405/376
f 418/1412/377 413/1411/377 414/1410/377 417/1409/377
f 419/1416/378 416/1415/378 415/1414/378 420/1413/378
o Basket long slat -0.754.45.0200000000000005
v 0.184375 0.30500000000000005 0.325
v 0.184375 0.30500000000000005 0.31375000000000003
v 0.184375 0.275 0.325
v 0.184375 0.275 0.31375000000000003
v -0.046875 0.30500000000000005 0.31375000000000003
v -0.046875 0.30500000000000005 0.325
v -0.046875 0.275 0.31375000000000003
v -0.046875 0.275 0.325
vt 0 1
vt 0.23125 1
vt 0.23125 0.97
vt 0 0.97
vt 0 1
vt 0.011249999999999982 1
vt 0.011249999999999982 0.97
vt 0 0.97
vt 0 1
vt 0.23125 1
vt 0.23125 0.97
vt 0 0.97
vt 0 1
vt 0.011249999999999982 1
vt 0.011249999999999982 0.97
vt 0 0.97
vt 0 1
vt 0.23125 1
vt 0.23125 0.98875
vt 0 0.98875
vt 0 1
vt 0.23125 1
vt 0.23125 0.98875
vt 0 0.98875
vn 0 0 -1
vn 1 0 0
vn 0 0 1
vn -1 0 0
vn 0 1 0
vn 0 -1 0
usemtl m_1538f866-b198-6ddc-70f1-145addbfa7ab
f 424/1420/379 427/1419/379 425/1418/379 422/1417/379
f 423/1424/380 424/1423/380 422/1422/380 421/1421/380
f 428/1428/381 423/1427/381 421/1426/381 426/1425/381
f 427/1432/382 428/1431/382 426/1430/382 425/1429/382
f 426/1436/383 421/1435/383 422/1434/383 425/1433/383
f 427/1440/384 424/1439/384 423/1438/384 428/1437/384
o Basket end slat -0.754.4-0.75
v -0.035625000000000004 0.30500000000000005 0.31375000000000003
v -0.035625000000000004 0.30500000000000005 0.1175
v -0.035625000000000004 0.275 0.31375000000000003
v -0.035625000000000004 0.275 0.1175
v -0.046875 0.30500000000000005 0.1175
v -0.046875 0.30500000000000005 0.31375000000000003
v -0.046875 0.275 0.1175
v -0.046875 0.275 0.31375000000000003
vt 0 1
vt 0.011249999999999996 1
vt 0.011249999999999996 0.97
vt 0 0.97
vt 0 1
vt 0.19625000000000004 1
vt 0.19625000000000004 0.97
vt 0 0.97
vt 0 1
vt 0.011249999999999996 1
vt 0.011249999999999996 0.97
vt 0 0.97
vt 0 1
vt 0.19625000000000004 1
vt 0.19625000000000004 0.97
vt 0 0.97
vt 0 1
vt 0.011249999999999996 1
vt 0.011249999999999996 0.80375
vt 0 0.80375
vt 0 1
vt 0.011249999999999996 1
vt 0.011249999999999996 0.80375
vt 0 0.80375
vn 0 0 -1
vn 1 0 0
vn 0 0 1
vn -1 0 0
vn 0 1 0
vn 0 -1 0
usemtl m_1538f866-b198-6ddc-70f1-145addbfa7ab
f 432/1444/385 435/1443/385 433/1442/385 430/1441/385
f 431/1448/386 432/1447/386 430/1446/386 429/1445/386
f 436/1452/387 431/1451/387 429/1450/387 434/1449/387
f 435/1456/388 436/1455/388 434/1454/388 433/1453/388
f 434/1460/389 429/1459/389 430/1458/389 433/1457/389
f 435/1464/390 432/1463/390 431/1462/390 436/1461/390
o Basket end slat -0.754.42.77
v 0.184375 0.30500000000000005 0.31375000000000003
v 0.184375 0.30500000000000005 0.1175
v 0.184375 0.275 0.31375000000000003
v 0.184375 0.275 0.1175
v 0.17312500000000003 0.30500000000000005 0.1175
v 0.17312500000000003 0.30500000000000005 0.31375000000000003
v 0.17312500000000003 0.275 0.1175
v 0.17312500000000003 0.275 0.31375000000000003
vt 0 1
vt 0.01125000000000001 1
vt 0.01125000000000001 0.97
vt 0 0.97
vt 0 1
vt 0.19625000000000004 1
vt 0.19625000000000004 0.97
vt 0 0.97
vt 0 1
vt 0.01125000000000001 1
vt 0.01125000000000001 0.97
vt 0 0.97
vt 0 1
vt 0.19625000000000004 1
vt 0.19625000000000004 0.97
vt 0 0.97
vt 0 1
vt 0.01125000000000001 1
vt 0.01125000000000001 0.80375
vt 0 0.80375
vt 0 1
vt 0.01125000000000001 1
vt 0.01125000000000001 0.80375
vt 0 0.80375
vn 0 0 -1
vn 1 0 0
vn 0 0 1
vn -1 0 0
vn 0 1 0
vn 0 -1 0
usemtl m_1538f866-b198-6ddc-70f1-145addbfa7ab
f 440/1468/391 443/1467/391 441/1466/391 438/1465/391
f 439/1472/392 440/1471/392 438/1470/392 437/1469/392
f 444/1476/393 439/1475/393 437/1474/393 442/1473/393
f 443/1480/394 444/1479/394 442/1478/394 441/1477/394
f 442/1484/395 437/1483/395 438/1482/395 441/1481/395
f 443/1488/396 440/1487/396 439/1486/396 444/1485/396
o Basket long slat -0.755.11.7
v 0.184375 0.34875 0.1175
v 0.184375 0.34875 0.10625000000000001
v 0.184375 0.31875 0.1175
v 0.184375 0.31875 0.10625000000000001
v -0.046875 0.34875 0.10625000000000001
v -0.046875 0.34875 0.1175
v -0.046875 0.31875 0.10625000000000001
v -0.046875 0.31875 0.1175
vt 0 1
vt 0.23125 1
vt 0.23125 0.97
vt 0 0.97
vt 0 1
vt 0.011249999999999996 1
vt 0.011249999999999996 0.97
vt 0 0.97
vt 0 1
vt 0.23125 1
vt 0.23125 0.97
vt 0 0.97
vt 0 1
vt 0.011249999999999996 1
vt 0.011249999999999996 0.97
vt 0 0.97
vt 0 1
vt 0.23125 1
vt 0.23125 0.98875
vt 0 0.98875
vt 0 1
vt 0.23125 1
vt 0.23125 0.98875
vt 0 0.98875
vn 0 0 -1
vn 1 0 0
vn 0 0 1
vn -1 0 0
vn 0 1 0
vn 0 -1 0
usemtl m_1538f866-b198-6ddc-70f1-145addbfa7ab
f 448/1492/397 451/1491/397 449/1490/397 446/1489/397
f 447/1496/398 448/1495/398 446/1494/398 445/1493/398
f 452/1500/399 447/1499/399 445/1498/399 450/1497/399
f 451/1504/400 452/1503/400 450/1502/400 449/1501/400
f 450/1508/401 445/1507/401 446/1506/401 449/1505/401
f 451/1512/402 448/1511/402 447/1510/402 452/1509/402
o Basket long slat -0.755.15.0200000000000005
v 0.184375 0.34875 0.325
v 0.184375 0.34875 0.31375000000000003
v 0.184375 0.31875 0.325
v 0.184375 0.31875 0.31375000000000003
v -0.046875 0.34875 0.31375000000000003
v -0.046875 0.34875 0.325
v -0.046875 0.31875 0.31375000000000003
v -0.046875 0.31875 0.325
vt 0 1
vt 0.23125 1
vt 0.23125 0.97
vt 0 0.97
vt 0 1
vt 0.011249999999999982 1
vt 0.011249999999999982 0.97
vt 0 0.97
vt 0 1
vt 0.23125 1
vt 0.23125 0.97
vt 0 0.97
vt 0 1
vt 0.011249999999999982 1
vt 0.011249999999999982 0.97
vt 0 0.97
vt 0 1
vt 0.23125 1
vt 0.23125 0.98875
vt 0 0.98875
vt 0 1
vt 0.23125 1
vt 0.23125 0.98875
vt 0 0.98875
vn 0 0 -1
vn 1 0 0
vn 0 0 1
vn -1 0 0
vn 0 1 0
vn 0 -1 0
usemtl m_1538f866-b198-6ddc-70f1-145addbfa7ab
f 456/1516/403 459/1515/403 457/1514/403 454/1513/403
f 455/1520/404 456/1519/404 454/1518/404 453/1517/404
f 460/1524/405 455/1523/405 453/1522/405 458/1521/405
f 459/1528/406 460/1527/406 458/1526/406 457/1525/406
f 458/1532/407 453/1531/407 454/1530/407 457/1529/407
f 459/1536/408 456/1535/408 455/1534/408 460/1533/408
o Basket end slat -0.755.1-0.75
v -0.035625000000000004 0.34875 0.31375000000000003
v -0.035625000000000004 0.34875 0.1175
v -0.035625000000000004 0.31875 0.31375000000000003
v -0.035625000000000004 0.31875 0.1175
v -0.046875 0.34875 0.1175
v -0.046875 0.34875 0.31375000000000003
v -0.046875 0.31875 0.1175
v -0.046875 0.31875 0.31375000000000003
vt 0 1
vt 0.011249999999999996 1
vt 0.011249999999999996 0.97
vt 0 0.97
vt 0 1
vt 0.19625000000000004 1
vt 0.19625000000000004 0.97
vt 0 0.97
vt 0 1
vt 0.011249999999999996 1
vt 0.011249999999999996 0.97
vt 0 0.97
vt 0 1
vt 0.19625000000000004 1
vt 0.19625000000000004 0.97
vt 0 0.97
vt 0 1
vt 0.011249999999999996 1
vt 0.011249999999999996 0.80375
vt 0 0.80375
vt 0 1
vt 0.011249999999999996 1
vt 0.011249999999999996 0.80375
vt 0 0.80375
vn 0 0 -1
vn 1 0 0
vn 0 0 1
vn -1 0 0
vn 0 1 0
vn 0 -1 0
usemtl m_1538f866-b198-6ddc-70f1-145addbfa7ab
f 464/1540/409 467/1539/409 465/1538/409 462/1537/409
f 463/1544/410 464/1543/410 462/1542/410 461/1541/410
f 468/1548/411 463/1547/411 461/1546/411 466/1545/411
f 467/1552/412 468/1551/412 466/1550/412 465/1549/412
f 466/1556/413 461/1555/413 462/1554/413 465/1553/413
f 467/1560/414 464/1559/414 463/1558/414 468/1557/414
o Basket end slat -0.755.12.77
v 0.184375 0.34875 0.31375000000000003
v 0.184375 0.34875 0.1175
v 0.184375 0.31875 0.31375000000000003
v 0.184375 0.31875 0.1175
v 0.17312500000000003 0.34875 0.1175
v 0.17312500000000003 0.34875 0.31375000000000003
v 0.17312500000000003 0.31875 0.1175
v 0.17312500000000003 0.31875 0.31375000000000003
vt 0 1
vt 0.01125000000000001 1
vt 0.01125000000000001 0.97
vt 0 0.97
vt 0 1
vt 0.19625000000000004 1
vt 0.19625000000000004 0.97
vt 0 0.97
vt 0 1
vt 0.01125000000000001 1
vt 0.01125000000000001 0.97
vt 0 0.97
vt 0 1
vt 0.19625000000000004 1
vt 0.19625000000000004 0.97
vt 0 0.97
vt 0 1
vt 0.01125000000000001 1
vt 0.01125000000000001 0.80375
vt 0 0.80375
vt 0 1
vt 0.01125000000000001 1
vt 0.01125000000000001 0.80375
vt 0 0.80375
vn 0 0 -1
vn 1 0 0
vn 0 0 1
vn -1 0 0
vn 0 1 0
vn 0 -1 0
usemtl m_1538f866-b198-6ddc-70f1-145addbfa7ab
f 472/1564/415 475/1563/415 473/1562/415 470/1561/415
f 471/1568/416 472/1567/416 470/1566/416 469/1565/416
f 476/1572/417 471/1571/417 469/1570/417 474/1569/417
f 475/1576/418 476/1575/418 474/1574/418 473/1573/418
f 474/1580/419 469/1579/419 470/1578/419 473/1577/419
f 475/1584/420 472/1583/420 471/1582/420 476/1581/420
o Carrot thick root 0
v 0.026874999999999996 0.33749999999999997 0.23125
v 0.026874999999999996 0.33749999999999997 0.14375
v 0.026874999999999996 0.3 0.23125
v 0.026874999999999996 0.3 0.14375
v -0.009375 0.33749999999999997 0.14375
v -0.009375 0.33749999999999997 0.23125
v -0.009375 0.3 0.14375
v -0.009375 0.3 0.23125
vt 0 1
vt 0.03625 1
vt 0.03625 0.9625
vt 0 0.9625
vt 0 1
vt 0.08750000000000002 1
vt 0.08750000000000002 0.9625
vt 0 0.9625
vt 0 1
vt 0.03625 1
vt 0.03625 0.9625
vt 0 0.9625
vt 0 1
vt 0.08750000000000002 1
vt 0.08750000000000002 0.9625
vt 0 0.9625
vt 0 1
vt 0.03625 1
vt 0.03625 0.9125
vt 0 0.9125
vt 0 1
vt 0.03625 1
vt 0.03625 0.9125
vt 0 0.9125
vn 0 0 -1
vn 1 0 0
vn 0 0 1
vn -1 0 0
vn 0 1 0
vn 0 -1 0
usemtl m_39e91ebf-a0fe-8c85-6334-877527b44d7d
f 480/1588/421 483/1587/421 481/1586/421 478/1585/421
f 479/1592/422 480/1591/422 478/1590/422 477/1589/422
f 484/1596/423 479/1595/423 477/1594/423 482/1593/423
f 483/1600/424 484/1599/424 482/1598/424 481/1597/424
f 482/1604/425 477/1603/425 478/1602/425 481/1601/425
f 483/1608/426 480/1607/426 479/1606/426 484/1605/426
o Carrot tapered middle 0
v 0.020624999999999998 0.33125 0.271875
v 0.020624999999999998 0.33125 0.23125000000000004
v 0.020624999999999998 0.30624999999999997 0.271875
v 0.020624999999999998 0.30624999999999997 0.23125000000000004
v -0.0031249999999999993 0.33125 0.23125000000000004
v -0.0031249999999999993 0.33125 0.271875
v -0.0031249999999999993 0.30624999999999997 0.23125000000000004
v -0.0031249999999999993 0.30624999999999997 0.271875
vt 0 1
vt 0.023749999999999997 1
vt 0.023749999999999997 0.975
vt 0 0.975
vt 0 1
vt 0.04062499999999997 1
vt 0.04062499999999997 0.975
vt 0 0.975
vt 0 1
vt 0.023749999999999997 1
vt 0.023749999999999997 0.975
vt 0 0.975
vt 0 1
vt 0.04062499999999997 1
vt 0.04062499999999997 0.975
vt 0 0.975
vt 0 1
vt 0.023749999999999997 1
vt 0.023749999999999997 0.9593750000000001
vt 0 0.9593750000000001
vt 0 1
vt 0.023749999999999997 1
vt 0.023749999999999997 0.9593750000000001
vt 0 0.9593750000000001
vn 0 0 -1
vn 1 0 0
vn 0 0 1
vn -1 0 0
vn 0 1 0
vn 0 -1 0
usemtl m_39e91ebf-a0fe-8c85-6334-877527b44d7d
f 488/1612/427 491/1611/427 489/1610/427 486/1609/427
f 487/1616/428 488/1615/428 486/1614/428 485/1613/428
f 492/1620/429 487/1619/429 485/1618/429 490/1617/429
f 491/1624/430 492/1623/430 490/1622/430 489/1621/430
f 490/1628/431 485/1627/431 486/1626/431 489/1625/431
f 491/1632/432 488/1631/432 487/1630/432 492/1629/432
o Carrot pointed tip 0
v 0.015625 0.325 0.29375000000000007
v 0.015625 0.325 0.271875
v 0.015625 0.31124999999999997 0.29375000000000007
v 0.015625 0.31124999999999997 0.271875
v 0.0018750000000000008 0.325 0.271875
v 0.0018750000000000008 0.325 0.29375000000000007
v 0.0018750000000000008 0.31124999999999997 0.271875
v 0.0018750000000000008 0.31124999999999997 0.29375000000000007
vt 0 1
vt 0.01375 1
vt 0.01375 0.98625
vt 0 0.98625
vt 0 1
vt 0.021875000000000033 1
vt 0.021875000000000033 0.98625
vt 0 0.98625
vt 0 1
vt 0.01375 1
vt 0.01375 0.98625
vt 0 0.98625
vt 0 1
vt 0.021875000000000033 1
vt 0.021875000000000033 0.98625
vt 0 0.98625
vt 0 1
vt 0.01375 1
vt 0.01375 0.9781249999999999
vt 0 0.9781249999999999
vt 0 1
vt 0.01375 1
vt 0.01375 0.9781249999999999
vt 0 0.9781249999999999
vn 0 0 -1
vn 1 0 0
vn 0 0 1
vn -1 0 0
vn 0 1 0
vn 0 -1 0
usemtl m_39e91ebf-a0fe-8c85-6334-877527b44d7d
f 496/1636/433 499/1635/433 497/1634/433 494/1633/433
f 495/1640/434 496/1639/434 494/1638/434 493/1637/434
f 500/1644/435 495/1643/435 493/1642/435 498/1641/435
f 499/1648/436 500/1647/436 498/1646/436 497/1645/436
f 498/1652/437 493/1651/437 494/1650/437 497/1649/437
f 499/1656/438 496/1655/438 495/1654/438 500/1653/438
o Carrot thick root 1
v 0.071875 0.35937499999999994 0.23125
v 0.071875 0.35937499999999994 0.14375
v 0.071875 0.32187499999999997 0.23125
v 0.071875 0.32187499999999997 0.14375
v 0.03562499999999999 0.35937499999999994 0.14375
v 0.03562499999999999 0.35937499999999994 0.23125
v 0.03562499999999999 0.32187499999999997 0.14375
v 0.03562499999999999 0.32187499999999997 0.23125
vt 0 1
vt 0.03625 1
vt 0.03625 0.9625
vt 0 0.9625
vt 0 1
vt 0.08750000000000002 1
vt 0.08750000000000002 0.9625
vt 0 0.9625
vt 0 1
vt 0.03625 1
vt 0.03625 0.9625
vt 0 0.9625
vt 0 1
vt 0.08750000000000002 1
vt 0.08750000000000002 0.9625
vt 0 0.9625
vt 0 1
vt 0.03625 1
vt 0.03625 0.9125
vt 0 0.9125
vt 0 1
vt 0.03625 1
vt 0.03625 0.9125
vt 0 0.9125
vn 0 0 -1
vn 1 0 0
vn 0 0 1
vn -1 0 0
vn 0 1 0
vn 0 -1 0
usemtl m_39e91ebf-a0fe-8c85-6334-877527b44d7d
f 504/1660/439 507/1659/439 505/1658/439 502/1657/439
f 503/1664/440 504/1663/440 502/1662/440 501/1661/440
f 508/1668/441 503/1667/441 501/1666/441 506/1665/441
f 507/1672/442 508/1671/442 506/1670/442 505/1669/442
f 506/1676/443 501/1675/443 502/1674/443 505/1673/443
f 507/1680/444 504/1679/444 503/1678/444 508/1677/444
o Carrot tapered middle 1
v 0.06562499999999999 0.35312499999999997 0.271875
v 0.06562499999999999 0.35312499999999997 0.23125000000000004
v 0.06562499999999999 0.32812499999999994 0.271875
v 0.06562499999999999 0.32812499999999994 0.23125000000000004
v 0.041874999999999996 0.35312499999999997 0.23125000000000004
v 0.041874999999999996 0.35312499999999997 0.271875
v 0.041874999999999996 0.32812499999999994 0.23125000000000004
v 0.041874999999999996 0.32812499999999994 0.271875
vt 0 1
vt 0.023749999999999993 1
vt 0.023749999999999993 0.975
vt 0 0.975
vt 0 1
vt 0.04062499999999997 1
vt 0.04062499999999997 0.975
vt 0 0.975
vt 0 1
vt 0.023749999999999993 1
vt 0.023749999999999993 0.975
vt 0 0.975
vt 0 1
vt 0.04062499999999997 1
vt 0.04062499999999997 0.975
vt 0 0.975
vt 0 1
vt 0.023749999999999993 1
vt 0.023749999999999993 0.9593750000000001
vt 0 0.9593750000000001
vt 0 1
vt 0.023749999999999993 1
vt 0.023749999999999993 0.9593750000000001
vt 0 0.9593750000000001
vn 0 0 -1
vn 1 0 0
vn 0 0 1
vn -1 0 0
vn 0 1 0
vn 0 -1 0
usemtl m_39e91ebf-a0fe-8c85-6334-877527b44d7d
f 512/1684/445 515/1683/445 513/1682/445 510/1681/445
f 511/1688/446 512/1687/446 510/1686/446 509/1685/446
f 516/1692/447 511/1691/447 509/1690/447 514/1689/447
f 515/1696/448 516/1695/448 514/1694/448 513/1693/448
f 514/1700/449 509/1699/449 510/1698/449 513/1697/449
f 515/1704/450 512/1703/450 511/1702/450 516/1701/450
o Carrot pointed tip 1
v 0.060625 0.346875 0.29375000000000007
v 0.060625 0.346875 0.271875
v 0.060625 0.33312499999999995 0.29375000000000007
v 0.060625 0.33312499999999995 0.271875
v 0.046875 0.346875 0.271875
v 0.046875 0.346875 0.29375000000000007
v 0.046875 0.33312499999999995 0.271875
v 0.046875 0.33312499999999995 0.29375000000000007
vt 0 1
vt 0.013749999999999998 1
vt 0.013749999999999998 0.98625
vt 0 0.98625
vt 0 1
vt 0.021875000000000033 1
vt 0.021875000000000033 0.98625
vt 0 0.98625
vt 0 1
vt 0.013749999999999998 1
vt 0.013749999999999998 0.98625
vt 0 0.98625
vt 0 1
vt 0.021875000000000033 1
vt 0.021875000000000033 0.98625
vt 0 0.98625
vt 0 1
vt 0.013749999999999998 1
vt 0.013749999999999998 0.9781249999999999
vt 0 0.9781249999999999
vt 0 1
vt 0.013749999999999998 1
vt 0.013749999999999998 0.9781249999999999
vt 0 0.9781249999999999
vn 0 0 -1
vn 1 0 0
vn 0 0 1
vn -1 0 0
vn 0 1 0
vn 0 -1 0
usemtl m_39e91ebf-a0fe-8c85-6334-877527b44d7d
f 520/1708/451 523/1707/451 521/1706/451 518/1705/451
f 519/1712/452 520/1711/452 518/1710/452 517/1709/452
f 524/1716/453 519/1715/453 517/1714/453 522/1713/453
f 523/1720/454 524/1719/454 522/1718/454 521/1717/454
f 522/1724/455 517/1723/455 518/1722/455 521/1721/455
f 523/1728/456 520/1727/456 519/1726/456 524/1725/456
o Carrot thick root 2
v 0.116875 0.33749999999999997 0.23125
v 0.116875 0.33749999999999997 0.14375
v 0.116875 0.3 0.23125
v 0.116875 0.3 0.14375
v 0.080625 0.33749999999999997 0.14375
v 0.080625 0.33749999999999997 0.23125
v 0.080625 0.3 0.14375
v 0.080625 0.3 0.23125
vt 0 1
vt 0.036250000000000004 1
vt 0.036250000000000004 0.9625
vt 0 0.9625
vt 0 1
vt 0.08750000000000002 1
vt 0.08750000000000002 0.9625
vt 0 0.9625
vt 0 1
vt 0.036250000000000004 1
vt 0.036250000000000004 0.9625
vt 0 0.9625
vt 0 1
vt 0.08750000000000002 1
vt 0.08750000000000002 0.9625
vt 0 0.9625
vt 0 1
vt 0.036250000000000004 1
vt 0.036250000000000004 0.9125
vt 0 0.9125
vt 0 1
vt 0.036250000000000004 1
vt 0.036250000000000004 0.9125
vt 0 0.9125
vn 0 0 -1
vn 1 0 0
vn 0 0 1
vn -1 0 0
vn 0 1 0
vn 0 -1 0
usemtl m_39e91ebf-a0fe-8c85-6334-877527b44d7d
f 528/1732/457 531/1731/457 529/1730/457 526/1729/457
f 527/1736/458 528/1735/458 526/1734/458 525/1733/458
f 532/1740/459 527/1739/459 525/1738/459 530/1737/459
f 531/1744/460 532/1743/460 530/1742/460 529/1741/460
f 530/1748/461 525/1747/461 526/1746/461 529/1745/461
f 531/1752/462 528/1751/462 527/1750/462 532/1749/462
o Carrot tapered middle 2
v 0.110625 0.33125 0.271875
v 0.110625 0.33125 0.23125000000000004
v 0.110625 0.30624999999999997 0.271875
v 0.110625 0.30624999999999997 0.23125000000000004
v 0.08687500000000001 0.33125 0.23125000000000004
v 0.08687500000000001 0.33125 0.271875
v 0.08687500000000001 0.30624999999999997 0.23125000000000004
v 0.08687500000000001 0.30624999999999997 0.271875
vt 0 1
vt 0.023749999999999993 1
vt 0.023749999999999993 0.975
vt 0 0.975
vt 0 1
vt 0.04062499999999997 1
vt 0.04062499999999997 0.975
vt 0 0.975
vt 0 1
vt 0.023749999999999993 1
vt 0.023749999999999993 0.975
vt 0 0.975
vt 0 1
vt 0.04062499999999997 1
vt 0.04062499999999997 0.975
vt 0 0.975
vt 0 1
vt 0.023749999999999993 1
vt 0.023749999999999993 0.9593750000000001
vt 0 0.9593750000000001
vt 0 1
vt 0.023749999999999993 1
vt 0.023749999999999993 0.9593750000000001
vt 0 0.9593750000000001
vn 0 0 -1
vn 1 0 0
vn 0 0 1
vn -1 0 0
vn 0 1 0
vn 0 -1 0
usemtl m_39e91ebf-a0fe-8c85-6334-877527b44d7d
f 536/1756/463 539/1755/463 537/1754/463 534/1753/463
f 535/1760/464 536/1759/464 534/1758/464 533/1757/464
f 540/1764/465 535/1763/465 533/1762/465 538/1761/465
f 539/1768/466 540/1767/466 538/1766/466 537/1765/466
f 538/1772/467 533/1771/467 534/1770/467 537/1769/467
f 539/1776/468 536/1775/468 535/1774/468 540/1773/468
o Carrot pointed tip 2
v 0.105625 0.325 0.29375000000000007
v 0.105625 0.325 0.271875
v 0.105625 0.31124999999999997 0.29375000000000007
v 0.105625 0.31124999999999997 0.271875
v 0.09187500000000001 0.325 0.271875
v 0.09187500000000001 0.325 0.29375000000000007
v 0.09187500000000001 0.31124999999999997 0.271875
v 0.09187500000000001 0.31124999999999997 0.29375000000000007
vt 0 1
vt 0.013749999999999998 1
vt 0.013749999999999998 0.98625
vt 0 0.98625
vt 0 1
vt 0.021875000000000033 1
vt 0.021875000000000033 0.98625
vt 0 0.98625
vt 0 1
vt 0.013749999999999998 1
vt 0.013749999999999998 0.98625
vt 0 0.98625
vt 0 1
vt 0.021875000000000033 1
vt 0.021875000000000033 0.98625
vt 0 0.98625
vt 0 1
vt 0.013749999999999998 1
vt 0.013749999999999998 0.9781249999999999
vt 0 0.9781249999999999
vt 0 1
vt 0.013749999999999998 1
vt 0.013749999999999998 0.9781249999999999
vt 0 0.9781249999999999
vn 0 0 -1
vn 1 0 0
vn 0 0 1
vn -1 0 0
vn 0 1 0
vn 0 -1 0
usemtl m_39e91ebf-a0fe-8c85-6334-877527b44d7d
f 544/1780/469 547/1779/469 545/1778/469 542/1777/469
f 543/1784/470 544/1783/470 542/1782/470 541/1781/470
f 548/1788/471 543/1787/471 541/1786/471 546/1785/471
f 547/1792/472 548/1791/472 546/1790/472 545/1789/472
f 546/1796/473 541/1795/473 542/1794/473 545/1793/473
f 547/1800/474 544/1799/474 543/1798/474 548/1797/474
o Carrot thick root 3
v 0.16187500000000002 0.35937499999999994 0.23125
v 0.16187500000000002 0.35937499999999994 0.14375
v 0.16187500000000002 0.32187499999999997 0.23125
v 0.16187500000000002 0.32187499999999997 0.14375
v 0.12562500000000001 0.35937499999999994 0.14375
v 0.12562500000000001 0.35937499999999994 0.23125
v 0.12562500000000001 0.32187499999999997 0.14375
v 0.12562500000000001 0.32187499999999997 0.23125
vt 0 1
vt 0.036250000000000004 1
vt 0.036250000000000004 0.9625
vt 0 0.9625
vt 0 1
vt 0.08750000000000002 1
vt 0.08750000000000002 0.9625
vt 0 0.9625
vt 0 1
vt 0.036250000000000004 1
vt 0.036250000000000004 0.9625
vt 0 0.9625
vt 0 1
vt 0.08750000000000002 1
vt 0.08750000000000002 0.9625
vt 0 0.9625
vt 0 1
vt 0.036250000000000004 1
vt 0.036250000000000004 0.9125
vt 0 0.9125
vt 0 1
vt 0.036250000000000004 1
vt 0.036250000000000004 0.9125
vt 0 0.9125
vn 0 0 -1
vn 1 0 0
vn 0 0 1
vn -1 0 0
vn 0 1 0
vn 0 -1 0
usemtl m_39e91ebf-a0fe-8c85-6334-877527b44d7d
f 552/1804/475 555/1803/475 553/1802/475 550/1801/475
f 551/1808/476 552/1807/476 550/1806/476 549/1805/476
f 556/1812/477 551/1811/477 549/1810/477 554/1809/477
f 555/1816/478 556/1815/478 554/1814/478 553/1813/478
f 554/1820/479 549/1819/479 550/1818/479 553/1817/479
f 555/1824/480 552/1823/480 551/1822/480 556/1821/480
o Carrot tapered middle 3
v 0.155625 0.35312499999999997 0.271875
v 0.155625 0.35312499999999997 0.23125000000000004
v 0.155625 0.32812499999999994 0.271875
v 0.155625 0.32812499999999994 0.23125000000000004
v 0.13187500000000002 0.35312499999999997 0.23125000000000004
v 0.13187500000000002 0.35312499999999997 0.271875
v 0.13187500000000002 0.32812499999999994 0.23125000000000004
v 0.13187500000000002 0.32812499999999994 0.271875
vt 0 1
vt 0.023749999999999993 1
vt 0.023749999999999993 0.975
vt 0 0.975
vt 0 1
vt 0.04062499999999997 1
vt 0.04062499999999997 0.975
vt 0 0.975
vt 0 1
vt 0.023749999999999993 1
vt 0.023749999999999993 0.975
vt 0 0.975
vt 0 1
vt 0.04062499999999997 1
vt 0.04062499999999997 0.975
vt 0 0.975
vt 0 1
vt 0.023749999999999993 1
vt 0.023749999999999993 0.9593750000000001
vt 0 0.9593750000000001
vt 0 1
vt 0.023749999999999993 1
vt 0.023749999999999993 0.9593750000000001
vt 0 0.9593750000000001
vn 0 0 -1
vn 1 0 0
vn 0 0 1
vn -1 0 0
vn 0 1 0
vn 0 -1 0
usemtl m_39e91ebf-a0fe-8c85-6334-877527b44d7d
f 560/1828/481 563/1827/481 561/1826/481 558/1825/481
f 559/1832/482 560/1831/482 558/1830/482 557/1829/482
f 564/1836/483 559/1835/483 557/1834/483 562/1833/483
f 563/1840/484 564/1839/484 562/1838/484 561/1837/484
f 562/1844/485 557/1843/485 558/1842/485 561/1841/485
f 563/1848/486 560/1847/486 559/1846/486 564/1845/486
o Carrot pointed tip 3
v 0.150625 0.346875 0.29375000000000007
v 0.150625 0.346875 0.271875
v 0.150625 0.33312499999999995 0.29375000000000007
v 0.150625 0.33312499999999995 0.271875
v 0.13687500000000002 0.346875 0.271875
v 0.13687500000000002 0.346875 0.29375000000000007
v 0.13687500000000002 0.33312499999999995 0.271875
v 0.13687500000000002 0.33312499999999995 0.29375000000000007
vt 0 1
vt 0.013749999999999984 1
vt 0.013749999999999984 0.98625
vt 0 0.98625
vt 0 1
vt 0.021875000000000033 1
vt 0.021875000000000033 0.98625
vt 0 0.98625
vt 0 1
vt 0.013749999999999984 1
vt 0.013749999999999984 0.98625
vt 0 0.98625
vt 0 1
vt 0.021875000000000033 1
vt 0.021875000000000033 0.98625
vt 0 0.98625
vt 0 1
vt 0.013749999999999984 1
vt 0.013749999999999984 0.9781249999999999
vt 0 0.9781249999999999
vt 0 1
vt 0.013749999999999984 1
vt 0.013749999999999984 0.9781249999999999
vt 0 0.9781249999999999
vn 0 0 -1
vn 1 0 0
vn 0 0 1
vn -1 0 0
vn 0 1 0
vn 0 -1 0
usemtl m_39e91ebf-a0fe-8c85-6334-877527b44d7d
f 568/1852/487 571/1851/487 569/1850/487 566/1849/487
f 567/1856/488 568/1855/488 566/1854/488 565/1853/488
f 572/1860/489 567/1859/489 565/1858/489 570/1857/489
f 571/1864/490 572/1863/490 570/1862/490 569/1861/490
f 570/1868/491 565/1867/491 566/1866/491 569/1865/491
f 571/1872/492 568/1871/492 567/1870/492 572/1869/492
o Carrot leaf centre 0
v 0.015625 0.38042610786930126 0.15186981364246313
v 0.015625 0.3860877744809189 0.1307401861923898
v 0.015625 0.3170372255190811 0.1348848138076102
v 0.015625 0.32269889213069874 0.11375518635753686
v 0.003125000000000002 0.3860877744809189 0.1307401861923898
v 0.003125000000000002 0.38042610786930126 0.15186981364246313
v 0.003125000000000002 0.32269889213069874 0.11375518635753686
v 0.003125000000000002 0.3170372255190811 0.1348848138076102
vt 0 1
vt 0.012499999999999999 1
vt 0.012499999999999999 0.934375
vt 0 0.934375
vt 0 1
vt 0.02187499999999999 1
vt 0.02187499999999999 0.934375
vt 0 0.934375
vt 0 1
vt 0.012499999999999999 1
vt 0.012499999999999999 0.934375
vt 0 0.934375
vt 0 1
vt 0.02187499999999999 1
vt 0.02187499999999999 0.934375
vt 0 0.934375
vt 0 1
vt 0.012499999999999999 1
vt 0.012499999999999999 0.978125
vt 0 0.978125
vt 0 1
vt 0.012499999999999999 1
vt 0.012499999999999999 0.978125
vt 0 0.978125
vn 0 0.25881904510252074 -0.9659258262890683
vn 1 0 0
vn 0 -0.25881904510252074 0.9659258262890683
vn -1 0 0
vn 0 0.9659258262890683 0.25881904510252074
vn 0 -0.9659258262890683 -0.25881904510252074
usemtl m_3d350775-4e91-ba40-1122-9c9e6fa716aa
f 576/1876/493 579/1875/493 577/1874/493 574/1873/493
f 575/1880/494 576/1879/494 574/1878/494 573/1877/494
f 580/1884/495 575/1883/495 573/1882/495 578/1881/495
f 579/1888/496 580/1887/496 578/1886/496 577/1885/496
f 578/1892/497 573/1891/497 574/1890/497 577/1889/497
f 579/1896/498 576/1895/498 575/1894/498 580/1893/498
o Carrot split leaf 0
v -0.0031810912263472565 0.3687349704011978 0.1325
v -0.0031810912263472565 0.3687349704011978 0.11249999999999999
v 0.02025640877365274 0.32814002959880223 0.1325
v 0.02025640877365274 0.32814002959880223 0.11249999999999999
v -0.01400640877365274 0.3624849704011978 0.11249999999999999
v -0.01400640877365274 0.3624849704011978 0.1325
v 0.009431091226347256 0.32189002959880225 0.11249999999999999
v 0.009431091226347256 0.32189002959880225 0.1325
vt 0 1
vt 0.012499999999999999 1
vt 0.012499999999999999 0.953125
vt 0 0.953125
vt 0 1
vt 0.020000000000000004 1
vt 0.020000000000000004 0.953125
vt 0 0.953125
vt 0 1
vt 0.012499999999999999 1
vt 0.012499999999999999 0.953125
vt 0 0.953125
vt 0 1
vt 0.020000000000000004 1
vt 0.020000000000000004 0.953125
vt 0 0.953125
vt 0 1
vt 0.012499999999999999 1
vt 0.012499999999999999 0.98
vt 0 0.98
vt 0 1
vt 0.012499999999999999 1
vt 0.012499999999999999 0.98
vt 0 0.98
vn 0 0 -1
vn 0.8660254037844387 0.49999999999999994 0
vn 0 0 1
vn -0.8660254037844387 -0.49999999999999994 0
vn -0.49999999999999994 0.8660254037844387 0
vn 0.49999999999999994 -0.8660254037844387 0
usemtl m_3d350775-4e91-ba40-1122-9c9e6fa716aa
f 584/1900/499 587/1899/499 585/1898/499 582/1897/499
f 583/1904/500 584/1903/500 582/1902/500 581/1901/500
f 588/1908/501 583/1907/501 581/1906/501 586/1905/501
f 587/1912/502 588/1911/502 586/1910/502 585/1909/502
f 586/1916/503 581/1915/503 582/1914/503 585/1913/503
f 587/1920/504 584/1919/504 583/1918/504 588/1917/504
o Carrot leaf centre 1
v 0.060625 0.40230110786930123 0.15186981364246313
v 0.060625 0.4079627744809189 0.1307401861923898
v 0.060625 0.33891222551908107 0.1348848138076102
v 0.060625 0.3445738921306987 0.11375518635753686
v 0.048125 0.4079627744809189 0.1307401861923898
v 0.048125 0.40230110786930123 0.15186981364246313
v 0.048125 0.3445738921306987 0.11375518635753686
v 0.048125 0.33891222551908107 0.1348848138076102
vt 0 1
vt 0.012499999999999997 1
vt 0.012499999999999997 0.934375
vt 0 0.934375
vt 0 1
vt 0.02187499999999999 1
vt 0.02187499999999999 0.934375
vt 0 0.934375
vt 0 1
vt 0.012499999999999997 1
vt 0.012499999999999997 0.934375
vt 0 0.934375
vt 0 1
vt 0.02187499999999999 1
vt 0.02187499999999999 0.934375
vt 0 0.934375
vt 0 1
vt 0.012499999999999997 1
vt 0.012499999999999997 0.978125
vt 0 0.978125
vt 0 1
vt 0.012499999999999997 1
vt 0.012499999999999997 0.978125
vt 0 0.978125
vn 0 0.25881904510252074 -0.9659258262890683
vn 1 0 0
vn 0 -0.25881904510252074 0.9659258262890683
vn -1 0 0
vn 0 0.9659258262890683 0.25881904510252074
vn 0 -0.9659258262890683 -0.25881904510252074
usemtl m_3d350775-4e91-ba40-1122-9c9e6fa716aa
f 592/1924/505 595/1923/505 593/1922/505 590/1921/505
f 591/1928/506 592/1927/506 590/1926/506 589/1925/506
f 596/1932/507 591/1931/507 589/1930/507 594/1929/507
f 595/1936/508 596/1935/508 594/1934/508 593/1933/508
f 594/1940/509 589/1939/509 590/1938/509 593/1937/509
f 595/1944/510 592/1943/510 591/1942/510 596/1941/510
o Carrot split leaf 1
v 0.041818908773652734 0.39060997040119777 0.1325
v 0.041818908773652734 0.39060997040119777 0.11249999999999999
v 0.06525640877365274 0.3500150295988022 0.1325
v 0.06525640877365274 0.3500150295988022 0.11249999999999999
v 0.030993591226347254 0.3843599704011978 0.11249999999999999
v 0.030993591226347254 0.3843599704011978 0.1325
v 0.054431091226347254 0.34376502959880223 0.11249999999999999
v 0.054431091226347254 0.34376502959880223 0.1325
vt 0 1
vt 0.012499999999999997 1
vt 0.012499999999999997 0.953125
vt 0 0.953125
vt 0 1
vt 0.020000000000000004 1
vt 0.020000000000000004 0.953125
vt 0 0.953125
vt 0 1
vt 0.012499999999999997 1
vt 0.012499999999999997 0.953125
vt 0 0.953125
vt 0 1
vt 0.020000000000000004 1
vt 0.020000000000000004 0.953125
vt 0 0.953125
vt 0 1
vt 0.012499999999999997 1
vt 0.012499999999999997 0.98
vt 0 0.98
vt 0 1
vt 0.012499999999999997 1
vt 0.012499999999999997 0.98
vt 0 0.98
vn 0 0 -1
vn 0.8660254037844387 0.49999999999999994 0
vn 0 0 1
vn -0.8660254037844387 -0.49999999999999994 0
vn -0.49999999999999994 0.8660254037844387 0
vn 0.49999999999999994 -0.8660254037844387 0
usemtl m_3d350775-4e91-ba40-1122-9c9e6fa716aa
f 600/1948/511 603/1947/511 601/1946/511 598/1945/511
f 599/1952/512 600/1951/512 598/1950/512 597/1949/512
f 604/1956/513 599/1955/513 597/1954/513 602/1953/513
f 603/1960/514 604/1959/514 602/1958/514 601/1957/514
f 602/1964/515 597/1963/515 598/1962/515 601/1961/515
f 603/1968/516 600/1967/516 599/1966/516 604/1965/516
o Carrot leaf centre 2
v 0.105625 0.38042610786930126 0.15186981364246313
v 0.105625 0.3860877744809189 0.1307401861923898
v 0.105625 0.3170372255190811 0.1348848138076102
v 0.105625 0.32269889213069874 0.11375518635753686
v 0.09312499999999999 0.3860877744809189 0.1307401861923898
v 0.09312499999999999 0.38042610786930126 0.15186981364246313
v 0.09312499999999999 0.32269889213069874 0.11375518635753686
v 0.09312499999999999 0.3170372255190811 0.1348848138076102
vt 0 1
vt 0.012499999999999997 1
vt 0.012499999999999997 0.934375
vt 0 0.934375
vt 0 1
vt 0.02187499999999999 1
vt 0.02187499999999999 0.934375
vt 0 0.934375
vt 0 1
vt 0.012499999999999997 1
vt 0.012499999999999997 0.934375
vt 0 0.934375
vt 0 1
vt 0.02187499999999999 1
vt 0.02187499999999999 0.934375
vt 0 0.934375
vt 0 1
vt 0.012499999999999997 1
vt 0.012499999999999997 0.978125
vt 0 0.978125
vt 0 1
vt 0.012499999999999997 1
vt 0.012499999999999997 0.978125
vt 0 0.978125
vn 0 0.25881904510252074 -0.9659258262890683
vn 1 0 0
vn 0 -0.25881904510252074 0.9659258262890683
vn -1 0 0
vn 0 0.9659258262890683 0.25881904510252074
vn 0 -0.9659258262890683 -0.25881904510252074
usemtl m_3d350775-4e91-ba40-1122-9c9e6fa716aa
f 608/1972/517 611/1971/517 609/1970/517 606/1969/517
f 607/1976/518 608/1975/518 606/1974/518 605/1973/518
f 612/1980/519 607/1979/519 605/1978/519 610/1977/519
f 611/1984/520 612/1983/520 610/1982/520 609/1981/520
f 610/1988/521 605/1987/521 606/1986/521 609/1985/521
f 611/1992/522 608/1991/522 607/1990/522 612/1989/522
o Carrot split leaf 2
v 0.08681890877365277 0.3687349704011978 0.1325
v 0.08681890877365277 0.3687349704011978 0.11249999999999999
v 0.11025640877365275 0.32814002959880223 0.1325
v 0.11025640877365275 0.32814002959880223 0.11249999999999999
v 0.07599359122634727 0.3624849704011978 0.11249999999999999
v 0.07599359122634727 0.3624849704011978 0.1325
v 0.09943109122634726 0.32189002959880225 0.11249999999999999
v 0.09943109122634726 0.32189002959880225 0.1325
vt 0 1
vt 0.012499999999999997 1
vt 0.012499999999999997 0.953125
vt 0 0.953125
vt 0 1
vt 0.020000000000000004 1
vt 0.020000000000000004 0.953125
vt 0 0.953125
vt 0 1
vt 0.012499999999999997 1
vt 0.012499999999999997 0.953125
vt 0 0.953125
vt 0 1
vt 0.020000000000000004 1
vt 0.020000000000000004 0.953125
vt 0 0.953125
vt 0 1
vt 0.012499999999999997 1
vt 0.012499999999999997 0.98
vt 0 0.98
vt 0 1
vt 0.012499999999999997 1
vt 0.012499999999999997 0.98
vt 0 0.98
vn 0 0 -1
vn 0.8660254037844387 0.49999999999999994 0
vn 0 0 1
vn -0.8660254037844387 -0.49999999999999994 0
vn -0.49999999999999994 0.8660254037844387 0
vn 0.49999999999999994 -0.8660254037844387 0
usemtl m_3d350775-4e91-ba40-1122-9c9e6fa716aa
f 616/1996/523 619/1995/523 617/1994/523 614/1993/523
f 615/2000/524 616/1999/524 614/1998/524 613/1997/524
f 620/2004/525 615/2003/525 613/2002/525 618/2001/525
f 619/2008/526 620/2007/526 618/2006/526 617/2005/526
f 618/2012/527 613/2011/527 614/2010/527 617/2009/527
f 619/2016/528 616/2015/528 615/2014/528 620/2013/528
o Carrot leaf centre 3
v 0.150625 0.40230110786930123 0.15186981364246313
v 0.150625 0.4079627744809189 0.1307401861923898
v 0.150625 0.33891222551908107 0.1348848138076102
v 0.150625 0.3445738921306987 0.11375518635753686
v 0.13812500000000005 0.4079627744809189 0.1307401861923898
v 0.13812500000000005 0.40230110786930123 0.15186981364246313
v 0.13812500000000005 0.3445738921306987 0.11375518635753686
v 0.13812500000000005 0.33891222551908107 0.1348848138076102
vt 0 1
vt 0.012499999999999983 1
vt 0.012499999999999983 0.934375
vt 0 0.934375
vt 0 1
vt 0.02187499999999999 1
vt 0.02187499999999999 0.934375
vt 0 0.934375
vt 0 1
vt 0.012499999999999983 1
vt 0.012499999999999983 0.934375
vt 0 0.934375
vt 0 1
vt 0.02187499999999999 1
vt 0.02187499999999999 0.934375
vt 0 0.934375
vt 0 1
vt 0.012499999999999983 1
vt 0.012499999999999983 0.978125
vt 0 0.978125
vt 0 1
vt 0.012499999999999983 1
vt 0.012499999999999983 0.978125
vt 0 0.978125
vn 0 0.25881904510252074 -0.9659258262890683
vn 1 0 0
vn 0 -0.25881904510252074 0.9659258262890683
vn -1 0 0
vn 0 0.9659258262890683 0.25881904510252074
vn 0 -0.9659258262890683 -0.25881904510252074
usemtl m_3d350775-4e91-ba40-1122-9c9e6fa716aa
f 624/2020/529 627/2019/529 625/2018/529 622/2017/529
f 623/2024/530 624/2023/530 622/2022/530 621/2021/530
f 628/2028/531 623/2027/531 621/2026/531 626/2025/531
f 627/2032/532 628/2031/532 626/2030/532 625/2029/532
f 626/2036/533 621/2035/533 622/2034/533 625/2033/533
f 627/2040/534 624/2039/534 623/2038/534 628/2037/534
o Carrot split leaf 3
v 0.1318189087736527 0.39060997040119777 0.1325
v 0.1318189087736527 0.39060997040119777 0.11249999999999999
v 0.1552564087736527 0.3500150295988022 0.1325
v 0.1552564087736527 0.3500150295988022 0.11249999999999999
v 0.12099359122634729 0.3843599704011978 0.11249999999999999
v 0.12099359122634729 0.3843599704011978 0.1325
v 0.14443109122634729 0.34376502959880223 0.11249999999999999
v 0.14443109122634729 0.34376502959880223 0.1325
vt 0 1
vt 0.012499999999999983 1
vt 0.012499999999999983 0.953125
vt 0 0.953125
vt 0 1
vt 0.020000000000000004 1
vt 0.020000000000000004 0.953125
vt 0 0.953125
vt 0 1
vt 0.012499999999999983 1
vt 0.012499999999999983 0.953125
vt 0 0.953125
vt 0 1
vt 0.020000000000000004 1
vt 0.020000000000000004 0.953125
vt 0 0.953125
vt 0 1
vt 0.012499999999999983 1
vt 0.012499999999999983 0.98
vt 0 0.98
vt 0 1
vt 0.012499999999999983 1
vt 0.012499999999999983 0.98
vt 0 0.98
vn 0 0 -1
vn 0.8660254037844387 0.49999999999999994 0
vn 0 0 1
vn -0.8660254037844387 -0.49999999999999994 0
vn -0.49999999999999994 0.8660254037844387 0
vn 0.49999999999999994 -0.8660254037844387 0
usemtl m_3d350775-4e91-ba40-1122-9c9e6fa716aa
f 632/2044/535 635/2043/535 633/2042/535 630/2041/535
f 631/2048/536 632/2047/536 630/2046/536 629/2045/536
f 636/2052/537 631/2051/537 629/2050/537 634/2049/537
f 635/2056/538 636/2055/538 634/2054/538 633/2053/538
f 634/2060/539 629/2059/539 630/2058/539 633/2057/539
f 635/2064/540 632/2063/540 631/2062/540 636/2061/540
o Produce basket bottom 3.35
v 0.446875 0.271875 0.321875
v 0.446875 0.271875 0.11875000000000001
v 0.446875 0.2568750000000001 0.321875
v 0.446875 0.2568750000000001 0.11875000000000001
v 0.20937499999999998 0.271875 0.11875000000000001
v 0.20937499999999998 0.271875 0.321875
v 0.20937499999999998 0.2568750000000001 0.11875000000000001
v 0.20937499999999998 0.2568750000000001 0.321875
vt 0 1
vt 0.23750000000000002 1
vt 0.23750000000000002 0.9850000000000001
vt 0 0.9850000000000001
vt 0 1
vt 0.20312500000000003 1
vt 0.20312500000000003 0.9850000000000001
vt 0 0.9850000000000001
vt 0 1
vt 0.23750000000000002 1
vt 0.23750000000000002 0.9850000000000001
vt 0 0.9850000000000001
vt 0 1
vt 0.20312500000000003 1
vt 0.20312500000000003 0.9850000000000001
vt 0 0.9850000000000001
vt 0 1
vt 0.23750000000000002 1
vt 0.23750000000000002 0.796875
vt 0 0.796875
vt 0 1
vt 0.23750000000000002 1
vt 0.23750000000000002 0.796875
vt 0 0.796875
vn 0 0 -1
vn 1 0 0
vn 0 0 1
vn -1 0 0
vn 0 1 0
vn 0 -1 0
usemtl m_b857fb66-1ffc-7849-b518-f1f88c078ca1
f 640/2068/541 643/2067/541 641/2066/541 638/2065/541
f 639/2072/542 640/2071/542 638/2070/542 637/2069/542
f 644/2076/543 639/2075/543 637/2074/543 642/2073/543
f 643/2080/544 644/2079/544 642/2078/544 641/2077/544
f 642/2084/545 637/2083/545 638/2082/545 641/2081/545
f 643/2088/546 640/2087/546 639/2086/546 644/2085/546
o Basket corner post 3.353.351.9
v 0.22312500000000002 0.359375 0.1325
v 0.22312500000000002 0.359375 0.11874999999999998
v 0.22312500000000002 0.271875 0.1325
v 0.22312500000000002 0.271875 0.11874999999999998
v 0.20937499999999998 0.359375 0.11874999999999998
v 0.20937499999999998 0.359375 0.1325
v 0.20937499999999998 0.271875 0.11874999999999998
v 0.20937499999999998 0.271875 0.1325
vt 0 1
vt 0.013750000000000012 1
vt 0.013750000000000012 0.9125
vt 0 0.9125
vt 0 1
vt 0.013750000000000012 1
vt 0.013750000000000012 0.9125
vt 0 0.9125
vt 0 1
vt 0.013750000000000012 1
vt 0.013750000000000012 0.9125
vt 0 0.9125
vt 0 1
vt 0.013750000000000012 1
vt 0.013750000000000012 0.9125
vt 0 0.9125
vt 0 1
vt 0.013750000000000012 1
vt 0.013750000000000012 0.98625
vt 0 0.98625
vt 0 1
vt 0.013750000000000012 1
vt 0.013750000000000012 0.98625
vt 0 0.98625
vn 0 0 -1
vn 1 0 0
vn 0 0 1
vn -1 0 0
vn 0 1 0
vn 0 -1 0
usemtl m_b857fb66-1ffc-7849-b518-f1f88c078ca1
f 648/2092/547 651/2091/547 649/2090/547 646/2089/547
f 647/2096/548 648/2095/548 646/2094/548 645/2093/548
f 652/2100/549 647/2099/549 645/2098/549 650/2097/549
f 651/2104/550 652/2103/550 650/2102/550 649/2101/550
f 650/2108/551 645/2107/551 646/2106/551 649/2105/551
f 651/2112/552 648/2111/552 647/2110/552 652/2109/552
o Basket corner post 3.353.354.930000000000001
v 0.22312500000000002 0.359375 0.321875
v 0.22312500000000002 0.359375 0.3081250000000001
v 0.22312500000000002 0.271875 0.321875
v 0.22312500000000002 0.271875 0.3081250000000001
v 0.20937499999999998 0.359375 0.3081250000000001
v 0.20937499999999998 0.359375 0.321875
v 0.20937499999999998 0.271875 0.3081250000000001
v 0.20937499999999998 0.271875 0.321875
vt 0 1
vt 0.013750000000000012 1
vt 0.013750000000000012 0.9125
vt 0 0.9125
vt 0 1
vt 0.013749999999999984 1
vt 0.013749999999999984 0.9125
vt 0 0.9125
vt 0 1
vt 0.013750000000000012 1
vt 0.013750000000000012 0.9125
vt 0 0.9125
vt 0 1
vt 0.013749999999999984 1
vt 0.013749999999999984 0.9125
vt 0 0.9125
vt 0 1
vt 0.013750000000000012 1
vt 0.013750000000000012 0.9862500000000001
vt 0 0.9862500000000001
vt 0 1
vt 0.013750000000000012 1
vt 0.013750000000000012 0.9862500000000001
vt 0 0.9862500000000001
vn 0 0 -1
vn 1 0 0
vn 0 0 1
vn -1 0 0
vn 0 1 0
vn 0 -1 0
usemtl m_b857fb66-1ffc-7849-b518-f1f88c078ca1
f 656/2116/553 659/2115/553 657/2114/553 654/2113/553
f 655/2120/554 656/2119/554 654/2118/554 653/2117/554
f 660/2124/555 655/2123/555 653/2122/555 658/2121/555
f 659/2128/556 660/2127/556 658/2126/556 657/2125/556
f 658/2132/557 653/2131/557 654/2130/557 657/2129/557
f 659/2136/558 656/2135/558 655/2134/558 660/2133/558
o Basket corner post 3.356.9300000000000011.9
v 0.446875 0.359375 0.1325
v 0.446875 0.359375 0.11874999999999998
v 0.446875 0.271875 0.1325
v 0.446875 0.271875 0.11874999999999998
v 0.4331250000000001 0.359375 0.11874999999999998
v 0.4331250000000001 0.359375 0.1325
v 0.4331250000000001 0.271875 0.11874999999999998
v 0.4331250000000001 0.271875 0.1325
vt 0 1
vt 0.013749999999999984 1
vt 0.013749999999999984 0.9125
vt 0 0.9125
vt 0 1
vt 0.013750000000000012 1
vt 0.013750000000000012 0.9125
vt 0 0.9125
vt 0 1
vt 0.013749999999999984 1
vt 0.013749999999999984 0.9125
vt 0 0.9125
vt 0 1
vt 0.013750000000000012 1
vt 0.013750000000000012 0.9125
vt 0 0.9125
vt 0 1
vt 0.013749999999999984 1
vt 0.013749999999999984 0.98625
vt 0 0.98625
vt 0 1
vt 0.013749999999999984 1
vt 0.013749999999999984 0.98625
vt 0 0.98625
vn 0 0 -1
vn 1 0 0
vn 0 0 1
vn -1 0 0
vn 0 1 0
vn 0 -1 0
usemtl m_b857fb66-1ffc-7849-b518-f1f88c078ca1
f 664/2140/559 667/2139/559 665/2138/559 662/2137/559
f 663/2144/560 664/2143/560 662/2142/560 661/2141/560
f 668/2148/561 663/2147/561 661/2146/561 666/2145/561
f 667/2152/562 668/2151/562 666/2150/562 665/2149/562
f 666/2156/563 661/2155/563 662/2154/563 665/2153/563
f 667/2160/564 664/2159/564 663/2158/564 668/2157/564
o Basket corner post 3.356.9300000000000014.930000000000001
v 0.446875 0.359375 0.321875
v 0.446875 0.359375 0.3081250000000001
v 0.446875 0.271875 0.321875
v 0.446875 0.271875 0.3081250000000001
v 0.4331250000000001 0.359375 0.3081250000000001
v 0.4331250000000001 0.359375 0.321875
v 0.4331250000000001 0.271875 0.3081250000000001
v 0.4331250000000001 0.271875 0.321875
vt 0 1
vt 0.013749999999999984 1
vt 0.013749999999999984 0.9125
vt 0 0.9125
vt 0 1
vt 0.013749999999999984 1
vt 0.013749999999999984 0.9125
vt 0 0.9125
vt 0 1
vt 0.013749999999999984 1
vt 0.013749999999999984 0.9125
vt 0 0.9125
vt 0 1
vt 0.013749999999999984 1
vt 0.013749999999999984 0.9125
vt 0 0.9125
vt 0 1
vt 0.013749999999999984 1
vt 0.013749999999999984 0.9862500000000001
vt 0 0.9862500000000001
vt 0 1
vt 0.013749999999999984 1
vt 0.013749999999999984 0.9862500000000001
vt 0 0.9862500000000001
vn 0 0 -1
vn 1 0 0
vn 0 0 1
vn -1 0 0
vn 0 1 0
vn 0 -1 0
usemtl m_b857fb66-1ffc-7849-b518-f1f88c078ca1
f 672/2164/565 675/2163/565 673/2162/565 670/2161/565
f 671/2168/566 672/2167/566 670/2166/566 669/2165/566
f 676/2172/567 671/2171/567 669/2170/567 674/2169/567
f 675/2176/568 676/2175/568 674/2174/568 673/2173/568
f 674/2180/569 669/2179/569 670/2178/569 673/2177/569
f 675/2184/570 672/2183/570 671/2182/570 676/2181/570
o Apple stem red 1
v 0.27749999999999997 0.38 0.193125
v 0.27749999999999997 0.38 0.181875
v 0.27749999999999997 0.35624999999999996 0.193125
v 0.27749999999999997 0.35624999999999996 0.181875
v 0.26625 0.38 0.181875
v 0.26625 0.38 0.193125
v 0.26625 0.35624999999999996 0.181875
v 0.26625 0.35624999999999996 0.193125
vt 0 1
vt 0.011249999999999982 1
vt 0.011249999999999982 0.97625
vt 0 0.97625
vt 0 1
vt 0.011249999999999982 1
vt 0.011249999999999982 0.97625
vt 0 0.97625
vt 0 1
vt 0.011249999999999982 1
vt 0.011249999999999982 0.97625
vt 0 0.97625
vt 0 1
vt 0.011249999999999982 1
vt 0.011249999999999982 0.97625
vt 0 0.97625
vt 0 1
vt 0.011249999999999982 1
vt 0.011249999999999982 0.98875
vt 0 0.98875
vt 0 1
vt 0.011249999999999982 1
vt 0.011249999999999982 0.98875
vt 0 0.98875
vn 0 0 -1
vn 1 0 0
vn 0 0 1
vn -1 0 0
vn 0 1 0
vn 0 -1 0
usemtl m_b857fb66-1ffc-7849-b518-f1f88c078ca1
f 680/2188/571 683/2187/571 681/2186/571 678/2185/571
f 679/2192/572 680/2191/572 678/2190/572 677/2189/572
f 684/2196/573 679/2195/573 677/2194/573 682/2193/573
f 683/2200/574 684/2199/574 682/2198/574 681/2197/574
f 682/2204/575 677/2203/575 678/2202/575 681/2201/575
f 683/2208/576 680/2207/576 679/2206/576 684/2205/576
o Apple stem red 2
v 0.380625 0.38 0.193125
v 0.380625 0.38 0.181875
v 0.380625 0.35624999999999996 0.193125
v 0.380625 0.35624999999999996 0.181875
v 0.369375 0.38 0.181875
v 0.369375 0.38 0.193125
v 0.369375 0.35624999999999996 0.181875
v 0.369375 0.35624999999999996 0.193125
vt 0 1
vt 0.011249999999999982 1
vt 0.011249999999999982 0.97625
vt 0 0.97625
vt 0 1
vt 0.011249999999999982 1
vt 0.011249999999999982 0.97625
vt 0 0.97625
vt 0 1
vt 0.011249999999999982 1
vt 0.011249999999999982 0.97625
vt 0 0.97625
vt 0 1
vt 0.011249999999999982 1
vt 0.011249999999999982 0.97625
vt 0 0.97625
vt 0 1
vt 0.011249999999999982 1
vt 0.011249999999999982 0.98875
vt 0 0.98875
vt 0 1
vt 0.011249999999999982 1
vt 0.011249999999999982 0.98875
vt 0 0.98875
vn 0 0 -1
vn 1 0 0
vn 0 0 1
vn -1 0 0
vn 0 1 0
vn 0 -1 0
usemtl m_b857fb66-1ffc-7849-b518-f1f88c078ca1
f 688/2212/577 691/2211/577 689/2210/577 686/2209/577
f 687/2216/578 688/2215/578 686/2214/578 685/2213/578
f 692/2220/579 687/2219/579 685/2218/579 690/2217/579
f 691/2224/580 692/2223/580 690/2222/580 689/2221/580
f 690/2228/581 685/2227/581 686/2226/581 689/2225/581
f 691/2232/582 688/2231/582 687/2230/582 692/2229/582
o Apple stem red 3
v 0.29 0.389375 0.27749999999999997
v 0.29 0.389375 0.26625
v 0.29 0.365625 0.27749999999999997
v 0.29 0.365625 0.26625
v 0.27875 0.389375 0.26625
v 0.27875 0.389375 0.27749999999999997
v 0.27875 0.365625 0.26625
v 0.27875 0.365625 0.27749999999999997
vt 0 1
vt 0.011249999999999982 1
vt 0.011249999999999982 0.97625
vt 0 0.97625
vt 0 1
vt 0.011249999999999982 1
vt 0.011249999999999982 0.97625
vt 0 0.97625
vt 0 1
vt 0.011249999999999982 1
vt 0.011249999999999982 0.97625
vt 0 0.97625
vt 0 1
vt 0.011249999999999982 1
vt 0.011249999999999982 0.97625
vt 0 0.97625
vt 0 1
vt 0.011249999999999982 1
vt 0.011249999999999982 0.98875
vt 0 0.98875
vt 0 1
vt 0.011249999999999982 1
vt 0.011249999999999982 0.98875
vt 0 0.98875
vn 0 0 -1
vn 1 0 0
vn 0 0 1
vn -1 0 0
vn 0 1 0
vn 0 -1 0
usemtl m_b857fb66-1ffc-7849-b518-f1f88c078ca1
f 696/2236/583 699/2235/583 697/2234/583 694/2233/583
f 695/2240/584 696/2239/584 694/2238/584 693/2237/584
f 700/2244/585 695/2243/585 693/2242/585 698/2241/585
f 699/2248/586 700/2247/586 698/2246/586 697/2245/586
f 698/2252/587 693/2251/587 694/2250/587 697/2249/587
f 699/2256/588 696/2255/588 695/2254/588 700/2253/588
o Apple stem golden
v 0.37124999999999997 0.43625 0.26187499999999997
v 0.37124999999999997 0.43625 0.250625
v 0.37124999999999997 0.4125 0.26187499999999997
v 0.37124999999999997 0.4125 0.250625
v 0.36 0.43625 0.250625
v 0.36 0.43625 0.26187499999999997
v 0.36 0.4125 0.250625
v 0.36 0.4125 0.26187499999999997
vt 0 1
vt 0.011249999999999982 1
vt 0.011249999999999982 0.97625
vt 0 0.97625
vt 0 1
vt 0.011249999999999982 1
vt 0.011249999999999982 0.97625
vt 0 0.97625
vt 0 1
vt 0.011249999999999982 1
vt 0.011249999999999982 0.97625
vt 0 0.97625
vt 0 1
vt 0.011249999999999982 1
vt 0.011249999999999982 0.97625
vt 0 0.97625
vt 0 1
vt 0.011249999999999982 1
vt 0.011249999999999982 0.98875
vt 0 0.98875
vt 0 1
vt 0.011249999999999982 1
vt 0.011249999999999982 0.98875
vt 0 0.98875
vn 0 0 -1
vn 1 0 0
vn 0 0 1
vn -1 0 0
vn 0 1 0
vn 0 -1 0
usemtl m_b857fb66-1ffc-7849-b518-f1f88c078ca1
f 704/2260/589 707/2259/589 705/2258/589 702/2257/589
f 703/2264/590 704/2263/590 702/2262/590 701/2261/590
f 708/2268/591 703/2267/591 701/2266/591 706/2265/591
f 707/2272/592 708/2271/592 706/2270/592 705/2269/592
f 706/2276/593 701/2275/593 702/2274/593 705/2273/593
f 707/2280/594 704/2279/594 703/2278/594 708/2277/594
o Basket long slat 3.354.41.9
v 0.446875 0.30500000000000005 0.13
v 0.446875 0.30500000000000005 0.11875
v 0.446875 0.275 0.13
v 0.446875 0.275 0.11875
v 0.20937499999999998 0.30500000000000005 0.11875
v 0.20937499999999998 0.30500000000000005 0.13
v 0.20937499999999998 0.275 0.11875
v 0.20937499999999998 0.275 0.13
vt 0 1
vt 0.23750000000000002 1
vt 0.23750000000000002 0.97
vt 0 0.97
vt 0 1
vt 0.01125000000000001 1
vt 0.01125000000000001 0.97
vt 0 0.97
vt 0 1
vt 0.23750000000000002 1
vt 0.23750000000000002 0.97
vt 0 0.97
vt 0 1
vt 0.01125000000000001 1
vt 0.01125000000000001 0.97
vt 0 0.97
vt 0 1
vt 0.23750000000000002 1
vt 0.23750000000000002 0.98875
vt 0 0.98875
vt 0 1
vt 0.23750000000000002 1
vt 0.23750000000000002 0.98875
vt 0 0.98875
vn 0 0 -1
vn 1 0 0
vn 0 0 1
vn -1 0 0
vn 0 1 0
vn 0 -1 0
usemtl m_1538f866-b198-6ddc-70f1-145addbfa7ab
f 712/2284/595 715/2283/595 713/2282/595 710/2281/595
f 711/2288/596 712/2287/596 710/2286/596 709/2285/596
f 716/2292/597 711/2291/597 709/2290/597 714/2289/597
f 715/2296/598 716/2295/598 714/2294/598 713/2293/598
f 714/2300/599 709/2299/599 710/2298/599 713/2297/599
f 715/2304/600 712/2303/600 711/2302/600 716/2301/600
o Basket long slat 3.354.44.970000000000001
v 0.446875 0.30500000000000005 0.321875
v 0.446875 0.30500000000000005 0.31062500000000004
v 0.446875 0.275 0.321875
v 0.446875 0.275 0.31062500000000004
v 0.20937499999999998 0.30500000000000005 0.31062500000000004
v 0.20937499999999998 0.30500000000000005 0.321875
v 0.20937499999999998 0.275 0.31062500000000004
v 0.20937499999999998 0.275 0.321875
vt 0 1
vt 0.23750000000000002 1
vt 0.23750000000000002 0.97
vt 0 0.97
vt 0 1
vt 0.011249999999999982 1
vt 0.011249999999999982 0.97
vt 0 0.97
vt 0 1
vt 0.23750000000000002 1
vt 0.23750000000000002 0.97
vt 0 0.97
vt 0 1
vt 0.011249999999999982 1
vt 0.011249999999999982 0.97
vt 0 0.97
vt 0 1
vt 0.23750000000000002 1
vt 0.23750000000000002 0.98875
vt 0 0.98875
vt 0 1
vt 0.23750000000000002 1
vt 0.23750000000000002 0.98875
vt 0 0.98875
vn 0 0 -1
vn 1 0 0
vn 0 0 1
vn -1 0 0
vn 0 1 0
vn 0 -1 0
usemtl m_1538f866-b198-6ddc-70f1-145addbfa7ab
f 720/2308/601 723/2307/601 721/2306/601 718/2305/601
f 719/2312/602 720/2311/602 718/2310/602 717/2309/602
f 724/2316/603 719/2315/603 717/2314/603 722/2313/603
f 723/2320/604 724/2319/604 722/2318/604 721/2317/604
f 722/2324/605 717/2323/605 718/2322/605 721/2321/605
f 723/2328/606 720/2327/606 719/2326/606 724/2325/606
o Basket end slat 3.354.43.35
v 0.22062500000000002 0.30500000000000005 0.31062500000000004
v 0.22062500000000002 0.30500000000000005 0.13
v 0.22062500000000002 0.275 0.31062500000000004
v 0.22062500000000002 0.275 0.13
v 0.20937500000000003 0.30500000000000005 0.13
v 0.20937500000000003 0.30500000000000005 0.31062500000000004
v 0.20937500000000003 0.275 0.13
v 0.20937500000000003 0.275 0.31062500000000004
vt 0 1
vt 0.01125000000000001 1
vt 0.01125000000000001 0.97
vt 0 0.97
vt 0 1
vt 0.18062500000000004 1
vt 0.18062500000000004 0.97
vt 0 0.97
vt 0 1
vt 0.01125000000000001 1
vt 0.01125000000000001 0.97
vt 0 0.97
vt 0 1
vt 0.18062500000000004 1
vt 0.18062500000000004 0.97
vt 0 0.97
vt 0 1
vt 0.01125000000000001 1
vt 0.01125000000000001 0.819375
vt 0 0.819375
vt 0 1
vt 0.01125000000000001 1
vt 0.01125000000000001 0.819375
vt 0 0.819375
vn 0 0 -1
vn 1 0 0
vn 0 0 1
vn -1 0 0
vn 0 1 0
vn 0 -1 0
usemtl m_1538f866-b198-6ddc-70f1-145addbfa7ab
f 728/2332/607 731/2331/607 729/2330/607 726/2329/607
f 727/2336/608 728/2335/608 726/2334/608 725/2333/608
f 732/2340/609 727/2339/609 725/2338/609 730/2337/609
f 731/2344/610 732/2343/610 730/2342/610 729/2341/610
f 730/2348/611 725/2347/611 726/2346/611 729/2345/611
f 731/2352/612 728/2351/612 727/2350/612 732/2349/612
o Basket end slat 3.354.46.970000000000001
v 0.446875 0.30500000000000005 0.31062500000000004
v 0.446875 0.30500000000000005 0.13
v 0.446875 0.275 0.31062500000000004
v 0.446875 0.275 0.13
v 0.43562500000000004 0.30500000000000005 0.13
v 0.43562500000000004 0.30500000000000005 0.31062500000000004
v 0.43562500000000004 0.275 0.13
v 0.43562500000000004 0.275 0.31062500000000004
vt 0 1
vt 0.011249999999999982 1
vt 0.011249999999999982 0.97
vt 0 0.97
vt 0 1
vt 0.18062500000000004 1
vt 0.18062500000000004 0.97
vt 0 0.97
vt 0 1
vt 0.011249999999999982 1
vt 0.011249999999999982 0.97
vt 0 0.97
vt 0 1
vt 0.18062500000000004 1
vt 0.18062500000000004 0.97
vt 0 0.97
vt 0 1
vt 0.011249999999999982 1
vt 0.011249999999999982 0.819375
vt 0 0.819375
vt 0 1
vt 0.011249999999999982 1
vt 0.011249999999999982 0.819375
vt 0 0.819375
vn 0 0 -1
vn 1 0 0
vn 0 0 1
vn -1 0 0
vn 0 1 0
vn 0 -1 0
usemtl m_1538f866-b198-6ddc-70f1-145addbfa7ab
f 736/2356/613 739/2355/613 737/2354/613 734/2353/613
f 735/2360/614 736/2359/614 734/2358/614 733/2357/614
f 740/2364/615 735/2363/615 733/2362/615 738/2361/615
f 739/2368/616 740/2367/616 738/2366/616 737/2365/616
f 738/2372/617 733/2371/617 734/2370/617 737/2369/617
f 739/2376/618 736/2375/618 735/2374/618 740/2373/618
o Basket long slat 3.355.11.9
v 0.446875 0.34875 0.13
v 0.446875 0.34875 0.11875
v 0.446875 0.31875 0.13
v 0.446875 0.31875 0.11875
v 0.20937499999999998 0.34875 0.11875
v 0.20937499999999998 0.34875 0.13
v 0.20937499999999998 0.31875 0.11875
v 0.20937499999999998 0.31875 0.13
vt 0 1
vt 0.23750000000000002 1
vt 0.23750000000000002 0.97
vt 0 0.97
vt 0 1
vt 0.01125000000000001 1
vt 0.01125000000000001 0.97
vt 0 0.97
vt 0 1
vt 0.23750000000000002 1
vt 0.23750000000000002 0.97
vt 0 0.97
vt 0 1
vt 0.01125000000000001 1
vt 0.01125000000000001 0.97
vt 0 0.97
vt 0 1
vt 0.23750000000000002 1
vt 0.23750000000000002 0.98875
vt 0 0.98875
vt 0 1
vt 0.23750000000000002 1
vt 0.23750000000000002 0.98875
vt 0 0.98875
vn 0 0 -1
vn 1 0 0
vn 0 0 1
vn -1 0 0
vn 0 1 0
vn 0 -1 0
usemtl m_1538f866-b198-6ddc-70f1-145addbfa7ab
f 744/2380/619 747/2379/619 745/2378/619 742/2377/619
f 743/2384/620 744/2383/620 742/2382/620 741/2381/620
f 748/2388/621 743/2387/621 741/2386/621 746/2385/621
f 747/2392/622 748/2391/622 746/2390/622 745/2389/622
f 746/2396/623 741/2395/623 742/2394/623 745/2393/623
f 747/2400/624 744/2399/624 743/2398/624 748/2397/624
o Basket long slat 3.355.14.970000000000001
v 0.446875 0.34875 0.321875
v 0.446875 0.34875 0.31062500000000004
v 0.446875 0.31875 0.321875
v 0.446875 0.31875 0.31062500000000004
v 0.20937499999999998 0.34875 0.31062500000000004
v 0.20937499999999998 0.34875 0.321875
v 0.20937499999999998 0.31875 0.31062500000000004
v 0.20937499999999998 0.31875 0.321875
vt 0 1
vt 0.23750000000000002 1
vt 0.23750000000000002 0.97
vt 0 0.97
vt 0 1
vt 0.011249999999999982 1
vt 0.011249999999999982 0.97
vt 0 0.97
vt 0 1
vt 0.23750000000000002 1
vt 0.23750000000000002 0.97
vt 0 0.97
vt 0 1
vt 0.011249999999999982 1
vt 0.011249999999999982 0.97
vt 0 0.97
vt 0 1
vt 0.23750000000000002 1
vt 0.23750000000000002 0.98875
vt 0 0.98875
vt 0 1
vt 0.23750000000000002 1
vt 0.23750000000000002 0.98875
vt 0 0.98875
vn 0 0 -1
vn 1 0 0
vn 0 0 1
vn -1 0 0
vn 0 1 0
vn 0 -1 0
usemtl m_1538f866-b198-6ddc-70f1-145addbfa7ab
f 752/2404/625 755/2403/625 753/2402/625 750/2401/625
f 751/2408/626 752/2407/626 750/2406/626 749/2405/626
f 756/2412/627 751/2411/627 749/2410/627 754/2409/627
f 755/2416/628 756/2415/628 754/2414/628 753/2413/628
f 754/2420/629 749/2419/629 750/2418/629 753/2417/629
f 755/2424/630 752/2423/630 751/2422/630 756/2421/630
o Basket end slat 3.355.13.35
v 0.22062500000000002 0.34875 0.31062500000000004
v 0.22062500000000002 0.34875 0.13
v 0.22062500000000002 0.31875 0.31062500000000004
v 0.22062500000000002 0.31875 0.13
v 0.20937500000000003 0.34875 0.13
v 0.20937500000000003 0.34875 0.31062500000000004
v 0.20937500000000003 0.31875 0.13
v 0.20937500000000003 0.31875 0.31062500000000004
vt 0 1
vt 0.01125000000000001 1
vt 0.01125000000000001 0.97
vt 0 0.97
vt 0 1
vt 0.18062500000000004 1
vt 0.18062500000000004 0.97
vt 0 0.97
vt 0 1
vt 0.01125000000000001 1
vt 0.01125000000000001 0.97
vt 0 0.97
vt 0 1
vt 0.18062500000000004 1
vt 0.18062500000000004 0.97
vt 0 0.97
vt 0 1
vt 0.01125000000000001 1
vt 0.01125000000000001 0.819375
vt 0 0.819375
vt 0 1
vt 0.01125000000000001 1
vt 0.01125000000000001 0.819375
vt 0 0.819375
vn 0 0 -1
vn 1 0 0
vn 0 0 1
vn -1 0 0
vn 0 1 0
vn 0 -1 0
usemtl m_1538f866-b198-6ddc-70f1-145addbfa7ab
f 760/2428/631 763/2427/631 761/2426/631 758/2425/631
f 759/2432/632 760/2431/632 758/2430/632 757/2429/632
f 764/2436/633 759/2435/633 757/2434/633 762/2433/633
f 763/2440/634 764/2439/634 762/2438/634 761/2437/634
f 762/2444/635 757/2443/635 758/2442/635 761/2441/635
f 763/2448/636 760/2447/636 759/2446/636 764/2445/636
o Basket end slat 3.355.16.970000000000001
v 0.446875 0.34875 0.31062500000000004
v 0.446875 0.34875 0.13
v 0.446875 0.31875 0.31062500000000004
v 0.446875 0.31875 0.13
v 0.43562500000000004 0.34875 0.13
v 0.43562500000000004 0.34875 0.31062500000000004
v 0.43562500000000004 0.31875 0.13
v 0.43562500000000004 0.31875 0.31062500000000004
vt 0 1
vt 0.011249999999999982 1
vt 0.011249999999999982 0.97
vt 0 0.97
vt 0 1
vt 0.18062500000000004 1
vt 0.18062500000000004 0.97
vt 0 0.97
vt 0 1
vt 0.011249999999999982 1
vt 0.011249999999999982 0.97
vt 0 0.97
vt 0 1
vt 0.18062500000000004 1
vt 0.18062500000000004 0.97
vt 0 0.97
vt 0 1
vt 0.011249999999999982 1
vt 0.011249999999999982 0.819375
vt 0 0.819375
vt 0 1
vt 0.011249999999999982 1
vt 0.011249999999999982 0.819375
vt 0 0.819375
vn 0 0 -1
vn 1 0 0
vn 0 0 1
vn -1 0 0
vn 0 1 0
vn 0 -1 0
usemtl m_1538f866-b198-6ddc-70f1-145addbfa7ab
f 768/2452/637 771/2451/637 769/2450/637 766/2449/637
f 767/2456/638 768/2455/638 766/2454/638 765/2453/638
f 772/2460/639 767/2459/639 765/2458/639 770/2457/639
f 771/2464/640 772/2463/640 770/2462/640 769/2461/640
f 770/2468/641 765/2467/641 766/2466/641 769/2465/641
f 771/2472/642 768/2471/642 767/2470/642 772/2469/642
o Apple squared body red 1
v 0.3075 0.35624999999999996 0.2175
v 0.3075 0.35624999999999996 0.1575
v 0.3075 0.2875 0.2175
v 0.3075 0.2875 0.1575
v 0.23624999999999996 0.35624999999999996 0.1575
v 0.23624999999999996 0.35624999999999996 0.2175
v 0.23624999999999996 0.2875 0.1575
v 0.23624999999999996 0.2875 0.2175
vt 0 1
vt 0.07125000000000001 1
vt 0.07125000000000001 0.93125
vt 0 0.93125
vt 0 1
vt 0.06 1
vt 0.06 0.93125
vt 0 0.93125
vt 0 1
vt 0.07125000000000001 1
vt 0.07125000000000001 0.93125
vt 0 0.93125
vt 0 1
vt 0.06 1
vt 0.06 0.93125
vt 0 0.93125
vt 0 1
vt 0.07125000000000001 1
vt 0.07125000000000001 0.94
vt 0 0.94
vt 0 1
vt 0.07125000000000001 1
vt 0.07125000000000001 0.94
vt 0 0.94
vn 0 0 -1
vn 1 0 0
vn 0 0 1
vn -1 0 0
vn 0 1 0
vn 0 -1 0
usemtl m_45d7d40c-61f8-a96c-9dad-fe1965de6f86
f 776/2476/643 779/2475/643 777/2474/643 774/2473/643
f 775/2480/644 776/2479/644 774/2478/644 773/2477/644
f 780/2484/645 775/2483/645 773/2482/645 778/2481/645
f 779/2488/646 780/2487/646 778/2486/646 777/2485/646
f 778/2492/647 773/2491/647 774/2490/647 777/2489/647
f 779/2496/648 776/2495/648 775/2494/648 780/2493/648
o Apple wide shoulders red 1
v 0.31687499999999996 0.34375 0.209375
v 0.31687499999999996 0.34375 0.165625
v 0.31687499999999996 0.303125 0.209375
v 0.31687499999999996 0.303125 0.165625
v 0.226875 0.34375 0.165625
v 0.226875 0.34375 0.209375
v 0.226875 0.303125 0.165625
v 0.226875 0.303125 0.209375
vt 0 1
vt 0.08999999999999997 1
vt 0.08999999999999997 0.959375
vt 0 0.959375
vt 0 1
vt 0.04375000000000001 1
vt 0.04375000000000001 0.959375
vt 0 0.959375
vt 0 1
vt 0.08999999999999997 1
vt 0.08999999999999997 0.959375
vt 0 0.959375
vt 0 1
vt 0.04375000000000001 1
vt 0.04375000000000001 0.959375
vt 0 0.959375
vt 0 1
vt 0.08999999999999997 1
vt 0.08999999999999997 0.95625
vt 0 0.95625
vt 0 1
vt 0.08999999999999997 1
vt 0.08999999999999997 0.95625
vt 0 0.95625
vn 0 0 -1
vn 1 0 0
vn 0 0 1
vn -1 0 0
vn 0 1 0
vn 0 -1 0
usemtl m_45d7d40c-61f8-a96c-9dad-fe1965de6f86
f 784/2500/649 787/2499/649 785/2498/649 782/2497/649
f 783/2504/650 784/2503/650 782/2502/650 781/2501/650
f 788/2508/651 783/2507/651 781/2506/651 786/2505/651
f 787/2512/652 788/2511/652 786/2510/652 785/2509/652
f 786/2516/653 781/2515/653 782/2514/653 785/2513/653
f 787/2520/654 784/2519/654 783/2518/654 788/2517/654
o Apple front and back red 1
v 0.296875 0.34375 0.2275
v 0.296875 0.34375 0.1475
v 0.296875 0.30000000000000004 0.2275
v 0.296875 0.30000000000000004 0.1475
v 0.24687499999999996 0.34375 0.1475
v 0.24687499999999996 0.34375 0.2275
v 0.24687499999999996 0.30000000000000004 0.1475
v 0.24687499999999996 0.30000000000000004 0.2275
vt 0 1
vt 0.05000000000000002 1
vt 0.05000000000000002 0.95625
vt 0 0.95625
vt 0 1
vt 0.08000000000000002 1
vt 0.08000000000000002 0.95625
vt 0 0.95625
vt 0 1
vt 0.05000000000000002 1
vt 0.05000000000000002 0.95625
vt 0 0.95625
vt 0 1
vt 0.08000000000000002 1
vt 0.08000000000000002 0.95625
vt 0 0.95625
vt 0 1
vt 0.05000000000000002 1
vt 0.05000000000000002 0.9199999999999999
vt 0 0.9199999999999999
vt 0 1
vt 0.05000000000000002 1
vt 0.05000000000000002 0.9199999999999999
vt 0 0.9199999999999999
vn 0 0 -1
vn 1 0 0
vn 0 0 1
vn -1 0 0
vn 0 1 0
vn 0 -1 0
usemtl m_45d7d40c-61f8-a96c-9dad-fe1965de6f86
f 792/2524/655 795/2523/655 793/2522/655 790/2521/655
f 791/2528/656 792/2527/656 790/2526/656 789/2525/656
f 796/2532/657 791/2531/657 789/2530/657 794/2529/657
f 795/2536/658 796/2535/658 794/2534/658 793/2533/658
f 794/2540/659 789/2539/659 790/2538/659 793/2537/659
f 795/2544/660 792/2543/660 791/2542/660 796/2541/660
o Apple squared body red 2
v 0.410625 0.35624999999999996 0.2175
v 0.410625 0.35624999999999996 0.1575
v 0.410625 0.2875 0.2175
v 0.410625 0.2875 0.1575
v 0.339375 0.35624999999999996 0.1575
v 0.339375 0.35624999999999996 0.2175
v 0.339375 0.2875 0.1575
v 0.339375 0.2875 0.2175
vt 0 1
vt 0.07125000000000004 1
vt 0.07125000000000004 0.93125
vt 0 0.93125
vt 0 1
vt 0.06 1
vt 0.06 0.93125
vt 0 0.93125
vt 0 1
vt 0.07125000000000004 1
vt 0.07125000000000004 0.93125
vt 0 0.93125
vt 0 1
vt 0.06 1
vt 0.06 0.93125
vt 0 0.93125
vt 0 1
vt 0.07125000000000004 1
vt 0.07125000000000004 0.94
vt 0 0.94
vt 0 1
vt 0.07125000000000004 1
vt 0.07125000000000004 0.94
vt 0 0.94
vn 0 0 -1
vn 1 0 0
vn 0 0 1
vn -1 0 0
vn 0 1 0
vn 0 -1 0
usemtl m_45d7d40c-61f8-a96c-9dad-fe1965de6f86
f 800/2548/661 803/2547/661 801/2546/661 798/2545/661
f 799/2552/662 800/2551/662 798/2550/662 797/2549/662
f 804/2556/663 799/2555/663 797/2554/663 802/2553/663
f 803/2560/664 804/2559/664 802/2558/664 801/2557/664
f 802/2564/665 797/2563/665 798/2562/665 801/2561/665
f 803/2568/666 800/2567/666 799/2566/666 804/2565/666
o Apple wide shoulders red 2
v 0.42 0.34375 0.209375
v 0.42 0.34375 0.165625
v 0.42 0.303125 0.209375
v 0.42 0.303125 0.165625
v 0.33 0.34375 0.165625
v 0.33 0.34375 0.209375
v 0.33 0.303125 0.165625
v 0.33 0.303125 0.209375
vt 0 1
vt 0.08999999999999997 1
vt 0.08999999999999997 0.959375
vt 0 0.959375
vt 0 1
vt 0.04375000000000001 1
vt 0.04375000000000001 0.959375
vt 0 0.959375
vt 0 1
vt 0.08999999999999997 1
vt 0.08999999999999997 0.959375
vt 0 0.959375
vt 0 1
vt 0.04375000000000001 1
vt 0.04375000000000001 0.959375
vt 0 0.959375
vt 0 1
vt 0.08999999999999997 1
vt 0.08999999999999997 0.95625
vt 0 0.95625
vt 0 1
vt 0.08999999999999997 1
vt 0.08999999999999997 0.95625
vt 0 0.95625
vn 0 0 -1
vn 1 0 0
vn 0 0 1
vn -1 0 0
vn 0 1 0
vn 0 -1 0
usemtl m_45d7d40c-61f8-a96c-9dad-fe1965de6f86
f 808/2572/667 811/2571/667 809/2570/667 806/2569/667
f 807/2576/668 808/2575/668 806/2574/668 805/2573/668
f 812/2580/669 807/2579/669 805/2578/669 810/2577/669
f 811/2584/670 812/2583/670 810/2582/670 809/2581/670
f 810/2588/671 805/2587/671 806/2586/671 809/2585/671
f 811/2592/672 808/2591/672 807/2590/672 812/2589/672
o Apple front and back red 2
v 0.4 0.34375 0.2275
v 0.4 0.34375 0.1475
v 0.4 0.30000000000000004 0.2275
v 0.4 0.30000000000000004 0.1475
v 0.35 0.34375 0.1475
v 0.35 0.34375 0.2275
v 0.35 0.30000000000000004 0.1475
v 0.35 0.30000000000000004 0.2275
vt 0 1
vt 0.050000000000000044 1
vt 0.050000000000000044 0.95625
vt 0 0.95625
vt 0 1
vt 0.08000000000000002 1
vt 0.08000000000000002 0.95625
vt 0 0.95625
vt 0 1
vt 0.050000000000000044 1
vt 0.050000000000000044 0.95625
vt 0 0.95625
vt 0 1
vt 0.08000000000000002 1
vt 0.08000000000000002 0.95625
vt 0 0.95625
vt 0 1
vt 0.050000000000000044 1
vt 0.050000000000000044 0.9199999999999999
vt 0 0.9199999999999999
vt 0 1
vt 0.050000000000000044 1
vt 0.050000000000000044 0.9199999999999999
vt 0 0.9199999999999999
vn 0 0 -1
vn 1 0 0
vn 0 0 1
vn -1 0 0
vn 0 1 0
vn 0 -1 0
usemtl m_45d7d40c-61f8-a96c-9dad-fe1965de6f86
f 816/2596/673 819/2595/673 817/2594/673 814/2593/673
f 815/2600/674 816/2599/674 814/2598/674 813/2597/674
f 820/2604/675 815/2603/675 813/2602/675 818/2601/675
f 819/2608/676 820/2607/676 818/2606/676 817/2605/676
f 818/2612/677 813/2611/677 814/2610/677 817/2609/677
f 819/2616/678 816/2615/678 815/2614/678 820/2613/678
o Apple squared body red 3
v 0.32 0.365625 0.301875
v 0.32 0.365625 0.24187499999999995
v 0.32 0.296875 0.301875
v 0.32 0.296875 0.24187499999999995
v 0.24874999999999997 0.365625 0.24187499999999995
v 0.24874999999999997 0.365625 0.301875
v 0.24874999999999997 0.296875 0.24187499999999995
v 0.24874999999999997 0.296875 0.301875
vt 0 1
vt 0.07125000000000001 1
vt 0.07125000000000001 0.93125
vt 0 0.93125
vt 0 1
vt 0.060000000000000026 1
vt 0.060000000000000026 0.93125
vt 0 0.93125
vt 0 1
vt 0.07125000000000001 1
vt 0.07125000000000001 0.93125
vt 0 0.93125
vt 0 1
vt 0.060000000000000026 1
vt 0.060000000000000026 0.93125
vt 0 0.93125
vt 0 1
vt 0.07125000000000001 1
vt 0.07125000000000001 0.94
vt 0 0.94
vt 0 1
vt 0.07125000000000001 1
vt 0.07125000000000001 0.94
vt 0 0.94
vn 0 0 -1
vn 1 0 0
vn 0 0 1
vn -1 0 0
vn 0 1 0
vn 0 -1 0
usemtl m_45d7d40c-61f8-a96c-9dad-fe1965de6f86
f 824/2620/679 827/2619/679 825/2618/679 822/2617/679
f 823/2624/680 824/2623/680 822/2622/680 821/2621/680
f 828/2628/681 823/2627/681 821/2626/681 826/2625/681
f 827/2632/682 828/2631/682 826/2630/682 825/2629/682
f 826/2636/683 821/2635/683 822/2634/683 825/2633/683
f 827/2640/684 824/2639/684 823/2638/684 828/2637/684
o Apple wide shoulders red 3
v 0.329375 0.353125 0.29374999999999996
v 0.329375 0.353125 0.25
v 0.329375 0.3125 0.29374999999999996
v 0.329375 0.3125 0.25
v 0.239375 0.353125 0.25
v 0.239375 0.353125 0.29374999999999996
v 0.239375 0.3125 0.25
v 0.239375 0.3125 0.29374999999999996
vt 0 1
vt 0.08999999999999997 1
vt 0.08999999999999997 0.959375
vt 0 0.959375
vt 0 1
vt 0.04374999999999998 1
vt 0.04374999999999998 0.959375
vt 0 0.959375
vt 0 1
vt 0.08999999999999997 1
vt 0.08999999999999997 0.959375
vt 0 0.959375
vt 0 1
vt 0.04374999999999998 1
vt 0.04374999999999998 0.959375
vt 0 0.959375
vt 0 1
vt 0.08999999999999997 1
vt 0.08999999999999997 0.95625
vt 0 0.95625
vt 0 1
vt 0.08999999999999997 1
vt 0.08999999999999997 0.95625
vt 0 0.95625
vn 0 0 -1
vn 1 0 0
vn 0 0 1
vn -1 0 0
vn 0 1 0
vn 0 -1 0
usemtl m_45d7d40c-61f8-a96c-9dad-fe1965de6f86
f 832/2644/685 835/2643/685 833/2642/685 830/2641/685
f 831/2648/686 832/2647/686 830/2646/686 829/2645/686
f 836/2652/687 831/2651/687 829/2650/687 834/2649/687
f 835/2656/688 836/2655/688 834/2654/688 833/2653/688
f 834/2660/689 829/2659/689 830/2658/689 833/2657/689
f 835/2664/690 832/2663/690 831/2662/690 836/2661/690
o Apple front and back red 3
v 0.309375 0.353125 0.31187499999999996
v 0.309375 0.353125 0.231875
v 0.309375 0.30937500000000007 0.31187499999999996
v 0.309375 0.30937500000000007 0.231875
v 0.25937499999999997 0.353125 0.231875
v 0.25937499999999997 0.353125 0.31187499999999996
v 0.25937499999999997 0.30937500000000007 0.231875
v 0.25937499999999997 0.30937500000000007 0.31187499999999996
vt 0 1
vt 0.050000000000000044 1
vt 0.050000000000000044 0.95625
vt 0 0.95625
vt 0 1
vt 0.07999999999999999 1
vt 0.07999999999999999 0.95625
vt 0 0.95625
vt 0 1
vt 0.050000000000000044 1
vt 0.050000000000000044 0.95625
vt 0 0.95625
vt 0 1
vt 0.07999999999999999 1
vt 0.07999999999999999 0.95625
vt 0 0.95625
vt 0 1
vt 0.050000000000000044 1
vt 0.050000000000000044 0.92
vt 0 0.92
vt 0 1
vt 0.050000000000000044 1
vt 0.050000000000000044 0.92
vt 0 0.92
vn 0 0 -1
vn 1 0 0
vn 0 0 1
vn -1 0 0
vn 0 1 0
vn 0 -1 0
usemtl m_45d7d40c-61f8-a96c-9dad-fe1965de6f86
f 840/2668/691 843/2667/691 841/2666/691 838/2665/691
f 839/2672/692 840/2671/692 838/2670/692 837/2669/692
f 844/2676/693 839/2675/693 837/2674/693 842/2673/693
f 843/2680/694 844/2679/694 842/2678/694 841/2677/694
f 842/2684/695 837/2683/695 838/2682/695 841/2681/695
f 843/2688/696 840/2687/696 839/2686/696 844/2685/696
o Apple pixel leaf red 1
v 0.3092158025100723 0.36603812133159974 0.196875
v 0.3092158025100723 0.36603812133159974 0.17875
v 0.30711289776861433 0.3581899739930011 0.196875
v 0.30711289776861433 0.3581899739930011 0.17875
v 0.27601210223138556 0.3749350260069989 0.17875
v 0.27601210223138556 0.3749350260069989 0.196875
v 0.2739091974899276 0.3670868786684003 0.17875
v 0.2739091974899276 0.3670868786684003 0.196875
vt 0 1
vt 0.03437499999999999 1
vt 0.03437499999999999 0.9918750000000001
vt 0 0.9918750000000001
vt 0 1
vt 0.018125000000000002 1
vt 0.018125000000000002 0.9918750000000001
vt 0 0.9918750000000001
vt 0 1
vt 0.03437499999999999 1
vt 0.03437499999999999 0.9918750000000001
vt 0 0.9918750000000001
vt 0 1
vt 0.018125000000000002 1
vt 0.018125000000000002 0.9918750000000001
vt 0 0.9918750000000001
vt 0 1
vt 0.03437499999999999 1
vt 0.03437499999999999 0.981875
vt 0 0.981875
vt 0 1
vt 0.03437499999999999 1
vt 0.03437499999999999 0.981875
vt 0 0.981875
vn 0 0 -1
vn 0.9659258262890683 -0.25881904510252074 0
vn 0 0 1
vn -0.9659258262890683 0.25881904510252074 0
vn 0.25881904510252074 0.9659258262890683 0
vn -0.25881904510252074 -0.9659258262890683 0
usemtl m_3d350775-4e91-ba40-1122-9c9e6fa716aa
f 848/2692/697 851/2691/697 849/2690/697 846/2689/697
f 847/2696/698 848/2695/698 846/2694/698 845/2693/698
f 852/2700/699 847/2699/699 845/2698/699 850/2697/699
f 851/2704/700 852/2703/700 850/2702/700 849/2701/700
f 850/2708/701 845/2707/701 846/2706/701 849/2705/701
f 851/2712/702 848/2711/702 847/2710/702 852/2709/702
o Apple pixel leaf red 2
v 0.4123408025100723 0.36603812133159974 0.196875
v 0.4123408025100723 0.36603812133159974 0.17875
v 0.41023789776861436 0.3581899739930011 0.196875
v 0.41023789776861436 0.3581899739930011 0.17875
v 0.3791371022313856 0.3749350260069989 0.17875
v 0.3791371022313856 0.3749350260069989 0.196875
v 0.3770341974899276 0.3670868786684003 0.17875
v 0.3770341974899276 0.3670868786684003 0.196875
vt 0 1
vt 0.03437499999999999 1
vt 0.03437499999999999 0.9918750000000001
vt 0 0.9918750000000001
vt 0 1
vt 0.018125000000000002 1
vt 0.018125000000000002 0.9918750000000001
vt 0 0.9918750000000001
vt 0 1
vt 0.03437499999999999 1
vt 0.03437499999999999 0.9918750000000001
vt 0 0.9918750000000001
vt 0 1
vt 0.018125000000000002 1
vt 0.018125000000000002 0.9918750000000001
vt 0 0.9918750000000001
vt 0 1
vt 0.03437499999999999 1
vt 0.03437499999999999 0.981875
vt 0 0.981875
vt 0 1
vt 0.03437499999999999 1
vt 0.03437499999999999 0.981875
vt 0 0.981875
vn 0 0 -1
vn 0.9659258262890683 -0.25881904510252074 0
vn 0 0 1
vn -0.9659258262890683 0.25881904510252074 0
vn 0.25881904510252074 0.9659258262890683 0
vn -0.25881904510252074 -0.9659258262890683 0
usemtl m_3d350775-4e91-ba40-1122-9c9e6fa716aa
f 856/2716/703 859/2715/703 857/2714/703 854/2713/703
f 855/2720/704 856/2719/704 854/2718/704 853/2717/704
f 860/2724/705 855/2723/705 853/2722/705 858/2721/705
f 859/2728/706 860/2727/706 858/2726/706 857/2725/706
f 858/2732/707 853/2731/707 854/2730/707 857/2729/707
f 859/2736/708 856/2735/708 855/2734/708 860/2733/708
o Apple pixel leaf red 3
v 0.32171580251007237 0.37541312133159976 0.28125
v 0.32171580251007237 0.37541312133159976 0.26312500000000005
v 0.3196128977686144 0.36756497399300114 0.28125
v 0.3196128977686144 0.36756497399300114 0.26312500000000005
v 0.2885121022313856 0.38431002600699893 0.26312500000000005
v 0.2885121022313856 0.38431002600699893 0.28125
v 0.28640919748992766 0.3764618786684003 0.26312500000000005
v 0.28640919748992766 0.3764618786684003 0.28125
vt 0 1
vt 0.03437499999999999 1
vt 0.03437499999999999 0.9918750000000001
vt 0 0.9918750000000001
vt 0 1
vt 0.018125000000000002 1
vt 0.018125000000000002 0.9918750000000001
vt 0 0.9918750000000001
vt 0 1
vt 0.03437499999999999 1
vt 0.03437499999999999 0.9918750000000001
vt 0 0.9918750000000001
vt 0 1
vt 0.018125000000000002 1
vt 0.018125000000000002 0.9918750000000001
vt 0 0.9918750000000001
vt 0 1
vt 0.03437499999999999 1
vt 0.03437499999999999 0.981875
vt 0 0.981875
vt 0 1
vt 0.03437499999999999 1
vt 0.03437499999999999 0.981875
vt 0 0.981875
vn 0 0 -1
vn 0.9659258262890683 -0.25881904510252074 0
vn 0 0 1
vn -0.9659258262890683 0.25881904510252074 0
vn 0.25881904510252074 0.9659258262890683 0
vn -0.25881904510252074 -0.9659258262890683 0
usemtl m_3d350775-4e91-ba40-1122-9c9e6fa716aa
f 864/2740/709 867/2739/709 865/2738/709 862/2737/709
f 863/2744/710 864/2743/710 862/2742/710 861/2741/710
f 868/2748/711 863/2747/711 861/2746/711 866/2745/711
f 867/2752/712 868/2751/712 866/2750/712 865/2749/712
f 866/2756/713 861/2755/713 862/2754/713 865/2753/713
f 867/2760/714 864/2759/714 863/2758/714 868/2757/714
o Apple pixel leaf golden
v 0.4029658025100723 0.42228812133159976 0.265625
v 0.4029658025100723 0.42228812133159976 0.24749999999999994
v 0.40086289776861433 0.41443997399300114 0.265625
v 0.40086289776861433 0.41443997399300114 0.24749999999999994
v 0.36976210223138556 0.43118502600699893 0.24749999999999994
v 0.36976210223138556 0.43118502600699893 0.265625
v 0.3676591974899276 0.4233368786684003 0.24749999999999994
v 0.3676591974899276 0.4233368786684003 0.265625
vt 0 1
vt 0.03437499999999999 1
vt 0.03437499999999999 0.9918750000000001
vt 0 0.9918750000000001
vt 0 1
vt 0.01812500000000003 1
vt 0.01812500000000003 0.9918750000000001
vt 0 0.9918750000000001
vt 0 1
vt 0.03437499999999999 1
vt 0.03437499999999999 0.9918750000000001
vt 0 0.9918750000000001
vt 0 1
vt 0.01812500000000003 1
vt 0.01812500000000003 0.9918750000000001
vt 0 0.9918750000000001
vt 0 1
vt 0.03437499999999999 1
vt 0.03437499999999999 0.9818749999999999
vt 0 0.9818749999999999
vt 0 1
vt 0.03437499999999999 1
vt 0.03437499999999999 0.9818749999999999
vt 0 0.9818749999999999
vn 0 0 -1
vn 0.9659258262890683 -0.25881904510252074 0
vn 0 0 1
vn -0.9659258262890683 0.25881904510252074 0
vn 0.25881904510252074 0.9659258262890683 0
vn -0.25881904510252074 -0.9659258262890683 0
usemtl m_3d350775-4e91-ba40-1122-9c9e6fa716aa
f 872/2764/715 875/2763/715 873/2762/715 870/2761/715
f 871/2768/716 872/2767/716 870/2766/716 869/2765/716
f 876/2772/717 871/2771/717 869/2770/717 874/2769/717
f 875/2776/718 876/2775/718 874/2774/718 873/2773/718
f 874/2780/719 869/2779/719 870/2778/719 873/2777/719
f 875/2784/720 872/2783/720 871/2782/720 876/2781/720
o Apple squared body golden
v 0.40125 0.4125 0.28625
v 0.40125 0.4125 0.22624999999999995
v 0.40125 0.34375 0.28625
v 0.40125 0.34375 0.22624999999999995
v 0.32999999999999996 0.4125 0.22624999999999995
v 0.32999999999999996 0.4125 0.28625
v 0.32999999999999996 0.34375 0.22624999999999995
v 0.32999999999999996 0.34375 0.28625
vt 0 1
vt 0.07125000000000004 1
vt 0.07125000000000004 0.93125
vt 0 0.93125
vt 0 1
vt 0.060000000000000026 1
vt 0.060000000000000026 0.93125
vt 0 0.93125
vt 0 1
vt 0.07125000000000004 1
vt 0.07125000000000004 0.93125
vt 0 0.93125
vt 0 1
vt 0.060000000000000026 1
vt 0.060000000000000026 0.93125
vt 0 0.93125
vt 0 1
vt 0.07125000000000004 1
vt 0.07125000000000004 0.94
vt 0 0.94
vt 0 1
vt 0.07125000000000004 1
vt 0.07125000000000004 0.94
vt 0 0.94
vn 0 0 -1
vn 1 0 0
vn 0 0 1
vn -1 0 0
vn 0 1 0
vn 0 -1 0
usemtl m_a81de389-6838-c400-0f2f-b322ccf14076
f 880/2788/721 883/2787/721 881/2786/721 878/2785/721
f 879/2792/722 880/2791/722 878/2790/722 877/2789/722
f 884/2796/723 879/2795/723 877/2794/723 882/2793/723
f 883/2800/724 884/2799/724 882/2798/724 881/2797/724
f 882/2804/725 877/2803/725 878/2802/725 881/2801/725
f 883/2808/726 880/2807/726 879/2806/726 884/2805/726
o Apple wide shoulders golden
v 0.41062499999999996 0.4 0.27812499999999996
v 0.41062499999999996 0.4 0.234375
v 0.41062499999999996 0.359375 0.27812499999999996
v 0.41062499999999996 0.359375 0.234375
v 0.320625 0.4 0.234375
v 0.320625 0.4 0.27812499999999996
v 0.320625 0.359375 0.234375
v 0.320625 0.359375 0.27812499999999996
vt 0 1
vt 0.08999999999999997 1
vt 0.08999999999999997 0.959375
vt 0 0.959375
vt 0 1
vt 0.04374999999999998 1
vt 0.04374999999999998 0.959375
vt 0 0.959375
vt 0 1
vt 0.08999999999999997 1
vt 0.08999999999999997 0.959375
vt 0 0.959375
vt 0 1
vt 0.04374999999999998 1
vt 0.04374999999999998 0.959375
vt 0 0.959375
vt 0 1
vt 0.08999999999999997 1
vt 0.08999999999999997 0.95625
vt 0 0.95625
vt 0 1
vt 0.08999999999999997 1
vt 0.08999999999999997 0.95625
vt 0 0.95625
vn 0 0 -1
vn 1 0 0
vn 0 0 1
vn -1 0 0
vn 0 1 0
vn 0 -1 0
usemtl m_a81de389-6838-c400-0f2f-b322ccf14076
f 888/2812/727 891/2811/727 889/2810/727 886/2809/727
f 887/2816/728 888/2815/728 886/2814/728 885/2813/728
f 892/2820/729 887/2819/729 885/2818/729 890/2817/729
f 891/2824/730 892/2823/730 890/2822/730 889/2821/730
f 890/2828/731 885/2827/731 886/2826/731 889/2825/731
f 891/2832/732 888/2831/732 887/2830/732 892/2829/732
o Apple front and back golden
v 0.390625 0.4 0.29624999999999996
v 0.390625 0.4 0.21625
v 0.390625 0.35625000000000007 0.29624999999999996
v 0.390625 0.35625000000000007 0.21625
v 0.34062499999999996 0.4 0.21625
v 0.34062499999999996 0.4 0.29624999999999996
v 0.34062499999999996 0.35625000000000007 0.21625
v 0.34062499999999996 0.35625000000000007 0.29624999999999996
vt 0 1
vt 0.050000000000000044 1
vt 0.050000000000000044 0.95625
vt 0 0.95625
vt 0 1
vt 0.07999999999999999 1
vt 0.07999999999999999 0.95625
vt 0 0.95625
vt 0 1
vt 0.050000000000000044 1
vt 0.050000000000000044 0.95625
vt 0 0.95625
vt 0 1
vt 0.07999999999999999 1
vt 0.07999999999999999 0.95625
vt 0 0.95625
vt 0 1
vt 0.050000000000000044 1
vt 0.050000000000000044 0.92
vt 0 0.92
vt 0 1
vt 0.050000000000000044 1
vt 0.050000000000000044 0.92
vt 0 0.92
vn 0 0 -1
vn 1 0 0
vn 0 0 1
vn -1 0 0
vn 0 1 0
vn 0 -1 0
usemtl m_a81de389-6838-c400-0f2f-b322ccf14076
f 896/2836/733 899/2835/733 897/2834/733 894/2833/733
f 895/2840/734 896/2839/734 894/2838/734 893/2837/734
f 900/2844/735 895/2843/735 893/2842/735 898/2841/735
f 899/2848/736 900/2847/736 898/2846/736 897/2845/736
f 898/2852/737 893/2851/737 894/2850/737 897/2849/737
f 899/2856/738 896/2855/738 895/2854/738 900/2853/738
o Produce basket bottom -8.1
v -0.24375 0.271875 -0.08124999999999999
v -0.24375 0.271875 -0.3
v -0.24375 0.2568750000000001 -0.08124999999999999
v -0.24375 0.2568750000000001 -0.3
v -0.50625 0.271875 -0.3
v -0.50625 0.271875 -0.08124999999999999
v -0.50625 0.2568750000000001 -0.3
v -0.50625 0.2568750000000001 -0.08124999999999999
vt 0 1
vt 0.2625 1
vt 0.2625 0.9850000000000001
vt 0 0.9850000000000001
vt 0 1
vt 0.21875 1
vt 0.21875 0.9850000000000001
vt 0 0.9850000000000001
vt 0 1
vt 0.2625 1
vt 0.2625 0.9850000000000001
vt 0 0.9850000000000001
vt 0 1
vt 0.21875 1
vt 0.21875 0.9850000000000001
vt 0 0.9850000000000001
vt 0 1
vt 0.2625 1
vt 0.2625 0.78125
vt 0 0.78125
vt 0 1
vt 0.2625 1
vt 0.2625 0.78125
vt 0 0.78125
vn 0 0 -1
vn 1 0 0
vn 0 0 1
vn -1 0 0
vn 0 1 0
vn 0 -1 0
usemtl m_b857fb66-1ffc-7849-b518-f1f88c078ca1
f 904/2860/739 907/2859/739 905/2858/739 902/2857/739
f 903/2864/740 904/2863/740 902/2862/740 901/2861/740
f 908/2868/741 903/2867/741 901/2866/741 906/2865/741
f 907/2872/742 908/2871/742 906/2870/742 905/2869/742
f 906/2876/743 901/2875/743 902/2874/743 905/2873/743
f 907/2880/744 904/2879/744 903/2878/744 908/2877/744
o Basket corner post -8.1-8.1-4.8
v -0.49250000000000005 0.359375 -0.28625
v -0.49250000000000005 0.359375 -0.29999999999999993
v -0.49250000000000005 0.271875 -0.28625
v -0.49250000000000005 0.271875 -0.29999999999999993
v -0.50625 0.359375 -0.29999999999999993
v -0.50625 0.359375 -0.28625
v -0.50625 0.271875 -0.29999999999999993
v -0.50625 0.271875 -0.28625
vt 0 1
vt 0.013749999999999984 1
vt 0.013749999999999984 0.9125
vt 0 0.9125
vt 0 1
vt 0.013749999999999984 1
vt 0.013749999999999984 0.9125
vt 0 0.9125
vt 0 1
vt 0.013749999999999984 1
vt 0.013749999999999984 0.9125
vt 0 0.9125
vt 0 1
vt 0.013749999999999984 1
vt 0.013749999999999984 0.9125
vt 0 0.9125
vt 0 1
vt 0.013749999999999984 1
vt 0.013749999999999984 0.9862500000000001
vt 0 0.9862500000000001
vt 0 1
vt 0.013749999999999984 1
vt 0.013749999999999984 0.9862500000000001
vt 0 0.9862500000000001
vn 0 0 -1
vn 1 0 0
vn 0 0 1
vn -1 0 0
vn 0 1 0
vn 0 -1 0
usemtl m_b857fb66-1ffc-7849-b518-f1f88c078ca1
f 912/2884/745 915/2883/745 913/2882/745 910/2881/745
f 911/2888/746 912/2887/746 910/2886/746 909/2885/746
f 916/2892/747 911/2891/747 909/2890/747 914/2889/747
f 915/2896/748 916/2895/748 914/2894/748 913/2893/748
f 914/2900/749 909/2899/749 910/2898/749 913/2897/749
f 915/2904/750 912/2903/750 911/2902/750 916/2901/750
o Basket corner post -8.1-8.1-1.5199999999999998
v -0.49250000000000005 0.359375 -0.08124999999999999
v -0.49250000000000005 0.359375 -0.09499999999999997
v -0.49250000000000005 0.271875 -0.08124999999999999
v -0.49250000000000005 0.271875 -0.09499999999999997
v -0.50625 0.359375 -0.09499999999999997
v -0.50625 0.359375 -0.08124999999999999
v -0.50625 0.271875 -0.09499999999999997
v -0.50625 0.271875 -0.08124999999999999
vt 0 1
vt 0.013749999999999984 1
vt 0.013749999999999984 0.9125
vt 0 0.9125
vt 0 1
vt 0.013749999999999998 1
vt 0.013749999999999998 0.9125
vt 0 0.9125
vt 0 1
vt 0.013749999999999984 1
vt 0.013749999999999984 0.9125
vt 0 0.9125
vt 0 1
vt 0.013749999999999998 1
vt 0.013749999999999998 0.9125
vt 0 0.9125
vt 0 1
vt 0.013749999999999984 1
vt 0.013749999999999984 0.98625
vt 0 0.98625
vt 0 1
vt 0.013749999999999984 1
vt 0.013749999999999984 0.98625
vt 0 0.98625
vn 0 0 -1
vn 1 0 0
vn 0 0 1
vn -1 0 0
vn 0 1 0
vn 0 -1 0
usemtl m_b857fb66-1ffc-7849-b518-f1f88c078ca1
f 920/2908/751 923/2907/751 921/2906/751 918/2905/751
f 919/2912/752 920/2911/752 918/2910/752 917/2909/752
f 924/2916/753 919/2915/753 917/2914/753 922/2913/753
f 923/2920/754 924/2919/754 922/2918/754 921/2917/754
f 922/2924/755 917/2923/755 918/2922/755 921/2921/755
f 923/2928/756 920/2927/756 919/2926/756 924/2925/756
o Basket corner post -8.1-4.119999999999999-4.8
v -0.2437499999999999 0.359375 -0.28625
v -0.2437499999999999 0.359375 -0.29999999999999993
v -0.2437499999999999 0.271875 -0.28625
v -0.2437499999999999 0.271875 -0.29999999999999993
v -0.25749999999999995 0.359375 -0.29999999999999993
v -0.25749999999999995 0.359375 -0.28625
v -0.25749999999999995 0.271875 -0.29999999999999993
v -0.25749999999999995 0.271875 -0.28625
vt 0 1
vt 0.013750000000000012 1
vt 0.013750000000000012 0.9125
vt 0 0.9125
vt 0 1
vt 0.013749999999999984 1
vt 0.013749999999999984 0.9125
vt 0 0.9125
vt 0 1
vt 0.013750000000000012 1
vt 0.013750000000000012 0.9125
vt 0 0.9125
vt 0 1
vt 0.013749999999999984 1
vt 0.013749999999999984 0.9125
vt 0 0.9125
vt 0 1
vt 0.013750000000000012 1
vt 0.013750000000000012 0.9862500000000001
vt 0 0.9862500000000001
vt 0 1
vt 0.013750000000000012 1
vt 0.013750000000000012 0.9862500000000001
vt 0 0.9862500000000001
vn 0 0 -1
vn 1 0 0
vn 0 0 1
vn -1 0 0
vn 0 1 0
vn 0 -1 0
usemtl m_b857fb66-1ffc-7849-b518-f1f88c078ca1
f 928/2932/757 931/2931/757 929/2930/757 926/2929/757
f 927/2936/758 928/2935/758 926/2934/758 925/2933/758
f 932/2940/759 927/2939/759 925/2938/759 930/2937/759
f 931/2944/760 932/2943/760 930/2942/760 929/2941/760
f 930/2948/761 925/2947/761 926/2946/761 929/2945/761
f 931/2952/762 928/2951/762 927/2950/762 932/2949/762
o Basket corner post -8.1-4.119999999999999-1.5199999999999998
v -0.2437499999999999 0.359375 -0.08124999999999999
v -0.2437499999999999 0.359375 -0.09499999999999997
v -0.2437499999999999 0.271875 -0.08124999999999999
v -0.2437499999999999 0.271875 -0.09499999999999997
v -0.25749999999999995 0.359375 -0.09499999999999997
v -0.25749999999999995 0.359375 -0.08124999999999999
v -0.25749999999999995 0.271875 -0.09499999999999997
v -0.25749999999999995 0.271875 -0.08124999999999999
vt 0 1
vt 0.013750000000000012 1
vt 0.013750000000000012 0.9125
vt 0 0.9125
vt 0 1
vt 0.013749999999999998 1
vt 0.013749999999999998 0.9125
vt 0 0.9125
vt 0 1
vt 0.013750000000000012 1
vt 0.013750000000000012 0.9125
vt 0 0.9125
vt 0 1
vt 0.013749999999999998 1
vt 0.013749999999999998 0.9125
vt 0 0.9125
vt 0 1
vt 0.013750000000000012 1
vt 0.013750000000000012 0.98625
vt 0 0.98625
vt 0 1
vt 0.013750000000000012 1
vt 0.013750000000000012 0.98625
vt 0 0.98625
vn 0 0 -1
vn 1 0 0
vn 0 0 1
vn -1 0 0
vn 0 1 0
vn 0 -1 0
usemtl m_b857fb66-1ffc-7849-b518-f1f88c078ca1
f 936/2956/763 939/2955/763 937/2954/763 934/2953/763
f 935/2960/764 936/2959/764 934/2958/764 933/2957/764
f 940/2964/765 935/2963/765 933/2962/765 938/2961/765
f 939/2968/766 940/2967/766 938/2966/766 937/2965/766
f 938/2972/767 933/2971/767 934/2970/767 937/2969/767
f 939/2976/768 936/2975/768 935/2974/768 940/2973/768
o Basket long slat -8.14.4-4.8
v -0.24375 0.30500000000000005 -0.28875
v -0.24375 0.30500000000000005 -0.3
v -0.24375 0.275 -0.28875
v -0.24375 0.275 -0.3
v -0.50625 0.30500000000000005 -0.3
v -0.50625 0.30500000000000005 -0.28875
v -0.50625 0.275 -0.3
v -0.50625 0.275 -0.28875
vt 0 1
vt 0.2625 1
vt 0.2625 0.97
vt 0 0.97
vt 0 1
vt 0.011249999999999982 1
vt 0.011249999999999982 0.97
vt 0 0.97
vt 0 1
vt 0.2625 1
vt 0.2625 0.97
vt 0 0.97
vt 0 1
vt 0.011249999999999982 1
vt 0.011249999999999982 0.97
vt 0 0.97
vt 0 1
vt 0.2625 1
vt 0.2625 0.98875
vt 0 0.98875
vt 0 1
vt 0.2625 1
vt 0.2625 0.98875
vt 0 0.98875
vn 0 0 -1
vn 1 0 0
vn 0 0 1
vn -1 0 0
vn 0 1 0
vn 0 -1 0
usemtl m_1538f866-b198-6ddc-70f1-145addbfa7ab
f 944/2980/769 947/2979/769 945/2978/769 942/2977/769
f 943/2984/770 944/2983/770 942/2982/770 941/2981/770
f 948/2988/771 943/2987/771 941/2986/771 946/2985/771
f 947/2992/772 948/2991/772 946/2990/772 945/2989/772
f 946/2996/773 941/2995/773 942/2994/773 945/2993/773
f 947/3000/774 944/2999/774 943/2998/774 948/2997/774
o Basket long slat -8.14.4-1.4799999999999998
v -0.24375 0.30500000000000005 -0.08124999999999999
v -0.24375 0.30500000000000005 -0.09249999999999997
v -0.24375 0.275 -0.08124999999999999
v -0.24375 0.275 -0.09249999999999997
v -0.50625 0.30500000000000005 -0.09249999999999997
v -0.50625 0.30500000000000005 -0.08124999999999999
v -0.50625 0.275 -0.09249999999999997
v -0.50625 0.275 -0.08124999999999999
vt 0 1
vt 0.2625 1
vt 0.2625 0.97
vt 0 0.97
vt 0 1
vt 0.011249999999999996 1
vt 0.011249999999999996 0.97
vt 0 0.97
vt 0 1
vt 0.2625 1
vt 0.2625 0.97
vt 0 0.97
vt 0 1
vt 0.011249999999999996 1
vt 0.011249999999999996 0.97
vt 0 0.97
vt 0 1
vt 0.2625 1
vt 0.2625 0.98875
vt 0 0.98875
vt 0 1
vt 0.2625 1
vt 0.2625 0.98875
vt 0 0.98875
vn 0 0 -1
vn 1 0 0
vn 0 0 1
vn -1 0 0
vn 0 1 0
vn 0 -1 0
usemtl m_1538f866-b198-6ddc-70f1-145addbfa7ab
f 952/3004/775 955/3003/775 953/3002/775 950/3001/775
f 951/3008/776 952/3007/776 950/3006/776 949/3005/776
f 956/3012/777 951/3011/777 949/3010/777 954/3009/777
f 955/3016/778 956/3015/778 954/3014/778 953/3013/778
f 954/3020/779 949/3019/779 950/3018/779 953/3017/779
f 955/3024/780 952/3023/780 951/3022/780 956/3021/780
o Basket end slat -8.14.4-8.1
v -0.495 0.30500000000000005 -0.09249999999999997
v -0.495 0.30500000000000005 -0.28875
v -0.495 0.275 -0.09249999999999997
v -0.495 0.275 -0.28875
v -0.50625 0.30500000000000005 -0.28875
v -0.50625 0.30500000000000005 -0.09249999999999997
v -0.50625 0.275 -0.28875
v -0.50625 0.275 -0.09249999999999997
vt 0 1
vt 0.011249999999999982 1
vt 0.011249999999999982 0.97
vt 0 0.97
vt 0 1
vt 0.19625000000000004 1
vt 0.19625000000000004 0.97
vt 0 0.97
vt 0 1
vt 0.011249999999999982 1
vt 0.011249999999999982 0.97
vt 0 0.97
vt 0 1
vt 0.19625000000000004 1
vt 0.19625000000000004 0.97
vt 0 0.97
vt 0 1
vt 0.011249999999999982 1
vt 0.011249999999999982 0.80375
vt 0 0.80375
vt 0 1
vt 0.011249999999999982 1
vt 0.011249999999999982 0.80375
vt 0 0.80375
vn 0 0 -1
vn 1 0 0
vn 0 0 1
vn -1 0 0
vn 0 1 0
vn 0 -1 0
usemtl m_1538f866-b198-6ddc-70f1-145addbfa7ab
f 960/3028/781 963/3027/781 961/3026/781 958/3025/781
f 959/3032/782 960/3031/782 958/3030/782 957/3029/782
f 964/3036/783 959/3035/783 957/3034/783 962/3033/783
f 963/3040/784 964/3039/784 962/3038/784 961/3037/784
f 962/3044/785 957/3043/785 958/3042/785 961/3041/785
f 963/3048/786 960/3047/786 959/3046/786 964/3045/786
o Basket end slat -8.14.4-4.079999999999999
v -0.24374999999999997 0.30500000000000005 -0.09249999999999997
v -0.24374999999999997 0.30500000000000005 -0.28875
v -0.24374999999999997 0.275 -0.09249999999999997
v -0.24374999999999997 0.275 -0.28875
v -0.25499999999999995 0.30500000000000005 -0.28875
v -0.25499999999999995 0.30500000000000005 -0.09249999999999997
v -0.25499999999999995 0.275 -0.28875
v -0.25499999999999995 0.275 -0.09249999999999997
vt 0 1
vt 0.01125000000000001 1
vt 0.01125000000000001 0.97
vt 0 0.97
vt 0 1
vt 0.19625000000000004 1
vt 0.19625000000000004 0.97
vt 0 0.97
vt 0 1
vt 0.01125000000000001 1
vt 0.01125000000000001 0.97
vt 0 0.97
vt 0 1
vt 0.19625000000000004 1
vt 0.19625000000000004 0.97
vt 0 0.97
vt 0 1
vt 0.01125000000000001 1
vt 0.01125000000000001 0.80375
vt 0 0.80375
vt 0 1
vt 0.01125000000000001 1
vt 0.01125000000000001 0.80375
vt 0 0.80375
vn 0 0 -1
vn 1 0 0
vn 0 0 1
vn -1 0 0
vn 0 1 0
vn 0 -1 0
usemtl m_1538f866-b198-6ddc-70f1-145addbfa7ab
f 968/3052/787 971/3051/787 969/3050/787 966/3049/787
f 967/3056/788 968/3055/788 966/3054/788 965/3053/788
f 972/3060/789 967/3059/789 965/3058/789 970/3057/789
f 971/3064/790 972/3063/790 970/3062/790 969/3061/790
f 970/3068/791 965/3067/791 966/3066/791 969/3065/791
f 971/3072/792 968/3071/792 967/3070/792 972/3069/792
o Basket long slat -8.15.1-4.8
v -0.24375 0.34875 -0.28875
v -0.24375 0.34875 -0.3
v -0.24375 0.31875 -0.28875
v -0.24375 0.31875 -0.3
v -0.50625 0.34875 -0.3
v -0.50625 0.34875 -0.28875
v -0.50625 0.31875 -0.3
v -0.50625 0.31875 -0.28875
vt 0 1
vt 0.2625 1
vt 0.2625 0.97
vt 0 0.97
vt 0 1
vt 0.011249999999999982 1
vt 0.011249999999999982 0.97
vt 0 0.97
vt 0 1
vt 0.2625 1
vt 0.2625 0.97
vt 0 0.97
vt 0 1
vt 0.011249999999999982 1
vt 0.011249999999999982 0.97
vt 0 0.97
vt 0 1
vt 0.2625 1
vt 0.2625 0.98875
vt 0 0.98875
vt 0 1
vt 0.2625 1
vt 0.2625 0.98875
vt 0 0.98875
vn 0 0 -1
vn 1 0 0
vn 0 0 1
vn -1 0 0
vn 0 1 0
vn 0 -1 0
usemtl m_1538f866-b198-6ddc-70f1-145addbfa7ab
f 976/3076/793 979/3075/793 977/3074/793 974/3073/793
f 975/3080/794 976/3079/794 974/3078/794 973/3077/794
f 980/3084/795 975/3083/795 973/3082/795 978/3081/795
f 979/3088/796 980/3087/796 978/3086/796 977/3085/796
f 978/3092/797 973/3091/797 974/3090/797 977/3089/797
f 979/3096/798 976/3095/798 975/3094/798 980/3093/798
o Basket long slat -8.15.1-1.4799999999999998
v -0.24375 0.34875 -0.08124999999999999
v -0.24375 0.34875 -0.09249999999999997
v -0.24375 0.31875 -0.08124999999999999
v -0.24375 0.31875 -0.09249999999999997
v -0.50625 0.34875 -0.09249999999999997
v -0.50625 0.34875 -0.08124999999999999
v -0.50625 0.31875 -0.09249999999999997
v -0.50625 0.31875 -0.08124999999999999
vt 0 1
vt 0.2625 1
vt 0.2625 0.97
vt 0 0.97
vt 0 1
vt 0.011249999999999996 1
vt 0.011249999999999996 0.97
vt 0 0.97
vt 0 1
vt 0.2625 1
vt 0.2625 0.97
vt 0 0.97
vt 0 1
vt 0.011249999999999996 1
vt 0.011249999999999996 0.97
vt 0 0.97
vt 0 1
vt 0.2625 1
vt 0.2625 0.98875
vt 0 0.98875
vt 0 1
vt 0.2625 1
vt 0.2625 0.98875
vt 0 0.98875
vn 0 0 -1
vn 1 0 0
vn 0 0 1
vn -1 0 0
vn 0 1 0
vn 0 -1 0
usemtl m_1538f866-b198-6ddc-70f1-145addbfa7ab
f 984/3100/799 987/3099/799 985/3098/799 982/3097/799
f 983/3104/800 984/3103/800 982/3102/800 981/3101/800
f 988/3108/801 983/3107/801 981/3106/801 986/3105/801
f 987/3112/802 988/3111/802 986/3110/802 985/3109/802
f 986/3116/803 981/3115/803 982/3114/803 985/3113/803
f 987/3120/804 984/3119/804 983/3118/804 988/3117/804
o Basket end slat -8.15.1-8.1
v -0.495 0.34875 -0.09249999999999997
v -0.495 0.34875 -0.28875
v -0.495 0.31875 -0.09249999999999997
v -0.495 0.31875 -0.28875
v -0.50625 0.34875 -0.28875
v -0.50625 0.34875 -0.09249999999999997
v -0.50625 0.31875 -0.28875
v -0.50625 0.31875 -0.09249999999999997
vt 0 1
vt 0.011249999999999982 1
vt 0.011249999999999982 0.97
vt 0 0.97
vt 0 1
vt 0.19625000000000004 1
vt 0.19625000000000004 0.97
vt 0 0.97
vt 0 1
vt 0.011249999999999982 1
vt 0.011249999999999982 0.97
vt 0 0.97
vt 0 1
vt 0.19625000000000004 1
vt 0.19625000000000004 0.97
vt 0 0.97
vt 0 1
vt 0.011249999999999982 1
vt 0.011249999999999982 0.80375
vt 0 0.80375
vt 0 1
vt 0.011249999999999982 1
vt 0.011249999999999982 0.80375
vt 0 0.80375
vn 0 0 -1
vn 1 0 0
vn 0 0 1
vn -1 0 0
vn 0 1 0
vn 0 -1 0
usemtl m_1538f866-b198-6ddc-70f1-145addbfa7ab
f 992/3124/805 995/3123/805 993/3122/805 990/3121/805
f 991/3128/806 992/3127/806 990/3126/806 989/3125/806
f 996/3132/807 991/3131/807 989/3130/807 994/3129/807
f 995/3136/808 996/3135/808 994/3134/808 993/3133/808
f 994/3140/809 989/3139/809 990/3138/809 993/3137/809
f 995/3144/810 992/3143/810 991/3142/810 996/3141/810
o Basket end slat -8.15.1-4.079999999999999
v -0.24374999999999997 0.34875 -0.09249999999999997
v -0.24374999999999997 0.34875 -0.28875
v -0.24374999999999997 0.31875 -0.09249999999999997
v -0.24374999999999997 0.31875 -0.28875
v -0.25499999999999995 0.34875 -0.28875
v -0.25499999999999995 0.34875 -0.09249999999999997
v -0.25499999999999995 0.31875 -0.28875
v -0.25499999999999995 0.31875 -0.09249999999999997
vt 0 1
vt 0.01125000000000001 1
vt 0.01125000000000001 0.97
vt 0 0.97
vt 0 1
vt 0.19625000000000004 1
vt 0.19625000000000004 0.97
vt 0 0.97
vt 0 1
vt 0.01125000000000001 1
vt 0.01125000000000001 0.97
vt 0 0.97
vt 0 1
vt 0.19625000000000004 1
vt 0.19625000000000004 0.97
vt 0 0.97
vt 0 1
vt 0.01125000000000001 1
vt 0.01125000000000001 0.80375
vt 0 0.80375
vt 0 1
vt 0.01125000000000001 1
vt 0.01125000000000001 0.80375
vt 0 0.80375
vn 0 0 -1
vn 1 0 0
vn 0 0 1
vn -1 0 0
vn 0 1 0
vn 0 -1 0
usemtl m_1538f866-b198-6ddc-70f1-145addbfa7ab
f 1000/3148/811 1003/3147/811 1001/3146/811 998/3145/811
f 999/3152/812 1000/3151/812 998/3150/812 997/3149/812
f 1004/3156/813 999/3155/813 997/3154/813 1002/3153/813
f 1003/3160/814 1004/3159/814 1002/3158/814 1001/3157/814
f 1002/3164/815 997/3163/815 998/3162/815 1001/3161/815
f 1003/3168/816 1000/3167/816 999/3166/816 1004/3165/816
o Pixel potato 0
v -0.40937500000000004 0.32187499999999997 -0.20937499999999998
v -0.40937500000000004 0.32187499999999997 -0.25
v -0.40937500000000004 0.284375 -0.20937499999999998
v -0.40937500000000004 0.284375 -0.25
v -0.4625 0.32187499999999997 -0.25
v -0.4625 0.32187499999999997 -0.20937499999999998
v -0.4625 0.284375 -0.25
v -0.4625 0.284375 -0.20937499999999998
vt 0 1
vt 0.05312499999999998 1
vt 0.05312499999999998 0.9625
vt 0 0.9625
vt 0 1
vt 0.040624999999999994 1
vt 0.040624999999999994 0.9625
vt 0 0.9625
vt 0 1
vt 0.05312499999999998 1
vt 0.05312499999999998 0.9625
vt 0 0.9625
vt 0 1
vt 0.040624999999999994 1
vt 0.040624999999999994 0.9625
vt 0 0.9625
vt 0 1
vt 0.05312499999999998 1
vt 0.05312499999999998 0.959375
vt 0 0.959375
vt 0 1
vt 0.05312499999999998 1
vt 0.05312499999999998 0.959375
vt 0 0.959375
vn 0 0 -1
vn 1 0 0
vn 0 0 1
vn -1 0 0
vn 0 1 0
vn 0 -1 0
usemtl m_eb08f476-2a15-5350-413b-44d57be8bfc0
f 1008/3172/817 1011/3171/817 1009/3170/817 1006/3169/817
f 1007/3176/818 1008/3175/818 1006/3174/818 1005/3173/818
f 1012/3180/819 1007/3179/819 1005/3178/819 1010/3177/819
f 1011/3184/820 1012/3183/820 1010/3182/820 1009/3181/820
f 1010/3188/821 1005/3187/821 1006/3186/821 1009/3185/821
f 1011/3192/822 1008/3191/822 1007/3190/822 1012/3189/822
o Potato stepped top 0
v -0.41874999999999996 0.333125 -0.215625
v -0.41874999999999996 0.333125 -0.24374999999999997
v -0.41874999999999996 0.321875 -0.215625
v -0.41874999999999996 0.321875 -0.24374999999999997
v -0.453125 0.333125 -0.24374999999999997
v -0.453125 0.333125 -0.215625
v -0.453125 0.321875 -0.24374999999999997
v -0.453125 0.321875 -0.215625
vt 0 1
vt 0.03437499999999999 1
vt 0.03437499999999999 0.98875
vt 0 0.98875
vt 0 1
vt 0.028124999999999983 1
vt 0.028124999999999983 0.98875
vt 0 0.98875
vt 0 1
vt 0.03437499999999999 1
vt 0.03437499999999999 0.98875
vt 0 0.98875
vt 0 1
vt 0.028124999999999983 1
vt 0.028124999999999983 0.98875
vt 0 0.98875
vt 0 1
vt 0.03437499999999999 1
vt 0.03437499999999999 0.971875
vt 0 0.971875
vt 0 1
vt 0.03437499999999999 1
vt 0.03437499999999999 0.971875
vt 0 0.971875
vn 0 0 -1
vn 1 0 0
vn 0 0 1
vn -1 0 0
vn 0 1 0
vn 0 -1 0
usemtl m_eb08f476-2a15-5350-413b-44d57be8bfc0
f 1016/3196/823 1019/3195/823 1017/3194/823 1014/3193/823
f 1015/3200/824 1016/3199/824 1014/3198/824 1013/3197/824
f 1020/3204/825 1015/3203/825 1013/3202/825 1018/3201/825
f 1019/3208/826 1020/3207/826 1018/3206/826 1017/3205/826
f 1018/3212/827 1013/3211/827 1014/3210/827 1017/3209/827
f 1019/3216/828 1016/3215/828 1015/3214/828 1020/3213/828
o Pixel potato 1
v -0.3375 0.32187499999999997 -0.20937499999999998
v -0.3375 0.32187499999999997 -0.25
v -0.3375 0.284375 -0.20937499999999998
v -0.3375 0.284375 -0.25
v -0.390625 0.32187499999999997 -0.25
v -0.390625 0.32187499999999997 -0.20937499999999998
v -0.390625 0.284375 -0.25
v -0.390625 0.284375 -0.20937499999999998
vt 0 1
vt 0.05312499999999998 1
vt 0.05312499999999998 0.9625
vt 0 0.9625
vt 0 1
vt 0.040624999999999994 1
vt 0.040624999999999994 0.9625
vt 0 0.9625
vt 0 1
vt 0.05312499999999998 1
vt 0.05312499999999998 0.9625
vt 0 0.9625
vt 0 1
vt 0.040624999999999994 1
vt 0.040624999999999994 0.9625
vt 0 0.9625
vt 0 1
vt 0.05312499999999998 1
vt 0.05312499999999998 0.959375
vt 0 0.959375
vt 0 1
vt 0.05312499999999998 1
vt 0.05312499999999998 0.959375
vt 0 0.959375
vn 0 0 -1
vn 1 0 0
vn 0 0 1
vn -1 0 0
vn 0 1 0
vn 0 -1 0
usemtl m_eb08f476-2a15-5350-413b-44d57be8bfc0
f 1024/3220/829 1027/3219/829 1025/3218/829 1022/3217/829
f 1023/3224/830 1024/3223/830 1022/3222/830 1021/3221/830
f 1028/3228/831 1023/3227/831 1021/3226/831 1026/3225/831
f 1027/3232/832 1028/3231/832 1026/3230/832 1025/3229/832
f 1026/3236/833 1021/3235/833 1022/3234/833 1025/3233/833
f 1027/3240/834 1024/3239/834 1023/3238/834 1028/3237/834
o Potato stepped top 1
v -0.34687499999999993 0.333125 -0.215625
v -0.34687499999999993 0.333125 -0.24374999999999997
v -0.34687499999999993 0.321875 -0.215625
v -0.34687499999999993 0.321875 -0.24374999999999997
v -0.38125 0.333125 -0.24374999999999997
v -0.38125 0.333125 -0.215625
v -0.38125 0.321875 -0.24374999999999997
v -0.38125 0.321875 -0.215625
vt 0 1
vt 0.03437499999999999 1
vt 0.03437499999999999 0.98875
vt 0 0.98875
vt 0 1
vt 0.028124999999999983 1
vt 0.028124999999999983 0.98875
vt 0 0.98875
vt 0 1
vt 0.03437499999999999 1
vt 0.03437499999999999 0.98875
vt 0 0.98875
vt 0 1
vt 0.028124999999999983 1
vt 0.028124999999999983 0.98875
vt 0 0.98875
vt 0 1
vt 0.03437499999999999 1
vt 0.03437499999999999 0.971875
vt 0 0.971875
vt 0 1
vt 0.03437499999999999 1
vt 0.03437499999999999 0.971875
vt 0 0.971875
vn 0 0 -1
vn 1 0 0
vn 0 0 1
vn -1 0 0
vn 0 1 0
vn 0 -1 0
usemtl m_eb08f476-2a15-5350-413b-44d57be8bfc0
f 1032/3244/835 1035/3243/835 1033/3242/835 1030/3241/835
f 1031/3248/836 1032/3247/836 1030/3246/836 1029/3245/836
f 1036/3252/837 1031/3251/837 1029/3250/837 1034/3249/837
f 1035/3256/838 1036/3255/838 1034/3254/838 1033/3253/838
f 1034/3260/839 1029/3259/839 1030/3258/839 1033/3257/839
f 1035/3264/840 1032/3263/840 1031/3262/840 1036/3261/840
o Pixel potato 2
v -0.26562500000000006 0.32187499999999997 -0.20937499999999998
v -0.26562500000000006 0.32187499999999997 -0.25
v -0.26562500000000006 0.284375 -0.20937499999999998
v -0.26562500000000006 0.284375 -0.25
v -0.31875000000000003 0.32187499999999997 -0.25
v -0.31875000000000003 0.32187499999999997 -0.20937499999999998
v -0.31875000000000003 0.284375 -0.25
v -0.31875000000000003 0.284375 -0.20937499999999998
vt 0 1
vt 0.05312499999999998 1
vt 0.05312499999999998 0.9625
vt 0 0.9625
vt 0 1
vt 0.040624999999999994 1
vt 0.040624999999999994 0.9625
vt 0 0.9625
vt 0 1
vt 0.05312499999999998 1
vt 0.05312499999999998 0.9625
vt 0 0.9625
vt 0 1
vt 0.040624999999999994 1
vt 0.040624999999999994 0.9625
vt 0 0.9625
vt 0 1
vt 0.05312499999999998 1
vt 0.05312499999999998 0.959375
vt 0 0.959375
vt 0 1
vt 0.05312499999999998 1
vt 0.05312499999999998 0.959375
vt 0 0.959375
vn 0 0 -1
vn 1 0 0
vn 0 0 1
vn -1 0 0
vn 0 1 0
vn 0 -1 0
usemtl m_eb08f476-2a15-5350-413b-44d57be8bfc0
f 1040/3268/841 1043/3267/841 1041/3266/841 1038/3265/841
f 1039/3272/842 1040/3271/842 1038/3270/842 1037/3269/842
f 1044/3276/843 1039/3275/843 1037/3274/843 1042/3273/843
f 1043/3280/844 1044/3279/844 1042/3278/844 1041/3277/844
f 1042/3284/845 1037/3283/845 1038/3282/845 1041/3281/845
f 1043/3288/846 1040/3287/846 1039/3286/846 1044/3285/846
o Potato stepped top 2
v -0.275 0.333125 -0.215625
v -0.275 0.333125 -0.24374999999999997
v -0.275 0.321875 -0.215625
v -0.275 0.321875 -0.24374999999999997
v -0.30937500000000007 0.333125 -0.24374999999999997
v -0.30937500000000007 0.333125 -0.215625
v -0.30937500000000007 0.321875 -0.24374999999999997
v -0.30937500000000007 0.321875 -0.215625
vt 0 1
vt 0.03437499999999999 1
vt 0.03437499999999999 0.98875
vt 0 0.98875
vt 0 1
vt 0.028124999999999983 1
vt 0.028124999999999983 0.98875
vt 0 0.98875
vt 0 1
vt 0.03437499999999999 1
vt 0.03437499999999999 0.98875
vt 0 0.98875
vt 0 1
vt 0.028124999999999983 1
vt 0.028124999999999983 0.98875
vt 0 0.98875
vt 0 1
vt 0.03437499999999999 1
vt 0.03437499999999999 0.971875
vt 0 0.971875
vt 0 1
vt 0.03437499999999999 1
vt 0.03437499999999999 0.971875
vt 0 0.971875
vn 0 0 -1
vn 1 0 0
vn 0 0 1
vn -1 0 0
vn 0 1 0
vn 0 -1 0
usemtl m_eb08f476-2a15-5350-413b-44d57be8bfc0
f 1048/3292/847 1051/3291/847 1049/3290/847 1046/3289/847
f 1047/3296/848 1048/3295/848 1046/3294/848 1045/3293/848
f 1052/3300/849 1047/3299/849 1045/3298/849 1050/3297/849
f 1051/3304/850 1052/3303/850 1050/3302/850 1049/3301/850
f 1050/3308/851 1045/3307/851 1046/3306/851 1049/3305/851
f 1051/3312/852 1048/3311/852 1047/3310/852 1052/3309/852
o Pixel potato 3
v -0.40937500000000004 0.35312499999999997 -0.140625
v -0.40937500000000004 0.35312499999999997 -0.18125000000000002
v -0.40937500000000004 0.315625 -0.140625
v -0.40937500000000004 0.315625 -0.18125000000000002
v -0.4625 0.35312499999999997 -0.18125000000000002
v -0.4625 0.35312499999999997 -0.140625
v -0.4625 0.315625 -0.18125000000000002
v -0.4625 0.315625 -0.140625
vt 0 1
vt 0.05312499999999998 1
vt 0.05312499999999998 0.9625
vt 0 0.9625
vt 0 1
vt 0.040624999999999994 1
vt 0.040624999999999994 0.9625
vt 0 0.9625
vt 0 1
vt 0.05312499999999998 1
vt 0.05312499999999998 0.9625
vt 0 0.9625
vt 0 1
vt 0.040624999999999994 1
vt 0.040624999999999994 0.9625
vt 0 0.9625
vt 0 1
vt 0.05312499999999998 1
vt 0.05312499999999998 0.959375
vt 0 0.959375
vt 0 1
vt 0.05312499999999998 1
vt 0.05312499999999998 0.959375
vt 0 0.959375
vn 0 0 -1
vn 1 0 0
vn 0 0 1
vn -1 0 0
vn 0 1 0
vn 0 -1 0
usemtl m_eb08f476-2a15-5350-413b-44d57be8bfc0
f 1056/3316/853 1059/3315/853 1057/3314/853 1054/3313/853
f 1055/3320/854 1056/3319/854 1054/3318/854 1053/3317/854
f 1060/3324/855 1055/3323/855 1053/3322/855 1058/3321/855
f 1059/3328/856 1060/3327/856 1058/3326/856 1057/3325/856
f 1058/3332/857 1053/3331/857 1054/3330/857 1057/3329/857
f 1059/3336/858 1056/3335/858 1055/3334/858 1060/3333/858
o Potato stepped top 3
v -0.41874999999999996 0.364375 -0.14687499999999998
v -0.41874999999999996 0.364375 -0.175
v -0.41874999999999996 0.353125 -0.14687499999999998
v -0.41874999999999996 0.353125 -0.175
v -0.453125 0.364375 -0.175
v -0.453125 0.364375 -0.14687499999999998
v -0.453125 0.353125 -0.175
v -0.453125 0.353125 -0.14687499999999998
vt 0 1
vt 0.03437499999999999 1
vt 0.03437499999999999 0.98875
vt 0 0.98875
vt 0 1
vt 0.02812500000000001 1
vt 0.02812500000000001 0.98875
vt 0 0.98875
vt 0 1
vt 0.03437499999999999 1
vt 0.03437499999999999 0.98875
vt 0 0.98875
vt 0 1
vt 0.02812500000000001 1
vt 0.02812500000000001 0.98875
vt 0 0.98875
vt 0 1
vt 0.03437499999999999 1
vt 0.03437499999999999 0.971875
vt 0 0.971875
vt 0 1
vt 0.03437499999999999 1
vt 0.03437499999999999 0.971875
vt 0 0.971875
vn 0 0 -1
vn 1 0 0
vn 0 0 1
vn -1 0 0
vn 0 1 0
vn 0 -1 0
usemtl m_eb08f476-2a15-5350-413b-44d57be8bfc0
f 1064/3340/859 1067/3339/859 1065/3338/859 1062/3337/859
f 1063/3344/860 1064/3343/860 1062/3342/860 1061/3341/860
f 1068/3348/861 1063/3347/861 1061/3346/861 1066/3345/861
f 1067/3352/862 1068/3351/862 1066/3350/862 1065/3349/862
f 1066/3356/863 1061/3355/863 1062/3354/863 1065/3353/863
f 1067/3360/864 1064/3359/864 1063/3358/864 1068/3357/864
o Pixel potato 4
v -0.3375 0.35312499999999997 -0.140625
v -0.3375 0.35312499999999997 -0.18125000000000002
v -0.3375 0.315625 -0.140625
v -0.3375 0.315625 -0.18125000000000002
v -0.390625 0.35312499999999997 -0.18125000000000002
v -0.390625 0.35312499999999997 -0.140625
v -0.390625 0.315625 -0.18125000000000002
v -0.390625 0.315625 -0.140625
vt 0 1
vt 0.05312499999999998 1
vt 0.05312499999999998 0.9625
vt 0 0.9625
vt 0 1
vt 0.040624999999999994 1
vt 0.040624999999999994 0.9625
vt 0 0.9625
vt 0 1
vt 0.05312499999999998 1
vt 0.05312499999999998 0.9625
vt 0 0.9625
vt 0 1
vt 0.040624999999999994 1
vt 0.040624999999999994 0.9625
vt 0 0.9625
vt 0 1
vt 0.05312499999999998 1
vt 0.05312499999999998 0.959375
vt 0 0.959375
vt 0 1
vt 0.05312499999999998 1
vt 0.05312499999999998 0.959375
vt 0 0.959375
vn 0 0 -1
vn 1 0 0
vn 0 0 1
vn -1 0 0
vn 0 1 0
vn 0 -1 0
usemtl m_eb08f476-2a15-5350-413b-44d57be8bfc0
f 1072/3364/865 1075/3363/865 1073/3362/865 1070/3361/865
f 1071/3368/866 1072/3367/866 1070/3366/866 1069/3365/866
f 1076/3372/867 1071/3371/867 1069/3370/867 1074/3369/867
f 1075/3376/868 1076/3375/868 1074/3374/868 1073/3373/868
f 1074/3380/869 1069/3379/869 1070/3378/869 1073/3377/869
f 1075/3384/870 1072/3383/870 1071/3382/870 1076/3381/870
o Potato stepped top 4
v -0.34687499999999993 0.364375 -0.14687499999999998
v -0.34687499999999993 0.364375 -0.175
v -0.34687499999999993 0.353125 -0.14687499999999998
v -0.34687499999999993 0.353125 -0.175
v -0.38125 0.364375 -0.175
v -0.38125 0.364375 -0.14687499999999998
v -0.38125 0.353125 -0.175
v -0.38125 0.353125 -0.14687499999999998
vt 0 1
vt 0.03437499999999999 1
vt 0.03437499999999999 0.98875
vt 0 0.98875
vt 0 1
vt 0.02812500000000001 1
vt 0.02812500000000001 0.98875
vt 0 0.98875
vt 0 1
vt 0.03437499999999999 1
vt 0.03437499999999999 0.98875
vt 0 0.98875
vt 0 1
vt 0.02812500000000001 1
vt 0.02812500000000001 0.98875
vt 0 0.98875
vt 0 1
vt 0.03437499999999999 1
vt 0.03437499999999999 0.971875
vt 0 0.971875
vt 0 1
vt 0.03437499999999999 1
vt 0.03437499999999999 0.971875
vt 0 0.971875
vn 0 0 -1
vn 1 0 0
vn 0 0 1
vn -1 0 0
vn 0 1 0
vn 0 -1 0
usemtl m_eb08f476-2a15-5350-413b-44d57be8bfc0
f 1080/3388/871 1083/3387/871 1081/3386/871 1078/3385/871
f 1079/3392/872 1080/3391/872 1078/3390/872 1077/3389/872
f 1084/3396/873 1079/3395/873 1077/3394/873 1082/3393/873
f 1083/3400/874 1084/3399/874 1082/3398/874 1081/3397/874
f 1082/3404/875 1077/3403/875 1078/3402/875 1081/3401/875
f 1083/3408/876 1080/3407/876 1079/3406/876 1084/3405/876
o Beetroot bulb 0
v -0.415625 0.384375 -0.125
v -0.415625 0.384375 -0.16875
v -0.415625 0.3375 -0.125
v -0.415625 0.3375 -0.16875
v -0.4625 0.384375 -0.16875
v -0.4625 0.384375 -0.125
v -0.4625 0.3375 -0.16875
v -0.4625 0.3375 -0.125
vt 0 1
vt 0.046875 1
vt 0.046875 0.953125
vt 0 0.953125
vt 0 1
vt 0.04375000000000001 1
vt 0.04375000000000001 0.953125
vt 0 0.953125
vt 0 1
vt 0.046875 1
vt 0.046875 0.953125
vt 0 0.953125
vt 0 1
vt 0.04375000000000001 1
vt 0.04375000000000001 0.953125
vt 0 0.953125
vt 0 1
vt 0.046875 1
vt 0.046875 0.95625
vt 0 0.95625
vt 0 1
vt 0.046875 1
vt 0.046875 0.95625
vt 0 0.95625
vn 0 0 -1
vn 1 0 0
vn 0 0 1
vn -1 0 0
vn 0 1 0
vn 0 -1 0
usemtl m_75a229d3-f125-0495-3350-1fbb5b8b8cae
f 1088/3412/877 1091/3411/877 1089/3410/877 1086/3409/877
f 1087/3416/878 1088/3415/878 1086/3414/878 1085/3413/878
f 1092/3420/879 1087/3419/879 1085/3418/879 1090/3417/879
f 1091/3424/880 1092/3423/880 1090/3422/880 1089/3421/880
f 1090/3428/881 1085/3427/881 1086/3426/881 1089/3425/881
f 1091/3432/882 1088/3431/882 1087/3430/882 1092/3429/882
o Beetroot taper 0
v -0.43000000000000005 0.3375 -0.139375
v -0.43000000000000005 0.3375 -0.1575
v -0.43000000000000005 0.321875 -0.139375
v -0.43000000000000005 0.321875 -0.1575
v -0.448125 0.3375 -0.1575
v -0.448125 0.3375 -0.139375
v -0.448125 0.321875 -0.1575
v -0.448125 0.321875 -0.139375
vt 0 1
vt 0.018124999999999947 1
vt 0.018124999999999947 0.984375
vt 0 0.984375
vt 0 1
vt 0.018125000000000002 1
vt 0.018125000000000002 0.984375
vt 0 0.984375
vt 0 1
vt 0.018124999999999947 1
vt 0.018124999999999947 0.984375
vt 0 0.984375
vt 0 1
vt 0.018125000000000002 1
vt 0.018125000000000002 0.984375
vt 0 0.984375
vt 0 1
vt 0.018124999999999947 1
vt 0.018124999999999947 0.981875
vt 0 0.981875
vt 0 1
vt 0.018124999999999947 1
vt 0.018124999999999947 0.981875
vt 0 0.981875
vn 0 0 -1
vn 1 0 0
vn 0 0 1
vn -1 0 0
vn 0 1 0
vn 0 -1 0
usemtl m_75a229d3-f125-0495-3350-1fbb5b8b8cae
f 1096/3436/883 1099/3435/883 1097/3434/883 1094/3433/883
f 1095/3440/884 1096/3439/884 1094/3438/884 1093/3437/884
f 1100/3444/885 1095/3443/885 1093/3442/885 1098/3441/885
f 1099/3448/886 1100/3447/886 1098/3446/886 1097/3445/886
f 1098/3452/887 1093/3451/887 1094/3450/887 1097/3449/887
f 1099/3456/888 1096/3455/888 1095/3454/888 1100/3453/888
o Beetroot bulb 1
v -0.31875000000000003 0.384375 -0.125
v -0.31875000000000003 0.384375 -0.16875
v -0.31875000000000003 0.3375 -0.125
v -0.31875000000000003 0.3375 -0.16875
v -0.36562500000000003 0.384375 -0.16875
v -0.36562500000000003 0.384375 -0.125
v -0.36562500000000003 0.3375 -0.16875
v -0.36562500000000003 0.3375 -0.125
vt 0 1
vt 0.046875 1
vt 0.046875 0.953125
vt 0 0.953125
vt 0 1
vt 0.04375000000000001 1
vt 0.04375000000000001 0.953125
vt 0 0.953125
vt 0 1
vt 0.046875 1
vt 0.046875 0.953125
vt 0 0.953125
vt 0 1
vt 0.04375000000000001 1
vt 0.04375000000000001 0.953125
vt 0 0.953125
vt 0 1
vt 0.046875 1
vt 0.046875 0.95625
vt 0 0.95625
vt 0 1
vt 0.046875 1
vt 0.046875 0.95625
vt 0 0.95625
vn 0 0 -1
vn 1 0 0
vn 0 0 1
vn -1 0 0
vn 0 1 0
vn 0 -1 0
usemtl m_75a229d3-f125-0495-3350-1fbb5b8b8cae
f 1104/3460/889 1107/3459/889 1105/3458/889 1102/3457/889
f 1103/3464/890 1104/3463/890 1102/3462/890 1101/3461/890
f 1108/3468/891 1103/3467/891 1101/3466/891 1106/3465/891
f 1107/3472/892 1108/3471/892 1106/3470/892 1105/3469/892
f 1106/3476/893 1101/3475/893 1102/3474/893 1105/3473/893
f 1107/3480/894 1104/3479/894 1103/3478/894 1108/3477/894
o Beetroot taper 1
v -0.333125 0.3375 -0.139375
v -0.333125 0.3375 -0.1575
v -0.333125 0.321875 -0.139375
v -0.333125 0.321875 -0.1575
v -0.35124999999999995 0.3375 -0.1575
v -0.35124999999999995 0.3375 -0.139375
v -0.35124999999999995 0.321875 -0.1575
v -0.35124999999999995 0.321875 -0.139375
vt 0 1
vt 0.018125000000000002 1
vt 0.018125000000000002 0.984375
vt 0 0.984375
vt 0 1
vt 0.018125000000000002 1
vt 0.018125000000000002 0.984375
vt 0 0.984375
vt 0 1
vt 0.018125000000000002 1
vt 0.018125000000000002 0.984375
vt 0 0.984375
vt 0 1
vt 0.018125000000000002 1
vt 0.018125000000000002 0.984375
vt 0 0.984375
vt 0 1
vt 0.018125000000000002 1
vt 0.018125000000000002 0.981875
vt 0 0.981875
vt 0 1
vt 0.018125000000000002 1
vt 0.018125000000000002 0.981875
vt 0 0.981875
vn 0 0 -1
vn 1 0 0
vn 0 0 1
vn -1 0 0
vn 0 1 0
vn 0 -1 0
usemtl m_75a229d3-f125-0495-3350-1fbb5b8b8cae
f 1112/3484/895 1115/3483/895 1113/3482/895 1110/3481/895
f 1111/3488/896 1112/3487/896 1110/3486/896 1109/3485/896
f 1116/3492/897 1111/3491/897 1109/3490/897 1114/3489/897
f 1115/3496/898 1116/3495/898 1114/3494/898 1113/3493/898
f 1114/3500/899 1109/3499/899 1110/3498/899 1113/3497/899
f 1115/3504/900 1112/3503/900 1111/3502/900 1116/3501/900
o Beetroot leaves 0
v -0.43125 0.4375 -0.140625
v -0.43125 0.4375 -0.15749999999999997
v -0.43125 0.384375 -0.140625
v -0.43125 0.384375 -0.15749999999999997
v -0.446875 0.4375 -0.15749999999999997
v -0.446875 0.4375 -0.140625
v -0.446875 0.384375 -0.15749999999999997
v -0.446875 0.384375 -0.140625
vt 0 1
vt 0.015625 1
vt 0.015625 0.946875
vt 0 0.946875
vt 0 1
vt 0.016875 1
vt 0.016875 0.946875
vt 0 0.946875
vt 0 1
vt 0.015625 1
vt 0.015625 0.946875
vt 0 0.946875
vt 0 1
vt 0.016875 1
vt 0.016875 0.946875
vt 0 0.946875
vt 0 1
vt 0.015625 1
vt 0.015625 0.983125
vt 0 0.983125
vt 0 1
vt 0.015625 1
vt 0.015625 0.983125
vt 0 0.983125
vn 0 0 -1
vn 1 0 0
vn 0 0 1
vn -1 0 0
vn 0 1 0
vn 0 -1 0
usemtl m_3d350775-4e91-ba40-1122-9c9e6fa716aa
f 1120/3508/901 1123/3507/901 1121/3506/901 1118/3505/901
f 1119/3512/902 1120/3511/902 1118/3510/902 1117/3509/902
f 1124/3516/903 1119/3515/903 1117/3514/903 1122/3513/903
f 1123/3520/904 1124/3519/904 1122/3518/904 1121/3517/904
f 1122/3524/905 1117/3523/905 1118/3522/905 1121/3521/905
f 1123/3528/906 1120/3527/906 1119/3526/906 1124/3525/906
o Beetroot broad leaf 0
v -0.43531085134757685 0.432413280779566 -0.14249999999999996
v -0.43531085134757685 0.432413280779566 -0.15625
v -0.42474539480405943 0.4097555861036498 -0.14249999999999996
v -0.42474539480405943 0.4097555861036498 -0.15625
v -0.47212960519594066 0.41524441389635014 -0.15625
v -0.47212960519594066 0.41524441389635014 -0.14249999999999996
v -0.46156414865242323 0.392586719220434 -0.15625
v -0.46156414865242323 0.392586719220434 -0.14249999999999996
vt 0 1
vt 0.04062499999999997 1
vt 0.04062499999999997 0.9750000000000001
vt 0 0.9750000000000001
vt 0 1
vt 0.013750000000000012 1
vt 0.013750000000000012 0.9750000000000001
vt 0 0.9750000000000001
vt 0 1
vt 0.04062499999999997 1
vt 0.04062499999999997 0.9750000000000001
vt 0 0.9750000000000001
vt 0 1
vt 0.013750000000000012 1
vt 0.013750000000000012 0.9750000000000001
vt 0 0.9750000000000001
vt 0 1
vt 0.04062499999999997 1
vt 0.04062499999999997 0.98625
vt 0 0.98625
vt 0 1
vt 0.04062499999999997 1
vt 0.04062499999999997 0.98625
vt 0 0.98625
vn 0 0 -1
vn 0.9063077870366499 0.42261826174069944 0
vn 0 0 1
vn -0.9063077870366499 -0.42261826174069944 0
vn -0.42261826174069944 0.9063077870366499 0
vn 0.42261826174069944 -0.9063077870366499 0
usemtl m_3d350775-4e91-ba40-1122-9c9e6fa716aa
f 1128/3532/907 1131/3531/907 1129/3530/907 1126/3529/907
f 1127/3536/908 1128/3535/908 1126/3534/908 1125/3533/908
f 1132/3540/909 1127/3539/909 1125/3538/909 1130/3537/909
f 1131/3544/910 1132/3543/910 1130/3542/910 1129/3541/910
f 1130/3548/911 1125/3547/911 1126/3546/911 1129/3545/911
f 1131/3552/912 1128/3551/912 1127/3550/912 1132/3549/912
o Beetroot leaves 1
v -0.33437500000000003 0.4375 -0.140625
v -0.33437500000000003 0.4375 -0.15749999999999997
v -0.33437500000000003 0.384375 -0.140625
v -0.33437500000000003 0.384375 -0.15749999999999997
v -0.35000000000000003 0.4375 -0.15749999999999997
v -0.35000000000000003 0.4375 -0.140625
v -0.35000000000000003 0.384375 -0.15749999999999997
v -0.35000000000000003 0.384375 -0.140625
vt 0 1
vt 0.015625 1
vt 0.015625 0.946875
vt 0 0.946875
vt 0 1
vt 0.016875 1
vt 0.016875 0.946875
vt 0 0.946875
vt 0 1
vt 0.015625 1
vt 0.015625 0.946875
vt 0 0.946875
vt 0 1
vt 0.016875 1
vt 0.016875 0.946875
vt 0 0.946875
vt 0 1
vt 0.015625 1
vt 0.015625 0.983125
vt 0 0.983125
vt 0 1
vt 0.015625 1
vt 0.015625 0.983125
vt 0 0.983125
vn 0 0 -1
vn 1 0 0
vn 0 0 1
vn -1 0 0
vn 0 1 0
vn 0 -1 0
usemtl m_3d350775-4e91-ba40-1122-9c9e6fa716aa
f 1136/3556/913 1139/3555/913 1137/3554/913 1134/3553/913
f 1135/3560/914 1136/3559/914 1134/3558/914 1133/3557/914
f 1140/3564/915 1135/3563/915 1133/3562/915 1138/3561/915
f 1139/3568/916 1140/3567/916 1138/3566/916 1137/3565/916
f 1138/3572/917 1133/3571/917 1134/3570/917 1137/3569/917
f 1139/3576/918 1136/3575/918 1135/3574/918 1140/3573/918
o Beetroot broad leaf 1
v -0.3384358513475768 0.432413280779566 -0.14249999999999996
v -0.3384358513475768 0.432413280779566 -0.15625
v -0.3278703948040594 0.4097555861036498 -0.14249999999999996
v -0.3278703948040594 0.4097555861036498 -0.15625
v -0.3752546051959406 0.41524441389635014 -0.15625
v -0.3752546051959406 0.41524441389635014 -0.14249999999999996
v -0.3646891486524232 0.392586719220434 -0.15625
v -0.3646891486524232 0.392586719220434 -0.14249999999999996
vt 0 1
vt 0.04062499999999997 1
vt 0.04062499999999997 0.9750000000000001
vt 0 0.9750000000000001
vt 0 1
vt 0.013750000000000012 1
vt 0.013750000000000012 0.9750000000000001
vt 0 0.9750000000000001
vt 0 1
vt 0.04062499999999997 1
vt 0.04062499999999997 0.9750000000000001
vt 0 0.9750000000000001
vt 0 1
vt 0.013750000000000012 1
vt 0.013750000000000012 0.9750000000000001
vt 0 0.9750000000000001
vt 0 1
vt 0.04062499999999997 1
vt 0.04062499999999997 0.98625
vt 0 0.98625
vt 0 1
vt 0.04062499999999997 1
vt 0.04062499999999997 0.98625
vt 0 0.98625
vn 0 0 -1
vn 0.9063077870366499 0.42261826174069944 0
vn 0 0 1
vn -0.9063077870366499 -0.42261826174069944 0
vn -0.42261826174069944 0.9063077870366499 0
vn 0.42261826174069944 -0.9063077870366499 0
usemtl m_3d350775-4e91-ba40-1122-9c9e6fa716aa
f 1144/3580/919 1147/3579/919 1145/3578/919 1142/3577/919
f 1143/3584/920 1144/3583/920 1142/3582/920 1141/3581/920
f 1148/3588/921 1143/3587/921 1141/3586/921 1146/3585/921
f 1147/3592/922 1148/3591/922 1146/3590/922 1145/3589/922
f 1146/3596/923 1141/3595/923 1142/3594/923 1145/3593/923
f 1147/3600/924 1144/3599/924 1143/3598/924 1148/3597/924
o Melon slice rind
v -0.012500000000000011 0.28125 -0.15625
v -0.012500000000000011 0.28125 -0.2375
v -0.012500000000000011 0.25687499999999996 -0.15625
v -0.012500000000000011 0.25687499999999996 -0.2375
v -0.16875 0.28125 -0.2375
v -0.16875 0.28125 -0.15625
v -0.16875 0.25687499999999996 -0.2375
v -0.16875 0.25687499999999996 -0.15625
vt 0 1
vt 0.15625 1
vt 0.15625 0.975625
vt 0 0.975625
vt 0 1
vt 0.08124999999999999 1
vt 0.08124999999999999 0.975625
vt 0 0.975625
vt 0 1
vt 0.15625 1
vt 0.15625 0.975625
vt 0 0.975625
vt 0 1
vt 0.08124999999999999 1
vt 0.08124999999999999 0.975625
vt 0 0.975625
vt 0 1
vt 0.15625 1
vt 0.15625 0.91875
vt 0 0.91875
vt 0 1
vt 0.15625 1
vt 0.15625 0.91875
vt 0 0.91875
vn 0 0 -1
vn 1 0 0
vn 0 0 1
vn -1 0 0
vn 0 1 0
vn 0 -1 0
usemtl m_09ba0e27-1713-c286-e18b-b25fe82d43b8
f 1152/3604/925 1155/3603/925 1153/3602/925 1150/3601/925
f 1151/3608/926 1152/3607/926 1150/3606/926 1149/3605/926
f 1156/3612/927 1151/3611/927 1149/3610/927 1154/3609/927
f 1155/3616/928 1156/3615/928 1154/3614/928 1153/3613/928
f 1154/3620/929 1149/3619/929 1150/3618/929 1153/3617/929
f 1155/3624/930 1152/3623/930 1151/3622/930 1156/3621/930
o Melon slice pith
v -0.01874999999999999 0.290625 -0.16250000000000003
v -0.01874999999999999 0.290625 -0.23125
v -0.01874999999999999 0.28125 -0.16250000000000003
v -0.01874999999999999 0.28125 -0.23125
v -0.1625 0.290625 -0.23125
v -0.1625 0.290625 -0.16250000000000003
v -0.1625 0.28125 -0.23125
v -0.1625 0.28125 -0.16250000000000003
vt 0 1
vt 0.14375000000000002 1
vt 0.14375000000000002 0.990625
vt 0 0.990625
vt 0 1
vt 0.06875 1
vt 0.06875 0.990625
vt 0 0.990625
vt 0 1
vt 0.14375000000000002 1
vt 0.14375000000000002 0.990625
vt 0 0.990625
vt 0 1
vt 0.06875 1
vt 0.06875 0.990625
vt 0 0.990625
vt 0 1
vt 0.14375000000000002 1
vt 0.14375000000000002 0.93125
vt 0 0.93125
vt 0 1
vt 0.14375000000000002 1
vt 0.14375000000000002 0.93125
vt 0 0.93125
vn 0 0 -1
vn 1 0 0
vn 0 0 1
vn -1 0 0
vn 0 1 0
vn 0 -1 0
usemtl m_93f59801-480a-0429-8202-ba159162f3a9
f 1160/3628/931 1163/3627/931 1161/3626/931 1158/3625/931
f 1159/3632/932 1160/3631/932 1158/3630/932 1157/3629/932
f 1164/3636/933 1159/3635/933 1157/3634/933 1162/3633/933
f 1163/3640/934 1164/3639/934 1162/3638/934 1161/3637/934
f 1162/3644/935 1157/3643/935 1158/3642/935 1161/3641/935
f 1163/3648/936 1160/3647/936 1159/3646/936 1164/3645/936
o Melon slice red flesh
v -0.024999999999999994 0.321875 -0.16875
v -0.024999999999999994 0.321875 -0.22500000000000003
v -0.024999999999999994 0.290625 -0.16875
v -0.024999999999999994 0.290625 -0.22500000000000003
v -0.15625 0.321875 -0.22500000000000003
v -0.15625 0.321875 -0.16875
v -0.15625 0.290625 -0.22500000000000003
v -0.15625 0.290625 -0.16875
vt 0 1
vt 0.13125 1
vt 0.13125 0.96875
vt 0 0.96875
vt 0 1
vt 0.056249999999999994 1
vt 0.056249999999999994 0.96875
vt 0 0.96875
vt 0 1
vt 0.13125 1
vt 0.13125 0.96875
vt 0 0.96875
vt 0 1
vt 0.056249999999999994 1
vt 0.056249999999999994 0.96875
vt 0 0.96875
vt 0 1
vt 0.13125 1
vt 0.13125 0.94375
vt 0 0.94375
vt 0 1
vt 0.13125 1
vt 0.13125 0.94375
vt 0 0.94375
vn 0 0 -1
vn 1 0 0
vn 0 0 1
vn -1 0 0
vn 0 1 0
vn 0 -1 0
usemtl m_4237e9bc-7683-91da-7155-482b53e22e78
f 1168/3652/937 1171/3651/937 1169/3650/937 1166/3649/937
f 1167/3656/938 1168/3655/938 1166/3654/938 1165/3653/938
f 1172/3660/939 1167/3659/939 1165/3658/939 1170/3657/939
f 1171/3664/940 1172/3663/940 1170/3662/940 1169/3661/940
f 1170/3668/941 1165/3667/941 1166/3666/941 1169/3665/941
f 1171/3672/942 1168/3671/942 1167/3670/942 1172/3669/942
o Melon seed 0
v -0.130625 0.32499999999999996 -0.19
v -0.130625 0.32499999999999996 -0.203125
v -0.130625 0.3225 -0.19
v -0.130625 0.3225 -0.203125
v -0.1375 0.32499999999999996 -0.203125
v -0.1375 0.32499999999999996 -0.19
v -0.1375 0.3225 -0.203125
v -0.1375 0.3225 -0.19
vt 0 1
vt 0.00687500000000002 1
vt 0.00687500000000002 0.9975
vt 0 0.9975
vt 0 1
vt 0.013124999999999998 1
vt 0.013124999999999998 0.9975
vt 0 0.9975
vt 0 1
vt 0.00687500000000002 1
vt 0.00687500000000002 0.9975
vt 0 0.9975
vt 0 1
vt 0.013124999999999998 1
vt 0.013124999999999998 0.9975
vt 0 0.9975
vt 0 1
vt 0.00687500000000002 1
vt 0.00687500000000002 0.986875
vt 0 0.986875
vt 0 1
vt 0.00687500000000002 1
vt 0.00687500000000002 0.986875
vt 0 0.986875
vn 0 0 -1
vn 1 0 0
vn 0 0 1
vn -1 0 0
vn 0 1 0
vn 0 -1 0
usemtl m_89dd20f1-0777-0953-7e06-b05e3ae1c6ed
f 1176/3676/943 1179/3675/943 1177/3674/943 1174/3673/943
f 1175/3680/944 1176/3679/944 1174/3678/944 1173/3677/944
f 1180/3684/945 1175/3683/945 1173/3682/945 1178/3681/945
f 1179/3688/946 1180/3687/946 1178/3686/946 1177/3685/946
f 1178/3692/947 1173/3691/947 1174/3690/947 1177/3689/947
f 1179/3696/948 1176/3695/948 1175/3694/948 1180/3693/948
o Melon seed 1
v -0.1025 0.32499999999999996 -0.1775
v -0.1025 0.32499999999999996 -0.190625
v -0.1025 0.3225 -0.1775
v -0.1025 0.3225 -0.190625
v -0.10937500000000001 0.32499999999999996 -0.190625
v -0.10937500000000001 0.32499999999999996 -0.1775
v -0.10937500000000001 0.3225 -0.190625
v -0.10937500000000001 0.3225 -0.1775
vt 0 1
vt 0.00687500000000002 1
vt 0.00687500000000002 0.9975
vt 0 0.9975
vt 0 1
vt 0.013124999999999998 1
vt 0.013124999999999998 0.9975
vt 0 0.9975
vt 0 1
vt 0.00687500000000002 1
vt 0.00687500000000002 0.9975
vt 0 0.9975
vt 0 1
vt 0.013124999999999998 1
vt 0.013124999999999998 0.9975
vt 0 0.9975
vt 0 1
vt 0.00687500000000002 1
vt 0.00687500000000002 0.986875
vt 0 0.986875
vt 0 1
vt 0.00687500000000002 1
vt 0.00687500000000002 0.986875
vt 0 0.986875
vn 0 0 -1
vn 1 0 0
vn 0 0 1
vn -1 0 0
vn 0 1 0
vn 0 -1 0
usemtl m_89dd20f1-0777-0953-7e06-b05e3ae1c6ed
f 1184/3700/949 1187/3699/949 1185/3698/949 1182/3697/949
f 1183/3704/950 1184/3703/950 1182/3702/950 1181/3701/950
f 1188/3708/951 1183/3707/951 1181/3706/951 1186/3705/951
f 1187/3712/952 1188/3711/952 1186/3710/952 1185/3709/952
f 1186/3716/953 1181/3715/953 1182/3714/953 1185/3713/953
f 1187/3720/954 1184/3719/954 1183/3718/954 1188/3717/954
o Melon seed 2
v -0.074375 0.32499999999999996 -0.19
v -0.074375 0.32499999999999996 -0.203125
v -0.074375 0.3225 -0.19
v -0.074375 0.3225 -0.203125
v -0.08125000000000002 0.32499999999999996 -0.203125
v -0.08125000000000002 0.32499999999999996 -0.19
v -0.08125000000000002 0.3225 -0.203125
v -0.08125000000000002 0.3225 -0.19
vt 0 1
vt 0.00687500000000002 1
vt 0.00687500000000002 0.9975
vt 0 0.9975
vt 0 1
vt 0.013124999999999998 1
vt 0.013124999999999998 0.9975
vt 0 0.9975
vt 0 1
vt 0.00687500000000002 1
vt 0.00687500000000002 0.9975
vt 0 0.9975
vt 0 1
vt 0.013124999999999998 1
vt 0.013124999999999998 0.9975
vt 0 0.9975
vt 0 1
vt 0.00687500000000002 1
vt 0.00687500000000002 0.986875
vt 0 0.986875
vt 0 1
vt 0.00687500000000002 1
vt 0.00687500000000002 0.986875
vt 0 0.986875
vn 0 0 -1
vn 1 0 0
vn 0 0 1
vn -1 0 0
vn 0 1 0
vn 0 -1 0
usemtl m_89dd20f1-0777-0953-7e06-b05e3ae1c6ed
f 1192/3724/955 1195/3723/955 1193/3722/955 1190/3721/955
f 1191/3728/956 1192/3727/956 1190/3726/956 1189/3725/956
f 1196/3732/957 1191/3731/957 1189/3730/957 1194/3729/957
f 1195/3736/958 1196/3735/958 1194/3734/958 1193/3733/958
f 1194/3740/959 1189/3739/959 1190/3738/959 1193/3737/959
f 1195/3744/960 1192/3743/960 1191/3742/960 1196/3741/960
o Melon seed 3
v -0.046249999999999986 0.32499999999999996 -0.1775
v -0.046249999999999986 0.32499999999999996 -0.190625
v -0.046249999999999986 0.3225 -0.1775
v -0.046249999999999986 0.3225 -0.190625
v -0.053125000000000006 0.32499999999999996 -0.190625
v -0.053125000000000006 0.32499999999999996 -0.1775
v -0.053125000000000006 0.3225 -0.190625
v -0.053125000000000006 0.3225 -0.1775
vt 0 1
vt 0.00687500000000002 1
vt 0.00687500000000002 0.9975
vt 0 0.9975
vt 0 1
vt 0.013124999999999998 1
vt 0.013124999999999998 0.9975
vt 0 0.9975
vt 0 1
vt 0.00687500000000002 1
vt 0.00687500000000002 0.9975
vt 0 0.9975
vt 0 1
vt 0.013124999999999998 1
vt 0.013124999999999998 0.9975
vt 0 0.9975
vt 0 1
vt 0.00687500000000002 1
vt 0.00687500000000002 0.986875
vt 0 0.986875
vt 0 1
vt 0.00687500000000002 1
vt 0.00687500000000002 0.986875
vt 0 0.986875
vn 0 0 -1
vn 1 0 0
vn 0 0 1
vn -1 0 0
vn 0 1 0
vn 0 -1 0
usemtl m_89dd20f1-0777-0953-7e06-b05e3ae1c6ed
f 1200/3748/961 1203/3747/961 1201/3746/961 1198/3745/961
f 1199/3752/962 1200/3751/962 1198/3750/962 1197/3749/962
f 1204/3756/963 1199/3755/963 1197/3754/963 1202/3753/963
f 1203/3760/964 1204/3759/964 1202/3758/964 1201/3757/964
f 1202/3764/965 1197/3763/965 1198/3762/965 1201/3761/965
f 1203/3768/966 1200/3767/966 1199/3766/966 1204/3765/966
o Leg cuff -9.8 -6.81.1
v -0.46500000000000014 0.103125 -0.27749999999999997
v -0.46500000000000014 0.103125 -0.42874999999999996
v -0.46500000000000014 0.06875 -0.27749999999999997
v -0.46500000000000014 0.06875 -0.42874999999999996
v -0.6162500000000002 0.103125 -0.42874999999999996
v -0.6162500000000002 0.103125 -0.27749999999999997
v -0.6162500000000002 0.06875 -0.42874999999999996
v -0.6162500000000002 0.06875 -0.27749999999999997
vt 0 1
vt 0.15125 1
vt 0.15125 0.965625
vt 0 0.965625
vt 0 1
vt 0.15125 1
vt 0.15125 0.965625
vt 0 0.965625
vt 0 1
vt 0.15125 1
vt 0.15125 0.965625
vt 0 0.965625
vt 0 1
vt 0.15125 1
vt 0.15125 0.965625
vt 0 0.965625
vt 0 1
vt 0.15125 1
vt 0.15125 0.84875
vt 0 0.84875
vt 0 1
vt 0.15125 1
vt 0.15125 0.84875
vt 0 0.84875
vn 0 0 -1
vn 1 0 0
vn 0 0 1
vn -1 0 0
vn 0 1 0
vn 0 -1 0
usemtl m_d8f9e20d-cb26-cbd2-2d92-4056c16cacbf
f 1208/3772/967 1211/3771/967 1209/3770/967 1206/3769/967
f 1207/3776/968 1208/3775/968 1206/3774/968 1205/3773/968
f 1212/3780/969 1207/3779/969 1205/3778/969 1210/3777/969
f 1211/3784/970 1212/3783/970 1210/3782/970 1209/3781/970
f 1210/3788/971 1205/3787/971 1206/3786/971 1209/3785/971
f 1211/3792/972 1208/3791/972 1207/3790/972 1212/3789/972
o Leg cuff -9.8 -6.811.1
v -0.46500000000000014 0.728125 -0.27749999999999997
v -0.46500000000000014 0.728125 -0.42874999999999996
v -0.46500000000000014 0.69375 -0.27749999999999997
v -0.46500000000000014 0.69375 -0.42874999999999996
v -0.6162500000000002 0.728125 -0.42874999999999996
v -0.6162500000000002 0.728125 -0.27749999999999997
v -0.6162500000000002 0.69375 -0.42874999999999996
v -0.6162500000000002 0.69375 -0.27749999999999997
vt 0 1
vt 0.15125 1
vt 0.15125 0.965625
vt 0 0.965625
vt 0 1
vt 0.15125 1
vt 0.15125 0.965625
vt 0 0.965625
vt 0 1
vt 0.15125 1
vt 0.15125 0.965625
vt 0 0.965625
vt 0 1
vt 0.15125 1
vt 0.15125 0.965625
vt 0 0.965625
vt 0 1
vt 0.15125 1
vt 0.15125 0.84875
vt 0 0.84875
vt 0 1
vt 0.15125 1
vt 0.15125 0.84875
vt 0 0.84875
vn 0 0 -1
vn 1 0 0
vn 0 0 1
vn -1 0 0
vn 0 1 0
vn 0 -1 0
usemtl m_d8f9e20d-cb26-cbd2-2d92-4056c16cacbf
f 1216/3796/973 1219/3795/973 1217/3794/973 1214/3793/973
f 1215/3800/974 1216/3799/974 1214/3798/974 1213/3797/974
f 1220/3804/975 1215/3803/975 1213/3802/975 1218/3801/975
f 1219/3808/976 1220/3807/976 1218/3806/976 1217/3805/976
f 1218/3812/977 1213/3811/977 1214/3810/977 1217/3809/977
f 1219/3816/978 1216/3815/978 1215/3814/978 1220/3813/978
o Leg cuff -9.8 4.51.1
v -0.46500000000000014 0.103125 0.42874999999999996
v -0.46500000000000014 0.103125 0.2775000000000001
v -0.46500000000000014 0.06875 0.42874999999999996
v -0.46500000000000014 0.06875 0.2775000000000001
v -0.6162500000000002 0.103125 0.2775000000000001
v -0.6162500000000002 0.103125 0.42874999999999996
v -0.6162500000000002 0.06875 0.2775000000000001
v -0.6162500000000002 0.06875 0.42874999999999996
vt 0 1
vt 0.15125 1
vt 0.15125 0.965625
vt 0 0.965625
vt 0 1
vt 0.15124999999999994 1
vt 0.15124999999999994 0.965625
vt 0 0.965625
vt 0 1
vt 0.15125 1
vt 0.15125 0.965625
vt 0 0.965625
vt 0 1
vt 0.15124999999999994 1
vt 0.15124999999999994 0.965625
vt 0 0.965625
vt 0 1
vt 0.15125 1
vt 0.15125 0.8487500000000001
vt 0 0.8487500000000001
vt 0 1
vt 0.15125 1
vt 0.15125 0.8487500000000001
vt 0 0.8487500000000001
vn 0 0 -1
vn 1 0 0
vn 0 0 1
vn -1 0 0
vn 0 1 0
vn 0 -1 0
usemtl m_d8f9e20d-cb26-cbd2-2d92-4056c16cacbf
f 1224/3820/979 1227/3819/979 1225/3818/979 1222/3817/979
f 1223/3824/980 1224/3823/980 1222/3822/980 1221/3821/980
f 1228/3828/981 1223/3827/981 1221/3826/981 1226/3825/981
f 1227/3832/982 1228/3831/982 1226/3830/982 1225/3829/982
f 1226/3836/983 1221/3835/983 1222/3834/983 1225/3833/983
f 1227/3840/984 1224/3839/984 1223/3838/984 1228/3837/984
o Leg cuff -9.8 4.511.1
v -0.46500000000000014 0.728125 0.42874999999999996
v -0.46500000000000014 0.728125 0.2775000000000001
v -0.46500000000000014 0.69375 0.42874999999999996
v -0.46500000000000014 0.69375 0.2775000000000001
v -0.6162500000000002 0.728125 0.2775000000000001
v -0.6162500000000002 0.728125 0.42874999999999996
v -0.6162500000000002 0.69375 0.2775000000000001
v -0.6162500000000002 0.69375 0.42874999999999996
vt 0 1
vt 0.15125 1
vt 0.15125 0.965625
vt 0 0.965625
vt 0 1
vt 0.15124999999999994 1
vt 0.15124999999999994 0.965625
vt 0 0.965625
vt 0 1
vt 0.15125 1
vt 0.15125 0.965625
vt 0 0.965625
vt 0 1
vt 0.15124999999999994 1
vt 0.15124999999999994 0.965625
vt 0 0.965625
vt 0 1
vt 0.15125 1
vt 0.15125 0.8487500000000001
vt 0 0.8487500000000001
vt 0 1
vt 0.15125 1
vt 0.15125 0.8487500000000001
vt 0 0.8487500000000001
vn 0 0 -1
vn 1 0 0
vn 0 0 1
vn -1 0 0
vn 0 1 0
vn 0 -1 0
usemtl m_d8f9e20d-cb26-cbd2-2d92-4056c16cacbf
f 1232/3844/985 1235/3843/985 1233/3842/985 1230/3841/985
f 1231/3848/986 1232/3847/986 1230/3846/986 1229/3845/986
f 1236/3852/987 1231/3851/987 1229/3850/987 1234/3849/987
f 1235/3856/988 1236/3855/988 1234/3854/988 1233/3853/988
f 1234/3860/989 1229/3859/989 1230/3858/989 1233/3857/989
f 1235/3864/990 1232/3863/990 1231/3862/990 1236/3861/990
o Leg cuff 7.5 -6.81.1
v 0.61625 0.103125 -0.27749999999999997
v 0.61625 0.103125 -0.42874999999999996
v 0.61625 0.06875 -0.27749999999999997
v 0.61625 0.06875 -0.42874999999999996
v 0.4650000000000001 0.103125 -0.42874999999999996
v 0.4650000000000001 0.103125 -0.27749999999999997
v 0.4650000000000001 0.06875 -0.42874999999999996
v 0.4650000000000001 0.06875 -0.27749999999999997
vt 0 1
vt 0.15124999999999994 1
vt 0.15124999999999994 0.965625
vt 0 0.965625
vt 0 1
vt 0.15125 1
vt 0.15125 0.965625
vt 0 0.965625
vt 0 1
vt 0.15124999999999994 1
vt 0.15124999999999994 0.965625
vt 0 0.965625
vt 0 1
vt 0.15125 1
vt 0.15125 0.965625
vt 0 0.965625
vt 0 1
vt 0.15124999999999994 1
vt 0.15124999999999994 0.84875
vt 0 0.84875
vt 0 1
vt 0.15124999999999994 1
vt 0.15124999999999994 0.84875
vt 0 0.84875
vn 0 0 -1
vn 1 0 0
vn 0 0 1
vn -1 0 0
vn 0 1 0
vn 0 -1 0
usemtl m_d8f9e20d-cb26-cbd2-2d92-4056c16cacbf
f 1240/3868/991 1243/3867/991 1241/3866/991 1238/3865/991
f 1239/3872/992 1240/3871/992 1238/3870/992 1237/3869/992
f 1244/3876/993 1239/3875/993 1237/3874/993 1242/3873/993
f 1243/3880/994 1244/3879/994 1242/3878/994 1241/3877/994
f 1242/3884/995 1237/3883/995 1238/3882/995 1241/3881/995
f 1243/3888/996 1240/3887/996 1239/3886/996 1244/3885/996
o Leg cuff 7.5 -6.811.1
v 0.61625 0.728125 -0.27749999999999997
v 0.61625 0.728125 -0.42874999999999996
v 0.61625 0.69375 -0.27749999999999997
v 0.61625 0.69375 -0.42874999999999996
v 0.4650000000000001 0.728125 -0.42874999999999996
v 0.4650000000000001 0.728125 -0.27749999999999997
v 0.4650000000000001 0.69375 -0.42874999999999996
v 0.4650000000000001 0.69375 -0.27749999999999997
vt 0 1
vt 0.15124999999999994 1
vt 0.15124999999999994 0.965625
vt 0 0.965625
vt 0 1
vt 0.15125 1
vt 0.15125 0.965625
vt 0 0.965625
vt 0 1
vt 0.15124999999999994 1
vt 0.15124999999999994 0.965625
vt 0 0.965625
vt 0 1
vt 0.15125 1
vt 0.15125 0.965625
vt 0 0.965625
vt 0 1
vt 0.15124999999999994 1
vt 0.15124999999999994 0.84875
vt 0 0.84875
vt 0 1
vt 0.15124999999999994 1
vt 0.15124999999999994 0.84875
vt 0 0.84875
vn 0 0 -1
vn 1 0 0
vn 0 0 1
vn -1 0 0
vn 0 1 0
vn 0 -1 0
usemtl m_d8f9e20d-cb26-cbd2-2d92-4056c16cacbf
f 1248/3892/997 1251/3891/997 1249/3890/997 1246/3889/997
f 1247/3896/998 1248/3895/998 1246/3894/998 1245/3893/998
f 1252/3900/999 1247/3899/999 1245/3898/999 1250/3897/999
f 1251/3904/1000 1252/3903/1000 1250/3902/1000 1249/3901/1000
f 1250/3908/1001 1245/3907/1001 1246/3906/1001 1249/3905/1001
f 1251/3912/1002 1248/3911/1002 1247/3910/1002 1252/3909/1002
o Leg cuff 7.5 4.51.1
v 0.61625 0.103125 0.42874999999999996
v 0.61625 0.103125 0.2775000000000001
v 0.61625 0.06875 0.42874999999999996
v 0.61625 0.06875 0.2775000000000001
v 0.4650000000000001 0.103125 0.2775000000000001
v 0.4650000000000001 0.103125 0.42874999999999996
v 0.4650000000000001 0.06875 0.2775000000000001
v 0.4650000000000001 0.06875 0.42874999999999996
vt 0 1
vt 0.15124999999999994 1
vt 0.15124999999999994 0.965625
vt 0 0.965625
vt 0 1
vt 0.15124999999999994 1
vt 0.15124999999999994 0.965625
vt 0 0.965625
vt 0 1
vt 0.15124999999999994 1
vt 0.15124999999999994 0.965625
vt 0 0.965625
vt 0 1
vt 0.15124999999999994 1
vt 0.15124999999999994 0.965625
vt 0 0.965625
vt 0 1
vt 0.15124999999999994 1
vt 0.15124999999999994 0.8487500000000001
vt 0 0.8487500000000001
vt 0 1
vt 0.15124999999999994 1
vt 0.15124999999999994 0.8487500000000001
vt 0 0.8487500000000001
vn 0 0 -1
vn 1 0 0
vn 0 0 1
vn -1 0 0
vn 0 1 0
vn 0 -1 0
usemtl m_d8f9e20d-cb26-cbd2-2d92-4056c16cacbf
f 1256/3916/1003 1259/3915/1003 1257/3914/1003 1254/3913/1003
f 1255/3920/1004 1256/3919/1004 1254/3918/1004 1253/3917/1004
f 1260/3924/1005 1255/3923/1005 1253/3922/1005 1258/3921/1005
f 1259/3928/1006 1260/3927/1006 1258/3926/1006 1257/3925/1006
f 1258/3932/1007 1253/3931/1007 1254/3930/1007 1257/3929/1007
f 1259/3936/1008 1256/3935/1008 1255/3934/1008 1260/3933/1008
o Leg cuff 7.5 4.511.1
v 0.61625 0.728125 0.42874999999999996
v 0.61625 0.728125 0.2775000000000001
v 0.61625 0.69375 0.42874999999999996
v 0.61625 0.69375 0.2775000000000001
v 0.4650000000000001 0.728125 0.2775000000000001
v 0.4650000000000001 0.728125 0.42874999999999996
v 0.4650000000000001 0.69375 0.2775000000000001
v 0.4650000000000001 0.69375 0.42874999999999996
vt 0 1
vt 0.15124999999999994 1
vt 0.15124999999999994 0.965625
vt 0 0.965625
vt 0 1
vt 0.15124999999999994 1
vt 0.15124999999999994 0.965625
vt 0 0.965625
vt 0 1
vt 0.15124999999999994 1
vt 0.15124999999999994 0.965625
vt 0 0.965625
vt 0 1
vt 0.15124999999999994 1
vt 0.15124999999999994 0.965625
vt 0 0.965625
vt 0 1
vt 0.15124999999999994 1
vt 0.15124999999999994 0.8487500000000001
vt 0 0.8487500000000001
vt 0 1
vt 0.15124999999999994 1
vt 0.15124999999999994 0.8487500000000001
vt 0 0.8487500000000001
vn 0 0 -1
vn 1 0 0
vn 0 0 1
vn -1 0 0
vn 0 1 0
vn 0 -1 0
usemtl m_d8f9e20d-cb26-cbd2-2d92-4056c16cacbf
f 1264/3940/1009 1267/3939/1009 1265/3938/1009 1262/3937/1009
f 1263/3944/1010 1264/3943/1010 1262/3942/1010 1261/3941/1010
f 1268/3948/1011 1263/3947/1011 1261/3946/1011 1266/3945/1011
f 1267/3952/1012 1268/3951/1012 1266/3950/1012 1265/3949/1012
f 1266/3956/1013 1261/3955/1013 1262/3954/1013 1265/3953/1013
f 1267/3960/1014 1264/3959/1014 1263/3958/1014 1268/3957/1014
o Corner bracket -11-8.7
v -0.625 1.0187499999999998 -0.4749999999999999
v -0.625 1.0187499999999998 -0.54375
v -0.625 1.010625 -0.4749999999999999
v -0.625 1.010625 -0.54375
v -0.6875 1.0187499999999998 -0.54375
v -0.6875 1.0187499999999998 -0.4749999999999999
v -0.6875 1.010625 -0.54375
v -0.6875 1.010625 -0.4749999999999999
vt 0 1
vt 0.0625 1
vt 0.0625 0.9918750000000001
vt 0 0.9918750000000001
vt 0 1
vt 0.06874999999999998 1
vt 0.06874999999999998 0.9918750000000001
vt 0 0.9918750000000001
vt 0 1
vt 0.0625 1
vt 0.0625 0.9918750000000001
vt 0 0.9918750000000001
vt 0 1
vt 0.06874999999999998 1
vt 0.06874999999999998 0.9918750000000001
vt 0 0.9918750000000001
vt 0 1
vt 0.0625 1
vt 0.0625 0.93125
vt 0 0.93125
vt 0 1
vt 0.0625 1
vt 0.0625 0.93125
vt 0 0.93125
vn 0 0 -1
vn 1 0 0
vn 0 0 1
vn -1 0 0
vn 0 1 0
vn 0 -1 0
usemtl m_d8f9e20d-cb26-cbd2-2d92-4056c16cacbf
f 1272/3964/1015 1275/3963/1015 1273/3962/1015 1270/3961/1015
f 1271/3968/1016 1272/3967/1016 1270/3966/1016 1269/3965/1016
f 1276/3972/1017 1271/3971/1017 1269/3970/1017 1274/3969/1017
f 1275/3976/1018 1276/3975/1018 1274/3974/1018 1273/3973/1018
f 1274/3980/1019 1269/3979/1019 1270/3978/1019 1273/3977/1019
f 1275/3984/1020 1272/3983/1020 1271/3982/1020 1276/3981/1020
o Corner bracket -117.4
v -0.625 1.0187499999999998 0.53125
v -0.625 1.0187499999999998 0.4625
v -0.625 1.010625 0.53125
v -0.625 1.010625 0.4625
v -0.6875 1.0187499999999998 0.4625
v -0.6875 1.0187499999999998 0.53125
v -0.6875 1.010625 0.4625
v -0.6875 1.010625 0.53125
vt 0 1
vt 0.0625 1
vt 0.0625 0.9918750000000001
vt 0 0.9918750000000001
vt 0 1
vt 0.06874999999999998 1
vt 0.06874999999999998 0.9918750000000001
vt 0 0.9918750000000001
vt 0 1
vt 0.0625 1
vt 0.0625 0.9918750000000001
vt 0 0.9918750000000001
vt 0 1
vt 0.06874999999999998 1
vt 0.06874999999999998 0.9918750000000001
vt 0 0.9918750000000001
vt 0 1
vt 0.0625 1
vt 0.0625 0.93125
vt 0 0.93125
vt 0 1
vt 0.0625 1
vt 0.0625 0.93125
vt 0 0.93125
vn 0 0 -1
vn 1 0 0
vn 0 0 1
vn -1 0 0
vn 0 1 0
vn 0 -1 0
usemtl m_d8f9e20d-cb26-cbd2-2d92-4056c16cacbf
f 1280/3988/1021 1283/3987/1021 1281/3986/1021 1278/3985/1021
f 1279/3992/1022 1280/3991/1022 1278/3990/1022 1277/3989/1022
f 1284/3996/1023 1279/3995/1023 1277/3994/1023 1282/3993/1023
f 1283/4000/1024 1284/3999/1024 1282/3998/1024 1281/3997/1024
f 1282/4004/1025 1277/4003/1025 1278/4002/1025 1281/4001/1025
f 1283/4008/1026 1280/4007/1026 1279/4006/1026 1284/4005/1026
o Corner bracket 10-8.7
v 0.6875 1.0187499999999998 -0.4749999999999999
v 0.6875 1.0187499999999998 -0.54375
v 0.6875 1.010625 -0.4749999999999999
v 0.6875 1.010625 -0.54375
v 0.625 1.0187499999999998 -0.54375
v 0.625 1.0187499999999998 -0.4749999999999999
v 0.625 1.010625 -0.54375
v 0.625 1.010625 -0.4749999999999999
vt 0 1
vt 0.0625 1
vt 0.0625 0.9918750000000001
vt 0 0.9918750000000001
vt 0 1
vt 0.06874999999999998 1
vt 0.06874999999999998 0.9918750000000001
vt 0 0.9918750000000001
vt 0 1
vt 0.0625 1
vt 0.0625 0.9918750000000001
vt 0 0.9918750000000001
vt 0 1
vt 0.06874999999999998 1
vt 0.06874999999999998 0.9918750000000001
vt 0 0.9918750000000001
vt 0 1
vt 0.0625 1
vt 0.0625 0.93125
vt 0 0.93125
vt 0 1
vt 0.0625 1
vt 0.0625 0.93125
vt 0 0.93125
vn 0 0 -1
vn 1 0 0
vn 0 0 1
vn -1 0 0
vn 0 1 0
vn 0 -1 0
usemtl m_d8f9e20d-cb26-cbd2-2d92-4056c16cacbf
f 1288/4012/1027 1291/4011/1027 1289/4010/1027 1286/4009/1027
f 1287/4016/1028 1288/4015/1028 1286/4014/1028 1285/4013/1028
f 1292/4020/1029 1287/4019/1029 1285/4018/1029 1290/4017/1029
f 1291/4024/1030 1292/4023/1030 1290/4022/1030 1289/4021/1030
f 1290/4028/1031 1285/4027/1031 1286/4026/1031 1289/4025/1031
f 1291/4032/1032 1288/4031/1032 1287/4030/1032 1292/4029/1032
o Corner bracket 107.4
v 0.6875 1.0187499999999998 0.53125
v 0.6875 1.0187499999999998 0.4625
v 0.6875 1.010625 0.53125
v 0.6875 1.010625 0.4625
v 0.625 1.0187499999999998 0.4625
v 0.625 1.0187499999999998 0.53125
v 0.625 1.010625 0.4625
v 0.625 1.010625 0.53125
vt 0 1
vt 0.0625 1
vt 0.0625 0.9918750000000001
vt 0 0.9918750000000001
vt 0 1
vt 0.06874999999999998 1
vt 0.06874999999999998 0.9918750000000001
vt 0 0.9918750000000001
vt 0 1
vt 0.0625 1
vt 0.0625 0.9918750000000001
vt 0 0.9918750000000001
vt 0 1
vt 0.06874999999999998 1
vt 0.06874999999999998 0.9918750000000001
vt 0 0.9918750000000001
vt 0 1
vt 0.0625 1
vt 0.0625 0.93125
vt 0 0.93125
vt 0 1
vt 0.0625 1
vt 0.0625 0.93125
vt 0 0.93125
vn 0 0 -1
vn 1 0 0
vn 0 0 1
vn -1 0 0
vn 0 1 0
vn 0 -1 0
usemtl m_d8f9e20d-cb26-cbd2-2d92-4056c16cacbf
f 1296/4036/1033 1299/4035/1033 1297/4034/1033 1294/4033/1033
f 1295/4040/1034 1296/4039/1034 1294/4038/1034 1293/4037/1034
f 1300/4044/1035 1295/4043/1035 1293/4042/1035 1298/4041/1035
f 1299/4048/1036 1300/4047/1036 1298/4046/1036 1297/4045/1036
f 1298/4052/1037 1293/4051/1037 1294/4050/1037 1297/4049/1037
f 1299/4056/1038 1296/4055/1038 1295/4054/1038 1300/4053/1038
o Apron bolt -9.8 -6.80.4
v -0.571875 0.796875 -0.42499999999999993
v -0.571875 0.796875 -0.4325
v -0.571875 0.78125 -0.42499999999999993
v -0.571875 0.78125 -0.4325
v -0.5875 0.796875 -0.4325
v -0.5875 0.796875 -0.42499999999999993
v -0.5875 0.78125 -0.4325
v -0.5875 0.78125 -0.42499999999999993
vt 0 1
vt 0.015625 1
vt 0.015625 0.984375
vt 0 0.984375
vt 0 1
vt 0.007500000000000007 1
vt 0.007500000000000007 0.984375
vt 0 0.984375
vt 0 1
vt 0.015625 1
vt 0.015625 0.984375
vt 0 0.984375
vt 0 1
vt 0.007500000000000007 1
vt 0.007500000000000007 0.984375
vt 0 0.984375
vt 0 1
vt 0.015625 1
vt 0.015625 0.9924999999999999
vt 0 0.9924999999999999
vt 0 1
vt 0.015625 1
vt 0.015625 0.9924999999999999
vt 0 0.9924999999999999
vn 0 0 -1
vn 1 0 0
vn 0 0 1
vn -1 0 0
vn 0 1 0
vn 0 -1 0
usemtl m_41d086d1-5078-eff2-b41a-ec659ff25218
f 1304/4060/1039 1307/4059/1039 1305/4058/1039 1302/4057/1039
f 1303/4064/1040 1304/4063/1040 1302/4062/1040 1301/4061/1040
f 1308/4068/1041 1303/4067/1041 1301/4066/1041 1306/4065/1041
f 1307/4072/1042 1308/4071/1042 1306/4070/1042 1305/4069/1042
f 1306/4076/1043 1301/4075/1043 1302/4074/1043 1305/4073/1043
f 1307/4080/1044 1304/4079/1044 1303/4078/1044 1308/4077/1044
o Apron bolt -9.8 -6.81.65
v -0.49375 0.796875 -0.42499999999999993
v -0.49375 0.796875 -0.4325
v -0.49375 0.78125 -0.42499999999999993
v -0.49375 0.78125 -0.4325
v -0.509375 0.796875 -0.4325
v -0.509375 0.796875 -0.42499999999999993
v -0.509375 0.78125 -0.4325
v -0.509375 0.78125 -0.42499999999999993
vt 0 1
vt 0.015625 1
vt 0.015625 0.984375
vt 0 0.984375
vt 0 1
vt 0.007500000000000007 1
vt 0.007500000000000007 0.984375
vt 0 0.984375
vt 0 1
vt 0.015625 1
vt 0.015625 0.984375
vt 0 0.984375
vt 0 1
vt 0.007500000000000007 1
vt 0.007500000000000007 0.984375
vt 0 0.984375
vt 0 1
vt 0.015625 1
vt 0.015625 0.9924999999999999
vt 0 0.9924999999999999
vt 0 1
vt 0.015625 1
vt 0.015625 0.9924999999999999
vt 0 0.9924999999999999
vn 0 0 -1
vn 1 0 0
vn 0 0 1
vn -1 0 0
vn 0 1 0
vn 0 -1 0
usemtl m_41d086d1-5078-eff2-b41a-ec659ff25218
f 1312/4084/1045 1315/4083/1045 1313/4082/1045 1310/4081/1045
f 1311/4088/1046 1312/4087/1046 1310/4086/1046 1309/4085/1046
f 1316/4092/1047 1311/4091/1047 1309/4090/1047 1314/4089/1047
f 1315/4096/1048 1316/4095/1048 1314/4094/1048 1313/4093/1048
f 1314/4100/1049 1309/4099/1049 1310/4098/1049 1313/4097/1049
f 1315/4104/1050 1312/4103/1050 1311/4102/1050 1316/4101/1050
o Apron bolt -9.8 4.50.4
v -0.571875 0.796875 0.28125
v -0.571875 0.796875 0.27374999999999994
v -0.571875 0.78125 0.28125
v -0.571875 0.78125 0.27374999999999994
v -0.5875 0.796875 0.27374999999999994
v -0.5875 0.796875 0.28125
v -0.5875 0.78125 0.27374999999999994
v -0.5875 0.78125 0.28125
vt 0 1
vt 0.015625 1
vt 0.015625 0.984375
vt 0 0.984375
vt 0 1
vt 0.007500000000000007 1
vt 0.007500000000000007 0.984375
vt 0 0.984375
vt 0 1
vt 0.015625 1
vt 0.015625 0.984375
vt 0 0.984375
vt 0 1
vt 0.007500000000000007 1
vt 0.007500000000000007 0.984375
vt 0 0.984375
vt 0 1
vt 0.015625 1
vt 0.015625 0.9924999999999999
vt 0 0.9924999999999999
vt 0 1
vt 0.015625 1
vt 0.015625 0.9924999999999999
vt 0 0.9924999999999999
vn 0 0 -1
vn 1 0 0
vn 0 0 1
vn -1 0 0
vn 0 1 0
vn 0 -1 0
usemtl m_41d086d1-5078-eff2-b41a-ec659ff25218
f 1320/4108/1051 1323/4107/1051 1321/4106/1051 1318/4105/1051
f 1319/4112/1052 1320/4111/1052 1318/4110/1052 1317/4109/1052
f 1324/4116/1053 1319/4115/1053 1317/4114/1053 1322/4113/1053
f 1323/4120/1054 1324/4119/1054 1322/4118/1054 1321/4117/1054
f 1322/4124/1055 1317/4123/1055 1318/4122/1055 1321/4121/1055
f 1323/4128/1056 1320/4127/1056 1319/4126/1056 1324/4125/1056
o Apron bolt -9.8 4.51.65
v -0.49375 0.796875 0.28125
v -0.49375 0.796875 0.27374999999999994
v -0.49375 0.78125 0.28125
v -0.49375 0.78125 0.27374999999999994
v -0.509375 0.796875 0.27374999999999994
v -0.509375 0.796875 0.28125
v -0.509375 0.78125 0.27374999999999994
v -0.509375 0.78125 0.28125
vt 0 1
vt 0.015625 1
vt 0.015625 0.984375
vt 0 0.984375
vt 0 1
vt 0.007500000000000007 1
vt 0.007500000000000007 0.984375
vt 0 0.984375
vt 0 1
vt 0.015625 1
vt 0.015625 0.984375
vt 0 0.984375
vt 0 1
vt 0.007500000000000007 1
vt 0.007500000000000007 0.984375
vt 0 0.984375
vt 0 1
vt 0.015625 1
vt 0.015625 0.9924999999999999
vt 0 0.9924999999999999
vt 0 1
vt 0.015625 1
vt 0.015625 0.9924999999999999
vt 0 0.9924999999999999
vn 0 0 -1
vn 1 0 0
vn 0 0 1
vn -1 0 0
vn 0 1 0
vn 0 -1 0
usemtl m_41d086d1-5078-eff2-b41a-ec659ff25218
f 1328/4132/1057 1331/4131/1057 1329/4130/1057 1326/4129/1057
f 1327/4136/1058 1328/4135/1058 1326/4134/1058 1325/4133/1058
f 1332/4140/1059 1327/4139/1059 1325/4138/1059 1330/4137/1059
f 1331/4144/1060 1332/4143/1060 1330/4142/1060 1329/4141/1060
f 1330/4148/1061 1325/4147/1061 1326/4146/1061 1329/4145/1061
f 1331/4152/1062 1328/4151/1062 1327/4150/1062 1332/4149/1062
o Apron bolt 7.5 -6.80.4
v 0.509375 0.796875 -0.42499999999999993
v 0.509375 0.796875 -0.4325
v 0.509375 0.78125 -0.42499999999999993
v 0.509375 0.78125 -0.4325
v 0.49375 0.796875 -0.4325
v 0.49375 0.796875 -0.42499999999999993
v 0.49375 0.78125 -0.4325
v 0.49375 0.78125 -0.42499999999999993
vt 0 1
vt 0.015625 1
vt 0.015625 0.984375
vt 0 0.984375
vt 0 1
vt 0.007500000000000007 1
vt 0.007500000000000007 0.984375
vt 0 0.984375
vt 0 1
vt 0.015625 1
vt 0.015625 0.984375
vt 0 0.984375
vt 0 1
vt 0.007500000000000007 1
vt 0.007500000000000007 0.984375
vt 0 0.984375
vt 0 1
vt 0.015625 1
vt 0.015625 0.9924999999999999
vt 0 0.9924999999999999
vt 0 1
vt 0.015625 1
vt 0.015625 0.9924999999999999
vt 0 0.9924999999999999
vn 0 0 -1
vn 1 0 0
vn 0 0 1
vn -1 0 0
vn 0 1 0
vn 0 -1 0
usemtl m_41d086d1-5078-eff2-b41a-ec659ff25218
f 1336/4156/1063 1339/4155/1063 1337/4154/1063 1334/4153/1063
f 1335/4160/1064 1336/4159/1064 1334/4158/1064 1333/4157/1064
f 1340/4164/1065 1335/4163/1065 1333/4162/1065 1338/4161/1065
f 1339/4168/1066 1340/4167/1066 1338/4166/1066 1337/4165/1066
f 1338/4172/1067 1333/4171/1067 1334/4170/1067 1337/4169/1067
f 1339/4176/1068 1336/4175/1068 1335/4174/1068 1340/4173/1068
o Apron bolt 7.5 -6.81.65
v 0.5875 0.796875 -0.42499999999999993
v 0.5875 0.796875 -0.4325
v 0.5875 0.78125 -0.42499999999999993
v 0.5875 0.78125 -0.4325
v 0.571875 0.796875 -0.4325
v 0.571875 0.796875 -0.42499999999999993
v 0.571875 0.78125 -0.4325
v 0.571875 0.78125 -0.42499999999999993
vt 0 1
vt 0.015625 1
vt 0.015625 0.984375
vt 0 0.984375
vt 0 1
vt 0.007500000000000007 1
vt 0.007500000000000007 0.984375
vt 0 0.984375
vt 0 1
vt 0.015625 1
vt 0.015625 0.984375
vt 0 0.984375
vt 0 1
vt 0.007500000000000007 1
vt 0.007500000000000007 0.984375
vt 0 0.984375
vt 0 1
vt 0.015625 1
vt 0.015625 0.9924999999999999
vt 0 0.9924999999999999
vt 0 1
vt 0.015625 1
vt 0.015625 0.9924999999999999
vt 0 0.9924999999999999
vn 0 0 -1
vn 1 0 0
vn 0 0 1
vn -1 0 0
vn 0 1 0
vn 0 -1 0
usemtl m_41d086d1-5078-eff2-b41a-ec659ff25218
f 1344/4180/1069 1347/4179/1069 1345/4178/1069 1342/4177/1069
f 1343/4184/1070 1344/4183/1070 1342/4182/1070 1341/4181/1070
f 1348/4188/1071 1343/4187/1071 1341/4186/1071 1346/4185/1071
f 1347/4192/1072 1348/4191/1072 1346/4190/1072 1345/4189/1072
f 1346/4196/1073 1341/4195/1073 1342/4194/1073 1345/4193/1073
f 1347/4200/1074 1344/4199/1074 1343/4198/1074 1348/4197/1074
o Apron bolt 7.5 4.50.4
v 0.509375 0.796875 0.28125
v 0.509375 0.796875 0.27374999999999994
v 0.509375 0.78125 0.28125
v 0.509375 0.78125 0.27374999999999994
v 0.49375 0.796875 0.27374999999999994
v 0.49375 0.796875 0.28125
v 0.49375 0.78125 0.27374999999999994
v 0.49375 0.78125 0.28125
vt 0 1
vt 0.015625 1
vt 0.015625 0.984375
vt 0 0.984375
vt 0 1
vt 0.007500000000000007 1
vt 0.007500000000000007 0.984375
vt 0 0.984375
vt 0 1
vt 0.015625 1
vt 0.015625 0.984375
vt 0 0.984375
vt 0 1
vt 0.007500000000000007 1
vt 0.007500000000000007 0.984375
vt 0 0.984375
vt 0 1
vt 0.015625 1
vt 0.015625 0.9924999999999999
vt 0 0.9924999999999999
vt 0 1
vt 0.015625 1
vt 0.015625 0.9924999999999999
vt 0 0.9924999999999999
vn 0 0 -1
vn 1 0 0
vn 0 0 1
vn -1 0 0
vn 0 1 0
vn 0 -1 0
usemtl m_41d086d1-5078-eff2-b41a-ec659ff25218
f 1352/4204/1075 1355/4203/1075 1353/4202/1075 1350/4201/1075
f 1351/4208/1076 1352/4207/1076 1350/4206/1076 1349/4205/1076
f 1356/4212/1077 1351/4211/1077 1349/4210/1077 1354/4209/1077
f 1355/4216/1078 1356/4215/1078 1354/4214/1078 1353/4213/1078
f 1354/4220/1079 1349/4219/1079 1350/4218/1079 1353/4217/1079
f 1355/4224/1080 1352/4223/1080 1351/4222/1080 1356/4221/1080
o Apron bolt 7.5 4.51.65
v 0.5875 0.796875 0.28125
v 0.5875 0.796875 0.27374999999999994
v 0.5875 0.78125 0.28125
v 0.5875 0.78125 0.27374999999999994
v 0.571875 0.796875 0.27374999999999994
v 0.571875 0.796875 0.28125
v 0.571875 0.78125 0.27374999999999994
v 0.571875 0.78125 0.28125
vt 0 1
vt 0.015625 1
vt 0.015625 0.984375
vt 0 0.984375
vt 0 1
vt 0.007500000000000007 1
vt 0.007500000000000007 0.984375
vt 0 0.984375
vt 0 1
vt 0.015625 1
vt 0.015625 0.984375
vt 0 0.984375
vt 0 1
vt 0.007500000000000007 1
vt 0.007500000000000007 0.984375
vt 0 0.984375
vt 0 1
vt 0.015625 1
vt 0.015625 0.9924999999999999
vt 0 0.9924999999999999
vt 0 1
vt 0.015625 1
vt 0.015625 0.9924999999999999
vt 0 0.9924999999999999
vn 0 0 -1
vn 1 0 0
vn 0 0 1
vn -1 0 0
vn 0 1 0
vn 0 -1 0
usemtl m_41d086d1-5078-eff2-b41a-ec659ff25218
f 1360/4228/1081 1363/4227/1081 1361/4226/1081 1358/4225/1081
f 1359/4232/1082 1360/4231/1082 1358/4230/1082 1357/4229/1082
f 1364/4236/1083 1359/4235/1083 1357/4234/1083 1362/4233/1083
f 1363/4240/1084 1364/4239/1084 1362/4238/1084 1361/4237/1084
f 1362/4244/1085 1357/4243/1085 1358/4242/1085 1361/4241/1085
f 1363/4248/1086 1360/4247/1086 1359/4246/1086 1364/4245/1086
o Corner rivet -11-8.7
v -0.646875 1.026875 -0.50625
v -0.646875 1.026875 -0.521875
v -0.646875 1.0187500000000003 -0.50625
v -0.646875 1.0187500000000003 -0.521875
v -0.6625 1.026875 -0.521875
v -0.6625 1.026875 -0.50625
v -0.6625 1.0187500000000003 -0.521875
v -0.6625 1.0187500000000003 -0.50625
vt 0 1
vt 0.015625 1
vt 0.015625 0.9918750000000001
vt 0 0.9918750000000001
vt 0 1
vt 0.015625 1
vt 0.015625 0.9918750000000001
vt 0 0.9918750000000001
vt 0 1
vt 0.015625 1
vt 0.015625 0.9918750000000001
vt 0 0.9918750000000001
vt 0 1
vt 0.015625 1
vt 0.015625 0.9918750000000001
vt 0 0.9918750000000001
vt 0 1
vt 0.015625 1
vt 0.015625 0.984375
vt 0 0.984375
vt 0 1
vt 0.015625 1
vt 0.015625 0.984375
vt 0 0.984375
vn 0 0 -1
vn 1 0 0
vn 0 0 1
vn -1 0 0
vn 0 1 0
vn 0 -1 0
usemtl m_41d086d1-5078-eff2-b41a-ec659ff25218
f 1368/4252/1087 1371/4251/1087 1369/4250/1087 1366/4249/1087
f 1367/4256/1088 1368/4255/1088 1366/4254/1088 1365/4253/1088
f 1372/4260/1089 1367/4259/1089 1365/4258/1089 1370/4257/1089
f 1371/4264/1090 1372/4263/1090 1370/4262/1090 1369/4261/1090
f 1370/4268/1091 1365/4267/1091 1366/4266/1091 1369/4265/1091
f 1371/4272/1092 1368/4271/1092 1367/4270/1092 1372/4269/1092
o Corner rivet -117.4
v -0.646875 1.026875 0.5
v -0.646875 1.026875 0.484375
v -0.646875 1.0187500000000003 0.5
v -0.646875 1.0187500000000003 0.484375
v -0.6625 1.026875 0.484375
v -0.6625 1.026875 0.5
v -0.6625 1.0187500000000003 0.484375
v -0.6625 1.0187500000000003 0.5
vt 0 1
vt 0.015625 1
vt 0.015625 0.9918750000000001
vt 0 0.9918750000000001
vt 0 1
vt 0.015625 1
vt 0.015625 0.9918750000000001
vt 0 0.9918750000000001
vt 0 1
vt 0.015625 1
vt 0.015625 0.9918750000000001
vt 0 0.9918750000000001
vt 0 1
vt 0.015625 1
vt 0.015625 0.9918750000000001
vt 0 0.9918750000000001
vt 0 1
vt 0.015625 1
vt 0.015625 0.984375
vt 0 0.984375
vt 0 1
vt 0.015625 1
vt 0.015625 0.984375
vt 0 0.984375
vn 0 0 -1
vn 1 0 0
vn 0 0 1
vn -1 0 0
vn 0 1 0
vn 0 -1 0
usemtl m_41d086d1-5078-eff2-b41a-ec659ff25218
f 1376/4276/1093 1379/4275/1093 1377/4274/1093 1374/4273/1093
f 1375/4280/1094 1376/4279/1094 1374/4278/1094 1373/4277/1094
f 1380/4284/1095 1375/4283/1095 1373/4282/1095 1378/4281/1095
f 1379/4288/1096 1380/4287/1096 1378/4286/1096 1377/4285/1096
f 1378/4292/1097 1373/4291/1097 1374/4290/1097 1377/4289/1097
f 1379/4296/1098 1376/4295/1098 1375/4294/1098 1380/4293/1098
o Corner rivet 10-8.7
v 0.665625 1.026875 -0.50625
v 0.665625 1.026875 -0.521875
v 0.665625 1.0187500000000003 -0.50625
v 0.665625 1.0187500000000003 -0.521875
v 0.65 1.026875 -0.521875
v 0.65 1.026875 -0.50625
v 0.65 1.0187500000000003 -0.521875
v 0.65 1.0187500000000003 -0.50625
vt 0 1
vt 0.015625 1
vt 0.015625 0.9918750000000001
vt 0 0.9918750000000001
vt 0 1
vt 0.015625 1
vt 0.015625 0.9918750000000001
vt 0 0.9918750000000001
vt 0 1
vt 0.015625 1
vt 0.015625 0.9918750000000001
vt 0 0.9918750000000001
vt 0 1
vt 0.015625 1
vt 0.015625 0.9918750000000001
vt 0 0.9918750000000001
vt 0 1
vt 0.015625 1
vt 0.015625 0.984375
vt 0 0.984375
vt 0 1
vt 0.015625 1
vt 0.015625 0.984375
vt 0 0.984375
vn 0 0 -1
vn 1 0 0
vn 0 0 1
vn -1 0 0
vn 0 1 0
vn 0 -1 0
usemtl m_41d086d1-5078-eff2-b41a-ec659ff25218
f 1384/4300/1099 1387/4299/1099 1385/4298/1099 1382/4297/1099
f 1383/4304/1100 1384/4303/1100 1382/4302/1100 1381/4301/1100
f 1388/4308/1101 1383/4307/1101 1381/4306/1101 1386/4305/1101
f 1387/4312/1102 1388/4311/1102 1386/4310/1102 1385/4309/1102
f 1386/4316/1103 1381/4315/1103 1382/4314/1103 1385/4313/1103
f 1387/4320/1104 1384/4319/1104 1383/4318/1104 1388/4317/1104
o Corner rivet 107.4
v 0.665625 1.026875 0.5
v 0.665625 1.026875 0.484375
v 0.665625 1.0187500000000003 0.5
v 0.665625 1.0187500000000003 0.484375
v 0.65 1.026875 0.484375
v 0.65 1.026875 0.5
v 0.65 1.0187500000000003 0.484375
v 0.65 1.0187500000000003 0.5
vt 0 1
vt 0.015625 1
vt 0.015625 0.9918750000000001
vt 0 0.9918750000000001
vt 0 1
vt 0.015625 1
vt 0.015625 0.9918750000000001
vt 0 0.9918750000000001
vt 0 1
vt 0.015625 1
vt 0.015625 0.9918750000000001
vt 0 0.9918750000000001
vt 0 1
vt 0.015625 1
vt 0.015625 0.9918750000000001
vt 0 0.9918750000000001
vt 0 1
vt 0.015625 1
vt 0.015625 0.984375
vt 0 0.984375
vt 0 1
vt 0.015625 1
vt 0.015625 0.984375
vt 0 0.984375
vn 0 0 -1
vn 1 0 0
vn 0 0 1
vn -1 0 0
vn 0 1 0
vn 0 -1 0
usemtl m_41d086d1-5078-eff2-b41a-ec659ff25218
f 1392/4324/1105 1395/4323/1105 1393/4322/1105 1390/4321/1105
f 1391/4328/1106 1392/4327/1106 1390/4326/1106 1389/4325/1106
f 1396/4332/1107 1391/4331/1107 1389/4330/1107 1394/4329/1107
f 1395/4336/1108 1396/4335/1108 1394/4334/1108 1393/4333/1108
f 1394/4340/1109 1389/4339/1109 1390/4338/1109 1393/4337/1109
f 1395/4344/1110 1392/4343/1110 1391/4342/1110 1396/4341/1110
o Press plinth
v -0.043749999999999956 1.05 0.11249999999999999
v -0.043749999999999956 1.05 -0.425
v -0.043749999999999956 1.003125 0.11249999999999999
v -0.043749999999999956 1.003125 -0.425
v -0.58125 1.05 -0.425
v -0.58125 1.05 0.11249999999999999
v -0.58125 1.003125 -0.425
v -0.58125 1.003125 0.11249999999999999
vt 0 1
vt 0.5375000000000001 1
vt 0.5375000000000001 0.953125
vt 0 0.953125
vt 0 1
vt 0.5375 1
vt 0.5375 0.953125
vt 0 0.953125
vt 0 1
vt 0.5375000000000001 1
vt 0.5375000000000001 0.953125
vt 0 0.953125
vt 0 1
vt 0.5375 1
vt 0.5375 0.953125
vt 0 0.953125
vt 0 1
vt 0.5375000000000001 1
vt 0.5375000000000001 0.4625
vt 0 0.4625
vt 0 1
vt 0.5375000000000001 1
vt 0.5375000000000001 0.4625
vt 0 0.4625
vn 0 0 -1
vn 1 0 0
vn 0 0 1
vn -1 0 0
vn 0 1 0
vn 0 -1 0
usemtl m_b857fb66-1ffc-7849-b518-f1f88c078ca1
f 1400/4348/1111 1403/4347/1111 1401/4346/1111 1398/4345/1111
f 1399/4352/1112 1400/4351/1112 1398/4350/1112 1397/4349/1112
f 1404/4356/1113 1399/4355/1113 1397/4354/1113 1402/4353/1113
f 1403/4360/1114 1404/4359/1114 1402/4358/1114 1401/4357/1114
f 1402/4364/1115 1397/4363/1115 1398/4362/1115 1401/4361/1115
f 1403/4368/1116 1400/4367/1116 1399/4366/1116 1404/4365/1116
o Press overhead beam
v -0.025000000000000022 1.8125 -0.11249999999999999
v -0.025000000000000022 1.8125 -0.21875
v -0.025000000000000022 1.7125 -0.11249999999999999
v -0.025000000000000022 1.7125 -0.21875
v -0.5875 1.8125 -0.21875
v -0.5875 1.8125 -0.11249999999999999
v -0.5875 1.7125 -0.21875
v -0.5875 1.7125 -0.11249999999999999
vt 0 1
vt 0.5625 1
vt 0.5625 0.8999999999999999
vt 0 0.8999999999999999
vt 0 1
vt 0.10625 1
vt 0.10625 0.8999999999999999
vt 0 0.8999999999999999
vt 0 1
vt 0.5625 1
vt 0.5625 0.8999999999999999
vt 0 0.8999999999999999
vt 0 1
vt 0.10625 1
vt 0.10625 0.8999999999999999
vt 0 0.8999999999999999
vt 0 1
vt 0.5625 1
vt 0.5625 0.89375
vt 0 0.89375
vt 0 1
vt 0.5625 1
vt 0.5625 0.89375
vt 0 0.89375
vn 0 0 -1
vn 1 0 0
vn 0 0 1
vn -1 0 0
vn 0 1 0
vn 0 -1 0
usemtl m_b857fb66-1ffc-7849-b518-f1f88c078ca1
f 1408/4372/1117 1411/4371/1117 1409/4370/1117 1406/4369/1117
f 1407/4376/1118 1408/4375/1118 1406/4374/1118 1405/4373/1118
f 1412/4380/1119 1407/4379/1119 1405/4378/1119 1410/4377/1119
f 1411/4384/1120 1412/4383/1120 1410/4382/1120 1409/4381/1120
f 1410/4388/1121 1405/4387/1121 1406/4386/1121 1409/4385/1121
f 1411/4392/1122 1408/4391/1122 1407/4390/1122 1412/4389/1122
o Press upright -9
v -0.48750000000000004 1.8 -0.125
v -0.48750000000000004 1.8 -0.20625
v -0.48750000000000004 1.05 -0.125
v -0.48750000000000004 1.05 -0.20625
v -0.5625 1.8 -0.20625
v -0.5625 1.8 -0.125
v -0.5625 1.05 -0.20625
v -0.5625 1.05 -0.125
vt 0 1
vt 0.07500000000000001 1
vt 0.07500000000000001 0.25
vt 0 0.25
vt 0 1
vt 0.08124999999999999 1
vt 0.08124999999999999 0.25
vt 0 0.25
vt 0 1
vt 0.07500000000000001 1
vt 0.07500000000000001 0.25
vt 0 0.25
vt 0 1
vt 0.08124999999999999 1
vt 0.08124999999999999 0.25
vt 0 0.25
vt 0 1
vt 0.07500000000000001 1
vt 0.07500000000000001 0.91875
vt 0 0.91875
vt 0 1
vt 0.07500000000000001 1
vt 0.07500000000000001 0.91875
vt 0 0.91875
vn 0 0 -1
vn 1 0 0
vn 0 0 1
vn -1 0 0
vn 0 1 0
vn 0 -1 0
usemtl m_1538f866-b198-6ddc-70f1-145addbfa7ab
f 1416/4396/1123 1419/4395/1123 1417/4394/1123 1414/4393/1123
f 1415/4400/1124 1416/4399/1124 1414/4398/1124 1413/4397/1124
f 1420/4404/1125 1415/4403/1125 1413/4402/1125 1418/4401/1125
f 1419/4408/1126 1420/4407/1126 1418/4406/1126 1417/4405/1126
f 1418/4412/1127 1413/4411/1127 1414/4410/1127 1417/4409/1127
f 1419/4416/1128 1416/4415/1128 1415/4414/1128 1420/4413/1128
o Press upright -1.9
v -0.04374999999999999 1.8 -0.125
v -0.04374999999999999 1.8 -0.20625
v -0.04374999999999999 1.05 -0.125
v -0.04374999999999999 1.05 -0.20625
v -0.11875 1.8 -0.20625
v -0.11875 1.8 -0.125
v -0.11875 1.05 -0.20625
v -0.11875 1.05 -0.125
vt 0 1
vt 0.075 1
vt 0.075 0.25
vt 0 0.25
vt 0 1
vt 0.08124999999999999 1
vt 0.08124999999999999 0.25
vt 0 0.25
vt 0 1
vt 0.075 1
vt 0.075 0.25
vt 0 0.25
vt 0 1
vt 0.08124999999999999 1
vt 0.08124999999999999 0.25
vt 0 0.25
vt 0 1
vt 0.075 1
vt 0.075 0.91875
vt 0 0.91875
vt 0 1
vt 0.075 1
vt 0.075 0.91875
vt 0 0.91875
vn 0 0 -1
vn 1 0 0
vn 0 0 1
vn -1 0 0
vn 0 1 0
vn 0 -1 0
usemtl m_1538f866-b198-6ddc-70f1-145addbfa7ab
f 1424/4420/1129 1427/4419/1129 1425/4418/1129 1422/4417/1129
f 1423/4424/1130 1424/4423/1130 1422/4422/1130 1421/4421/1130
f 1428/4428/1131 1423/4427/1131 1421/4426/1131 1426/4425/1131
f 1427/4432/1132 1428/4431/1132 1426/4430/1132 1425/4429/1132
f 1426/4436/1133 1421/4435/1133 1422/4434/1133 1425/4433/1133
f 1427/4440/1134 1424/4439/1134 1423/4438/1134 1428/4437/1134
o Crank grip -8.2
v -0.4624999999999999 1.959375 -0.14499999999999996
v -0.4624999999999999 1.959375 -0.195
v -0.4624999999999999 1.896875 -0.14499999999999996
v -0.4624999999999999 1.896875 -0.195
v -0.5125 1.959375 -0.195
v -0.5125 1.959375 -0.14499999999999996
v -0.5125 1.896875 -0.195
v -0.5125 1.896875 -0.14499999999999996
vt 0 1
vt 0.04999999999999999 1
vt 0.04999999999999999 0.9375
vt 0 0.9375
vt 0 1
vt 0.05000000000000002 1
vt 0.05000000000000002 0.9375
vt 0 0.9375
vt 0 1
vt 0.04999999999999999 1
vt 0.04999999999999999 0.9375
vt 0 0.9375
vt 0 1
vt 0.05000000000000002 1
vt 0.05000000000000002 0.9375
vt 0 0.9375
vt 0 1
vt 0.04999999999999999 1
vt 0.04999999999999999 0.95
vt 0 0.95
vt 0 1
vt 0.04999999999999999 1
vt 0.04999999999999999 0.95
vt 0 0.95
vn 0 0 -1
vn 1 0 0
vn 0 0 1
vn -1 0 0
vn 0 1 0
vn 0 -1 0
usemtl m_1538f866-b198-6ddc-70f1-145addbfa7ab
f 1432/4444/1135 1435/4443/1135 1433/4442/1135 1430/4441/1135
f 1431/4448/1136 1432/4447/1136 1430/4446/1136 1429/4445/1136
f 1436/4452/1137 1431/4451/1137 1429/4450/1137 1434/4449/1137
f 1435/4456/1138 1436/4455/1138 1434/4454/1138 1433/4453/1138
f 1434/4460/1139 1429/4459/1139 1430/4458/1139 1433/4457/1139
f 1435/4464/1140 1432/4463/1140 1431/4462/1140 1436/4461/1140
o Crank grip -2.2
v -0.08750000000000002 1.959375 -0.14499999999999996
v -0.08750000000000002 1.959375 -0.195
v -0.08750000000000002 1.896875 -0.14499999999999996
v -0.08750000000000002 1.896875 -0.195
v -0.1375 1.959375 -0.195
v -0.1375 1.959375 -0.14499999999999996
v -0.1375 1.896875 -0.195
v -0.1375 1.896875 -0.14499999999999996
vt 0 1
vt 0.05 1
vt 0.05 0.9375
vt 0 0.9375
vt 0 1
vt 0.05000000000000002 1
vt 0.05000000000000002 0.9375
vt 0 0.9375
vt 0 1
vt 0.05 1
vt 0.05 0.9375
vt 0 0.9375
vt 0 1
vt 0.05000000000000002 1
vt 0.05000000000000002 0.9375
vt 0 0.9375
vt 0 1
vt 0.05 1
vt 0.05 0.95
vt 0 0.95
vt 0 1
vt 0.05 1
vt 0.05 0.95
vt 0 0.95
vn 0 0 -1
vn 1 0 0
vn 0 0 1
vn -1 0 0
vn 0 1 0
vn 0 -1 0
usemtl m_1538f866-b198-6ddc-70f1-145addbfa7ab
f 1440/4468/1141 1443/4467/1141 1441/4466/1141 1438/4465/1141
f 1439/4472/1142 1440/4471/1142 1438/4470/1142 1437/4469/1142
f 1444/4476/1143 1439/4475/1143 1437/4474/1143 1442/4473/1143
f 1443/4480/1144 1444/4479/1144 1442/4478/1144 1441/4477/1144
f 1442/4484/1145 1437/4483/1145 1438/4482/1145 1441/4481/1145
f 1443/4488/1146 1440/4487/1146 1439/4486/1146 1444/4485/1146
o Basket stave 0
v -0.11875000000000002 1.375 -0.20750000000000002
v -0.15625 1.375 -0.20750000000000002
v -0.11875000000000002 1.09375 -0.20750000000000002
v -0.15625 1.09375 -0.20750000000000002
v -0.15625 1.375 -0.13
v -0.11875000000000002 1.375 -0.13
v -0.15625 1.09375 -0.13
v -0.11875000000000002 1.09375 -0.13
vt 0 1
vt 0.07750000000000001 1
vt 0.07750000000000001 0.71875
vt 0 0.71875
vt 0 1
vt 0.03749999999999998 1
vt 0.03749999999999998 0.71875
vt 0 0.71875
vt 0 1
vt 0.07750000000000001 1
vt 0.07750000000000001 0.71875
vt 0 0.71875
vt 0 1
vt 0.03749999999999998 1
vt 0.03749999999999998 0.71875
vt 0 0.71875
vt 0 1
vt 0.07750000000000001 1
vt 0.07750000000000001 0.9625
vt 0 0.9625
vt 0 1
vt 0.07750000000000001 1
vt 0.07750000000000001 0.9625
vt 0 0.9625
vn -1 0 -2.220446049250313e-16
vn 2.220446049250313e-16 0 -1
vn 1 0 2.220446049250313e-16
vn -2.220446049250313e-16 0 1
vn 0 1 0
vn 0 -1 0
usemtl m_1538f866-b198-6ddc-70f1-145addbfa7ab
f 1448/4492/1147 1451/4491/1147 1449/4490/1147 1446/4489/1147
f 1447/4496/1148 1448/4495/1148 1446/4494/1148 1445/4493/1148
f 1452/4500/1149 1447/4499/1149 1445/4498/1149 1450/4497/1149
f 1451/4504/1150 1452/4503/1150 1450/4502/1150 1449/4501/1150
f 1450/4508/1151 1445/4507/1151 1446/4506/1151 1449/4505/1151
f 1451/4512/1152 1448/4511/1152 1447/4510/1152 1452/4509/1152
o Basket stave 1
v -0.125332578016765 1.375 -0.10543348439664703
v -0.15780853065868145 1.375 -0.12418348439664703
v -0.125332578016765 1.09375 -0.10543348439664703
v -0.15780853065868145 1.09375 -0.12418348439664703
v -0.19655853065868145 1.375 -0.05706651560335303
v -0.164082578016765 1.375 -0.03831651560335303
v -0.19655853065868145 1.09375 -0.05706651560335303
v -0.164082578016765 1.09375 -0.03831651560335303
vt 0 1
vt 0.07750000000000001 1
vt 0.07750000000000001 0.71875
vt 0 0.71875
vt 0 1
vt 0.037500000000000006 1
vt 0.037500000000000006 0.71875
vt 0 0.71875
vt 0 1
vt 0.07750000000000001 1
vt 0.07750000000000001 0.71875
vt 0 0.71875
vt 0 1
vt 0.037500000000000006 1
vt 0.037500000000000006 0.71875
vt 0 0.71875
vt 0 1
vt 0.07750000000000001 1
vt 0.07750000000000001 0.9625
vt 0 0.9625
vt 0 1
vt 0.07750000000000001 1
vt 0.07750000000000001 0.9625
vt 0 0.9625
vn -0.8660254037844386 0 -0.5000000000000001
vn 0.5000000000000001 0 -0.8660254037844386
vn 0.8660254037844386 0 0.5000000000000001
vn -0.5000000000000001 0 0.8660254037844386
vn 0 1 0
vn 0 -1 0
usemtl m_1538f866-b198-6ddc-70f1-145addbfa7ab
f 1456/4516/1153 1459/4515/1153 1457/4514/1153 1454/4513/1153
f 1455/4520/1154 1456/4519/1154 1454/4518/1154 1453/4517/1154
f 1460/4524/1155 1455/4523/1155 1453/4522/1155 1458/4521/1155
f 1459/4528/1156 1460/4527/1156 1458/4526/1156 1457/4525/1156
f 1458/4532/1157 1453/4531/1157 1454/4530/1157 1457/4529/1157
f 1459/4536/1158 1456/4535/1158 1455/4534/1158 1460/4533/1158
o Basket stave 2
v -0.18206651560335296 1.375 -0.02033257801676504
v -0.20081651560335298 1.375 -0.05280853065868149
v -0.18206651560335296 1.09375 -0.02033257801676504
v -0.20081651560335298 1.09375 -0.05280853065868149
v -0.267933484396647 1.375 -0.014058530658681494
v -0.24918348439664698 1.375 0.018417421983234955
v -0.267933484396647 1.09375 -0.014058530658681494
v -0.24918348439664698 1.09375 0.018417421983234955
vt 0 1
vt 0.07750000000000001 1
vt 0.07750000000000001 0.71875
vt 0 0.71875
vt 0 1
vt 0.037500000000000006 1
vt 0.037500000000000006 0.71875
vt 0 0.71875
vt 0 1
vt 0.07750000000000001 1
vt 0.07750000000000001 0.71875
vt 0 0.71875
vt 0 1
vt 0.037500000000000006 1
vt 0.037500000000000006 0.71875
vt 0 0.71875
vt 0 1
vt 0.07750000000000001 1
vt 0.07750000000000001 0.9625
vt 0 0.9625
vt 0 1
vt 0.07750000000000001 1
vt 0.07750000000000001 0.9625
vt 0 0.9625
vn -0.49999999999999994 0 -0.8660254037844387
vn 0.8660254037844387 0 -0.49999999999999994
vn 0.49999999999999994 0 0.8660254037844387
vn -0.8660254037844387 0 0.49999999999999994
vn 0 1 0
vn 0 -1 0
usemtl m_1538f866-b198-6ddc-70f1-145addbfa7ab
f 1464/4540/1159 1467/4539/1159 1465/4538/1159 1462/4537/1159
f 1463/4544/1160 1464/4543/1160 1462/4542/1160 1461/4541/1160
f 1468/4548/1161 1463/4547/1161 1461/4546/1161 1466/4545/1161
f 1467/4552/1162 1468/4551/1162 1466/4550/1162 1465/4549/1162
f 1466/4556/1163 1461/4555/1163 1462/4554/1163 1465/4553/1163
f 1467/4560/1164 1464/4559/1164 1463/4558/1164 1468/4557/1164
o Basket stave 3
v -0.27375 1.375 0.024999999999999977
v -0.27375 1.375 -0.012500000000000022
v -0.27375 1.09375 0.024999999999999977
v -0.27375 1.09375 -0.012500000000000022
v -0.35125 1.375 -0.012500000000000022
v -0.35125 1.375 0.024999999999999977
v -0.35125 1.09375 -0.012500000000000022
v -0.35125 1.09375 0.024999999999999977
vt 0 1
vt 0.07750000000000001 1
vt 0.07750000000000001 0.71875
vt 0 0.71875
vt 0 1
vt 0.0375 1
vt 0.0375 0.71875
vt 0 0.71875
vt 0 1
vt 0.07750000000000001 1
vt 0.07750000000000001 0.71875
vt 0 0.71875
vt 0 1
vt 0.0375 1
vt 0.0375 0.71875
vt 0 0.71875
vt 0 1
vt 0.07750000000000001 1
vt 0.07750000000000001 0.9625
vt 0 0.9625
vt 0 1
vt 0.07750000000000001 1
vt 0.07750000000000001 0.9625
vt 0 0.9625
vn 0 0 -1
vn 1 0 0
vn 0 0 1
vn -1 0 0
vn 0 1 0
vn 0 -1 0
usemtl m_1538f866-b198-6ddc-70f1-145addbfa7ab
f 1472/4564/1165 1475/4563/1165 1473/4562/1165 1470/4561/1165
f 1471/4568/1166 1472/4567/1166 1470/4566/1166 1469/4565/1166
f 1476/4572/1167 1471/4571/1167 1469/4570/1167 1474/4569/1167
f 1475/4576/1168 1476/4575/1168 1474/4574/1168 1473/4573/1168
f 1474/4580/1169 1469/4579/1169 1470/4578/1169 1473/4577/1169
f 1475/4584/1170 1472/4583/1170 1471/4582/1170 1476/4581/1170
o Basket stave 4
v -0.37581651560335294 1.375 0.018417421983234983
v -0.35706651560335295 1.375 -0.014058530658681467
v -0.37581651560335294 1.09375 0.018417421983234983
v -0.35706651560335295 1.09375 -0.014058530658681467
v -0.424183484396647 1.375 -0.05280853065868146
v -0.442933484396647 1.375 -0.020332578016765013
v -0.424183484396647 1.09375 -0.05280853065868146
v -0.442933484396647 1.09375 -0.020332578016765013
vt 0 1
vt 0.07750000000000001 1
vt 0.07750000000000001 0.71875
vt 0 0.71875
vt 0 1
vt 0.037500000000000006 1
vt 0.037500000000000006 0.71875
vt 0 0.71875
vt 0 1
vt 0.07750000000000001 1
vt 0.07750000000000001 0.71875
vt 0 0.71875
vt 0 1
vt 0.037500000000000006 1
vt 0.037500000000000006 0.71875
vt 0 0.71875
vt 0 1
vt 0.07750000000000001 1
vt 0.07750000000000001 0.9625
vt 0 0.9625
vt 0 1
vt 0.07750000000000001 1
vt 0.07750000000000001 0.9625
vt 0 0.9625
vn 0.49999999999999994 0 -0.8660254037844387
vn 0.8660254037844387 0 0.49999999999999994
vn -0.49999999999999994 0 0.8660254037844387
vn -0.8660254037844387 0 -0.49999999999999994
vn 0 1 0
vn 0 -1 0
usemtl m_1538f866-b198-6ddc-70f1-145addbfa7ab
f 1480/4588/1171 1483/4587/1171 1481/4586/1171 1478/4585/1171
f 1479/4592/1172 1480/4591/1172 1478/4590/1172 1477/4589/1172
f 1484/4596/1173 1479/4595/1173 1477/4594/1173 1482/4593/1173
f 1483/4600/1174 1484/4599/1174 1482/4598/1174 1481/4597/1174
f 1482/4604/1175 1477/4603/1175 1478/4602/1175 1481/4601/1175
f 1483/4608/1176 1480/4607/1176 1479/4606/1176 1484/4605/1176
o Basket stave 5
v -0.460917421983235 1.375 -0.03831651560335303
v -0.42844146934131855 1.375 -0.05706651560335303
v -0.460917421983235 1.09375 -0.03831651560335303
v -0.42844146934131855 1.09375 -0.05706651560335303
v -0.46719146934131855 1.375 -0.12418348439664703
v -0.499667421983235 1.375 -0.10543348439664703
v -0.46719146934131855 1.09375 -0.12418348439664703
v -0.499667421983235 1.09375 -0.10543348439664703
vt 0 1
vt 0.07750000000000001 1
vt 0.07750000000000001 0.71875
vt 0 0.71875
vt 0 1
vt 0.037500000000000006 1
vt 0.037500000000000006 0.71875
vt 0 0.71875
vt 0 1
vt 0.07750000000000001 1
vt 0.07750000000000001 0.71875
vt 0 0.71875
vt 0 1
vt 0.037500000000000006 1
vt 0.037500000000000006 0.71875
vt 0 0.71875
vt 0 1
vt 0.07750000000000001 1
vt 0.07750000000000001 0.9625
vt 0 0.9625
vt 0 1
vt 0.07750000000000001 1
vt 0.07750000000000001 0.9625
vt 0 0.9625
vn 0.8660254037844386 0 -0.5000000000000001
vn 0.5000000000000001 0 0.8660254037844386
vn -0.8660254037844386 0 0.5000000000000001
vn -0.5000000000000001 0 -0.8660254037844386
vn 0 1 0
vn 0 -1 0
usemtl m_1538f866-b198-6ddc-70f1-145addbfa7ab
f 1488/4612/1177 1491/4611/1177 1489/4610/1177 1486/4609/1177
f 1487/4616/1178 1488/4615/1178 1486/4614/1178 1485/4613/1178
f 1492/4620/1179 1487/4619/1179 1485/4618/1179 1490/4617/1179
f 1491/4624/1180 1492/4623/1180 1490/4622/1180 1489/4621/1180
f 1490/4628/1181 1485/4627/1181 1486/4626/1181 1489/4625/1181
f 1491/4632/1182 1488/4631/1182 1487/4630/1182 1492/4629/1182
o Basket stave 6
v -0.50625 1.375 -0.12999999999999998
v -0.46875 1.375 -0.12999999999999998
v -0.50625 1.09375 -0.12999999999999998
v -0.46875 1.09375 -0.12999999999999998
v -0.46875 1.375 -0.2075
v -0.50625 1.375 -0.2075
v -0.46875 1.09375 -0.2075
v -0.50625 1.09375 -0.2075
vt 0 1
vt 0.07750000000000001 1
vt 0.07750000000000001 0.71875
vt 0 0.71875
vt 0 1
vt 0.03749999999999998 1
vt 0.03749999999999998 0.71875
vt 0 0.71875
vt 0 1
vt 0.07750000000000001 1
vt 0.07750000000000001 0.71875
vt 0 0.71875
vt 0 1
vt 0.03749999999999998 1
vt 0.03749999999999998 0.71875
vt 0 0.71875
vt 0 1
vt 0.07750000000000001 1
vt 0.07750000000000001 0.9625
vt 0 0.9625
vt 0 1
vt 0.07750000000000001 1
vt 0.07750000000000001 0.9625
vt 0 0.9625
vn 1 0 -2.220446049250313e-16
vn 2.220446049250313e-16 0 1
vn -1 0 2.220446049250313e-16
vn -2.220446049250313e-16 0 -1
vn 0 1 0
vn 0 -1 0
usemtl m_1538f866-b198-6ddc-70f1-145addbfa7ab
f 1496/4636/1183 1499/4635/1183 1497/4634/1183 1494/4633/1183
f 1495/4640/1184 1496/4639/1184 1494/4638/1184 1493/4637/1184
f 1500/4644/1185 1495/4643/1185 1493/4642/1185 1498/4641/1185
f 1499/4648/1186 1500/4647/1186 1498/4646/1186 1497/4645/1186
f 1498/4652/1187 1493/4651/1187 1494/4650/1187 1497/4649/1187
f 1499/4656/1188 1496/4655/1188 1495/4654/1188 1500/4653/1188
o Basket stave 7
v -0.499667421983235 1.375 -0.23206651560335295
v -0.46719146934131855 1.375 -0.21331651560335296
v -0.499667421983235 1.09375 -0.23206651560335295
v -0.46719146934131855 1.09375 -0.21331651560335296
v -0.42844146934131855 1.375 -0.280433484396647
v -0.460917421983235 1.375 -0.299183484396647
v -0.42844146934131855 1.09375 -0.280433484396647
v -0.460917421983235 1.09375 -0.299183484396647
vt 0 1
vt 0.07750000000000001 1
vt 0.07750000000000001 0.71875
vt 0 0.71875
vt 0 1
vt 0.03749999999999998 1
vt 0.03749999999999998 0.71875
vt 0 0.71875
vt 0 1
vt 0.07750000000000001 1
vt 0.07750000000000001 0.71875
vt 0 0.71875
vt 0 1
vt 0.03749999999999998 1
vt 0.03749999999999998 0.71875
vt 0 0.71875
vt 0 1
vt 0.07750000000000001 1
vt 0.07750000000000001 0.9625
vt 0 0.9625
vt 0 1
vt 0.07750000000000001 1
vt 0.07750000000000001 0.9625
vt 0 0.9625
vn 0.8660254037844388 0 0.4999999999999998
vn -0.4999999999999998 0 0.8660254037844388
vn -0.8660254037844388 0 -0.4999999999999998
vn 0.4999999999999998 0 -0.8660254037844388
vn 0 1 0
vn 0 -1 0
usemtl m_1538f866-b198-6ddc-70f1-145addbfa7ab
f 1504/4660/1189 1507/4659/1189 1505/4658/1189 1502/4657/1189
f 1503/4664/1190 1504/4663/1190 1502/4662/1190 1501/4661/1190
f 1508/4668/1191 1503/4667/1191 1501/4666/1191 1506/4665/1191
f 1507/4672/1192 1508/4671/1192 1506/4670/1192 1505/4669/1192
f 1506/4676/1193 1501/4675/1193 1502/4674/1193 1505/4673/1193
f 1507/4680/1194 1504/4679/1194 1503/4678/1194 1508/4677/1194
o Basket stave 8
v -0.4429334843966471 1.375 -0.31716742198323494
v -0.4241834843966471 1.375 -0.2846914693413185
v -0.4429334843966471 1.09375 -0.31716742198323494
v -0.4241834843966471 1.09375 -0.2846914693413185
v -0.35706651560335306 1.375 -0.3234414693413185
v -0.37581651560335305 1.375 -0.35591742198323495
v -0.35706651560335306 1.09375 -0.3234414693413185
v -0.37581651560335305 1.09375 -0.35591742198323495
vt 0 1
vt 0.07750000000000001 1
vt 0.07750000000000001 0.71875
vt 0 0.71875
vt 0 1
vt 0.03749999999999998 1
vt 0.03749999999999998 0.71875
vt 0 0.71875
vt 0 1
vt 0.07750000000000001 1
vt 0.07750000000000001 0.71875
vt 0 0.71875
vt 0 1
vt 0.03749999999999998 1
vt 0.03749999999999998 0.71875
vt 0 0.71875
vt 0 1
vt 0.07750000000000001 1
vt 0.07750000000000001 0.9625
vt 0 0.9625
vt 0 1
vt 0.07750000000000001 1
vt 0.07750000000000001 0.9625
vt 0 0.9625
vn 0.49999999999999994 0 0.8660254037844388
vn -0.8660254037844388 0 0.49999999999999994
vn -0.49999999999999994 0 -0.8660254037844388
vn 0.8660254037844388 0 -0.49999999999999994
vn 0 1 0
vn 0 -1 0
usemtl m_1538f866-b198-6ddc-70f1-145addbfa7ab
f 1512/4684/1195 1515/4683/1195 1513/4682/1195 1510/4681/1195
f 1511/4688/1196 1512/4687/1196 1510/4686/1196 1509/4685/1196
f 1516/4692/1197 1511/4691/1197 1509/4690/1197 1514/4689/1197
f 1515/4696/1198 1516/4695/1198 1514/4694/1198 1513/4693/1198
f 1514/4700/1199 1509/4699/1199 1510/4698/1199 1513/4697/1199
f 1515/4704/1200 1512/4703/1200 1511/4702/1200 1516/4701/1200
o Basket stave 9
v -0.35125000000000006 1.375 -0.3625
v -0.35125000000000006 1.375 -0.325
v -0.35125000000000006 1.09375 -0.3625
v -0.35125000000000006 1.09375 -0.325
v -0.27375000000000005 1.375 -0.325
v -0.27375000000000005 1.375 -0.3625
v -0.27375000000000005 1.09375 -0.325
v -0.27375000000000005 1.09375 -0.3625
vt 0 1
vt 0.07750000000000001 1
vt 0.07750000000000001 0.71875
vt 0 0.71875
vt 0 1
vt 0.03749999999999998 1
vt 0.03749999999999998 0.71875
vt 0 0.71875
vt 0 1
vt 0.07750000000000001 1
vt 0.07750000000000001 0.71875
vt 0 0.71875
vt 0 1
vt 0.03749999999999998 1
vt 0.03749999999999998 0.71875
vt 0 0.71875
vt 0 1
vt 0.07750000000000001 1
vt 0.07750000000000001 0.9625
vt 0 0.9625
vt 0 1
vt 0.07750000000000001 1
vt 0.07750000000000001 0.9625
vt 0 0.9625
vn 1.2246467991473532e-16 0 1
vn -1 0 1.2246467991473532e-16
vn -1.2246467991473532e-16 0 -1
vn 1 0 -1.2246467991473532e-16
vn 0 1 0
vn 0 -1 0
usemtl m_1538f866-b198-6ddc-70f1-145addbfa7ab
f 1520/4708/1201 1523/4707/1201 1521/4706/1201 1518/4705/1201
f 1519/4712/1202 1520/4711/1202 1518/4710/1202 1517/4709/1202
f 1524/4716/1203 1519/4715/1203 1517/4714/1203 1522/4713/1203
f 1523/4720/1204 1524/4719/1204 1522/4718/1204 1521/4717/1204
f 1522/4724/1205 1517/4723/1205 1518/4722/1205 1521/4721/1205
f 1523/4728/1206 1520/4727/1206 1519/4726/1206 1524/4725/1206
o Basket stave 10
v -0.249183484396647 1.375 -0.355917421983235
v -0.267933484396647 1.375 -0.32344146934131857
v -0.249183484396647 1.09375 -0.355917421983235
v -0.267933484396647 1.09375 -0.32344146934131857
v -0.20081651560335295 1.375 -0.28469146934131856
v -0.18206651560335296 1.375 -0.317167421983235
v -0.20081651560335295 1.09375 -0.28469146934131856
v -0.18206651560335296 1.09375 -0.317167421983235
vt 0 1
vt 0.07750000000000001 1
vt 0.07750000000000001 0.71875
vt 0 0.71875
vt 0 1
vt 0.03749999999999998 1
vt 0.03749999999999998 0.71875
vt 0 0.71875
vt 0 1
vt 0.07750000000000001 1
vt 0.07750000000000001 0.71875
vt 0 0.71875
vt 0 1
vt 0.03749999999999998 1
vt 0.03749999999999998 0.71875
vt 0 0.71875
vt 0 1
vt 0.07750000000000001 1
vt 0.07750000000000001 0.9625
vt 0 0.9625
vt 0 1
vt 0.07750000000000001 1
vt 0.07750000000000001 0.9625
vt 0 0.9625
vn -0.5000000000000001 0 0.8660254037844387
vn -0.8660254037844387 0 -0.5000000000000001
vn 0.5000000000000001 0 -0.8660254037844387
vn 0.8660254037844387 0 0.5000000000000001
vn 0 1 0
vn 0 -1 0
usemtl m_1538f866-b198-6ddc-70f1-145addbfa7ab
f 1528/4732/1207 1531/4731/1207 1529/4730/1207 1526/4729/1207
f 1527/4736/1208 1528/4735/1208 1526/4734/1208 1525/4733/1208
f 1532/4740/1209 1527/4739/1209 1525/4738/1209 1530/4737/1209
f 1531/4744/1210 1532/4743/1210 1530/4742/1210 1529/4741/1210
f 1530/4748/1211 1525/4747/1211 1526/4746/1211 1529/4745/1211
f 1531/4752/1212 1528/4751/1212 1527/4750/1212 1532/4749/1212
o Basket stave 11
v -0.1640825780167651 1.375 -0.2991834843966471
v -0.1965585306586815 1.375 -0.28043348439664706
v -0.1640825780167651 1.09375 -0.2991834843966471
v -0.1965585306586815 1.09375 -0.28043348439664706
v -0.15780853065868147 1.375 -0.2133165156033531
v -0.12533257801676506 1.375 -0.2320665156033531
v -0.15780853065868147 1.09375 -0.2133165156033531
v -0.12533257801676506 1.09375 -0.2320665156033531
vt 0 1
vt 0.07750000000000001 1
vt 0.07750000000000001 0.71875
vt 0 0.71875
vt 0 1
vt 0.03749999999999998 1
vt 0.03749999999999998 0.71875
vt 0 0.71875
vt 0 1
vt 0.07750000000000001 1
vt 0.07750000000000001 0.71875
vt 0 0.71875
vt 0 1
vt 0.03749999999999998 1
vt 0.03749999999999998 0.71875
vt 0 0.71875
vt 0 1
vt 0.07750000000000001 1
vt 0.07750000000000001 0.9625
vt 0 0.9625
vt 0 1
vt 0.07750000000000001 1
vt 0.07750000000000001 0.9625
vt 0 0.9625
vn -0.8660254037844386 0 0.5000000000000003
vn -0.5000000000000003 0 -0.8660254037844386
vn 0.8660254037844386 0 -0.5000000000000003
vn 0.5000000000000003 0 0.8660254037844386
vn 0 1 0
vn 0 -1 0
usemtl m_1538f866-b198-6ddc-70f1-145addbfa7ab
f 1536/4756/1213 1539/4755/1213 1537/4754/1213 1534/4753/1213
f 1535/4760/1214 1536/4759/1214 1534/4758/1214 1533/4757/1214
f 1540/4764/1215 1535/4763/1215 1533/4762/1215 1538/4761/1215
f 1539/4768/1216 1540/4767/1216 1538/4766/1216 1537/4765/1216
f 1538/4772/1217 1533/4771/1217 1534/4770/1217 1537/4769/1217
f 1539/4776/1218 1536/4775/1218 1535/4774/1218 1540/4773/1218
o Upright foot fitting -9
v -0.48250000000000004 1.09375 -0.12
v -0.48250000000000004 1.09375 -0.21125
v -0.48250000000000004 1.0499999999999998 -0.12
v -0.48250000000000004 1.0499999999999998 -0.21125
v -0.5675 1.09375 -0.21125
v -0.5675 1.09375 -0.12
v -0.5675 1.0499999999999998 -0.21125
v -0.5675 1.0499999999999998 -0.12
vt 0 1
vt 0.08500000000000002 1
vt 0.08500000000000002 0.95625
vt 0 0.95625
vt 0 1
vt 0.09125 1
vt 0.09125 0.95625
vt 0 0.95625
vt 0 1
vt 0.08500000000000002 1
vt 0.08500000000000002 0.95625
vt 0 0.95625
vt 0 1
vt 0.09125 1
vt 0.09125 0.95625
vt 0 0.95625
vt 0 1
vt 0.08500000000000002 1
vt 0.08500000000000002 0.90875
vt 0 0.90875
vt 0 1
vt 0.08500000000000002 1
vt 0.08500000000000002 0.90875
vt 0 0.90875
vn 0 0 -1
vn 1 0 0
vn 0 0 1
vn -1 0 0
vn 0 1 0
vn 0 -1 0
usemtl m_d8f9e20d-cb26-cbd2-2d92-4056c16cacbf
f 1544/4780/1219 1547/4779/1219 1545/4778/1219 1542/4777/1219
f 1543/4784/1220 1544/4783/1220 1542/4782/1220 1541/4781/1220
f 1548/4788/1221 1543/4787/1221 1541/4786/1221 1546/4785/1221
f 1547/4792/1222 1548/4791/1222 1546/4790/1222 1545/4789/1222
f 1546/4796/1223 1541/4795/1223 1542/4794/1223 1545/4793/1223
f 1547/4800/1224 1544/4799/1224 1543/4798/1224 1548/4797/1224
o Upright foot fitting -1.9
v -0.038749999999999986 1.09375 -0.12
v -0.038749999999999986 1.09375 -0.21125
v -0.038749999999999986 1.0499999999999998 -0.12
v -0.038749999999999986 1.0499999999999998 -0.21125
v -0.12375 1.09375 -0.21125
v -0.12375 1.09375 -0.12
v -0.12375 1.0499999999999998 -0.21125
v -0.12375 1.0499999999999998 -0.12
vt 0 1
vt 0.085 1
vt 0.085 0.95625
vt 0 0.95625
vt 0 1
vt 0.09125 1
vt 0.09125 0.95625
vt 0 0.95625
vt 0 1
vt 0.085 1
vt 0.085 0.95625
vt 0 0.95625
vt 0 1
vt 0.09125 1
vt 0.09125 0.95625
vt 0 0.95625
vt 0 1
vt 0.085 1
vt 0.085 0.90875
vt 0 0.90875
vt 0 1
vt 0.085 1
vt 0.085 0.90875
vt 0 0.90875
vn 0 0 -1
vn 1 0 0
vn 0 0 1
vn -1 0 0
vn 0 1 0
vn 0 -1 0
usemtl m_d8f9e20d-cb26-cbd2-2d92-4056c16cacbf
f 1552/4804/1225 1555/4803/1225 1553/4802/1225 1550/4801/1225
f 1551/4808/1226 1552/4807/1226 1550/4806/1226 1549/4805/1226
f 1556/4812/1227 1551/4811/1227 1549/4810/1227 1554/4809/1227
f 1555/4816/1228 1556/4815/1228 1554/4814/1228 1553/4813/1228
f 1554/4820/1229 1549/4819/1229 1550/4818/1229 1553/4817/1229
f 1555/4824/1230 1552/4823/1230 1551/4822/1230 1556/4821/1230
o Screw mounting boss
v -0.24375000000000002 1.8249999999999997 -0.04999999999999999
v -0.24375000000000002 1.8249999999999997 -0.28125
v -0.24375000000000002 1.68125 -0.04999999999999999
v -0.24375000000000002 1.68125 -0.28125
v -0.36875 1.8249999999999997 -0.28125
v -0.36875 1.8249999999999997 -0.04999999999999999
v -0.36875 1.68125 -0.28125
v -0.36875 1.68125 -0.04999999999999999
vt 0 1
vt 0.12500000000000003 1
vt 0.12500000000000003 0.85625
vt 0 0.85625
vt 0 1
vt 0.23125 1
vt 0.23125 0.85625
vt 0 0.85625
vt 0 1
vt 0.12500000000000003 1
vt 0.12500000000000003 0.85625
vt 0 0.85625
vt 0 1
vt 0.23125 1
vt 0.23125 0.85625
vt 0 0.85625
vt 0 1
vt 0.12500000000000003 1
vt 0.12500000000000003 0.76875
vt 0 0.76875
vt 0 1
vt 0.12500000000000003 1
vt 0.12500000000000003 0.76875
vt 0 0.76875
vn 0 0 -1
vn 1 0 0
vn 0 0 1
vn -1 0 0
vn 0 1 0
vn 0 -1 0
usemtl m_d8f9e20d-cb26-cbd2-2d92-4056c16cacbf
f 1560/4828/1231 1563/4827/1231 1561/4826/1231 1558/4825/1231
f 1559/4832/1232 1560/4831/1232 1558/4830/1232 1557/4829/1232
f 1564/4836/1233 1559/4835/1233 1557/4834/1233 1562/4833/1233
f 1563/4840/1234 1564/4839/1234 1562/4838/1234 1561/4837/1234
f 1562/4844/1235 1557/4843/1235 1558/4842/1235 1561/4841/1235
f 1563/4848/1236 1560/4847/1236 1559/4846/1236 1564/4845/1236
o Spindle thread 22.5
v -0.2875 1.4137500000000003 -0.1475
v -0.2875 1.4137500000000003 -0.19125
v -0.2875 1.40625 -0.1475
v -0.2875 1.40625 -0.19125
v -0.33124999999999993 1.4137500000000003 -0.19125
v -0.33124999999999993 1.4137500000000003 -0.1475
v -0.33124999999999993 1.40625 -0.19125
v -0.33124999999999993 1.40625 -0.1475
vt 0 1
vt 0.04375000000000001 1
vt 0.04375000000000001 0.9924999999999999
vt 0 0.9924999999999999
vt 0 1
vt 0.04375000000000001 1
vt 0.04375000000000001 0.9924999999999999
vt 0 0.9924999999999999
vt 0 1
vt 0.04375000000000001 1
vt 0.04375000000000001 0.9924999999999999
vt 0 0.9924999999999999
vt 0 1
vt 0.04375000000000001 1
vt 0.04375000000000001 0.9924999999999999
vt 0 0.9924999999999999
vt 0 1
vt 0.04375000000000001 1
vt 0.04375000000000001 0.95625
vt 0 0.95625
vt 0 1
vt 0.04375000000000001 1
vt 0.04375000000000001 0.95625
vt 0 0.95625
vn 0 0 -1
vn 1 0 0
vn 0 0 1
vn -1 0 0
vn 0 1 0
vn 0 -1 0
usemtl m_d8f9e20d-cb26-cbd2-2d92-4056c16cacbf
f 1568/4852/1237 1571/4851/1237 1569/4850/1237 1566/4849/1237
f 1567/4856/1238 1568/4855/1238 1566/4854/1238 1565/4853/1238
f 1572/4860/1239 1567/4859/1239 1565/4858/1239 1570/4857/1239
f 1571/4864/1240 1572/4863/1240 1570/4862/1240 1569/4861/1240
f 1570/4868/1241 1565/4867/1241 1566/4866/1241 1569/4865/1241
f 1571/4872/1242 1568/4871/1242 1567/4870/1242 1572/4869/1242
o Spindle thread 23.02
v -0.2875 1.44625 -0.1475
v -0.2875 1.44625 -0.19125
v -0.2875 1.4387499999999998 -0.1475
v -0.2875 1.4387499999999998 -0.19125
v -0.33124999999999993 1.44625 -0.19125
v -0.33124999999999993 1.44625 -0.1475
v -0.33124999999999993 1.4387499999999998 -0.19125
v -0.33124999999999993 1.4387499999999998 -0.1475
vt 0 1
vt 0.04375000000000001 1
vt 0.04375000000000001 0.9924999999999999
vt 0 0.9924999999999999
vt 0 1
vt 0.04375000000000001 1
vt 0.04375000000000001 0.9924999999999999
vt 0 0.9924999999999999
vt 0 1
vt 0.04375000000000001 1
vt 0.04375000000000001 0.9924999999999999
vt 0 0.9924999999999999
vt 0 1
vt 0.04375000000000001 1
vt 0.04375000000000001 0.9924999999999999
vt 0 0.9924999999999999
vt 0 1
vt 0.04375000000000001 1
vt 0.04375000000000001 0.95625
vt 0 0.95625
vt 0 1
vt 0.04375000000000001 1
vt 0.04375000000000001 0.95625
vt 0 0.95625
vn 0 0 -1
vn 1 0 0
vn 0 0 1
vn -1 0 0
vn 0 1 0
vn 0 -1 0
usemtl m_d8f9e20d-cb26-cbd2-2d92-4056c16cacbf
f 1576/4876/1243 1579/4875/1243 1577/4874/1243 1574/4873/1243
f 1575/4880/1244 1576/4879/1244 1574/4878/1244 1573/4877/1244
f 1580/4884/1245 1575/4883/1245 1573/4882/1245 1578/4881/1245
f 1579/4888/1246 1580/4887/1246 1578/4886/1246 1577/4885/1246
f 1578/4892/1247 1573/4891/1247 1574/4890/1247 1577/4889/1247
f 1579/4896/1248 1576/4895/1248 1575/4894/1248 1580/4893/1248
o Spindle thread 23.54
v -0.2875 1.4787500000000002 -0.1475
v -0.2875 1.4787500000000002 -0.19125
v -0.2875 1.47125 -0.1475
v -0.2875 1.47125 -0.19125
v -0.33124999999999993 1.4787500000000002 -0.19125
v -0.33124999999999993 1.4787500000000002 -0.1475
v -0.33124999999999993 1.47125 -0.19125
v -0.33124999999999993 1.47125 -0.1475
vt 0 1
vt 0.04375000000000001 1
vt 0.04375000000000001 0.9924999999999999
vt 0 0.9924999999999999
vt 0 1
vt 0.04375000000000001 1
vt 0.04375000000000001 0.9924999999999999
vt 0 0.9924999999999999
vt 0 1
vt 0.04375000000000001 1
vt 0.04375000000000001 0.9924999999999999
vt 0 0.9924999999999999
vt 0 1
vt 0.04375000000000001 1
vt 0.04375000000000001 0.9924999999999999
vt 0 0.9924999999999999
vt 0 1
vt 0.04375000000000001 1
vt 0.04375000000000001 0.95625
vt 0 0.95625
vt 0 1
vt 0.04375000000000001 1
vt 0.04375000000000001 0.95625
vt 0 0.95625
vn 0 0 -1
vn 1 0 0
vn 0 0 1
vn -1 0 0
vn 0 1 0
vn 0 -1 0
usemtl m_d8f9e20d-cb26-cbd2-2d92-4056c16cacbf
f 1584/4900/1249 1587/4899/1249 1585/4898/1249 1582/4897/1249
f 1583/4904/1250 1584/4903/1250 1582/4902/1250 1581/4901/1250
f 1588/4908/1251 1583/4907/1251 1581/4906/1251 1586/4905/1251
f 1587/4912/1252 1588/4911/1252 1586/4910/1252 1585/4909/1252
f 1586/4916/1253 1581/4915/1253 1582/4914/1253 1585/4913/1253
f 1587/4920/1254 1584/4919/1254 1583/4918/1254 1588/4917/1254
o Spindle thread 24.06
v -0.2875 1.51125 -0.1475
v -0.2875 1.51125 -0.19125
v -0.2875 1.5037499999999997 -0.1475
v -0.2875 1.5037499999999997 -0.19125
v -0.33124999999999993 1.51125 -0.19125
v -0.33124999999999993 1.51125 -0.1475
v -0.33124999999999993 1.5037499999999997 -0.19125
v -0.33124999999999993 1.5037499999999997 -0.1475
vt 0 1
vt 0.04375000000000001 1
vt 0.04375000000000001 0.9924999999999999
vt 0 0.9924999999999999
vt 0 1
vt 0.04375000000000001 1
vt 0.04375000000000001 0.9924999999999999
vt 0 0.9924999999999999
vt 0 1
vt 0.04375000000000001 1
vt 0.04375000000000001 0.9924999999999999
vt 0 0.9924999999999999
vt 0 1
vt 0.04375000000000001 1
vt 0.04375000000000001 0.9924999999999999
vt 0 0.9924999999999999
vt 0 1
vt 0.04375000000000001 1
vt 0.04375000000000001 0.95625
vt 0 0.95625
vt 0 1
vt 0.04375000000000001 1
vt 0.04375000000000001 0.95625
vt 0 0.95625
vn 0 0 -1
vn 1 0 0
vn 0 0 1
vn -1 0 0
vn 0 1 0
vn 0 -1 0
usemtl m_d8f9e20d-cb26-cbd2-2d92-4056c16cacbf
f 1592/4924/1255 1595/4923/1255 1593/4922/1255 1590/4921/1255
f 1591/4928/1256 1592/4927/1256 1590/4926/1256 1589/4925/1256
f 1596/4932/1257 1591/4931/1257 1589/4930/1257 1594/4929/1257
f 1595/4936/1258 1596/4935/1258 1594/4934/1258 1593/4933/1258
f 1594/4940/1259 1589/4939/1259 1590/4938/1259 1593/4937/1259
f 1595/4944/1260 1592/4943/1260 1591/4942/1260 1596/4941/1260
o Spindle thread 24.58
v -0.2875 1.5437500000000002 -0.1475
v -0.2875 1.5437500000000002 -0.19125
v -0.2875 1.53625 -0.1475
v -0.2875 1.53625 -0.19125
v -0.33124999999999993 1.5437500000000002 -0.19125
v -0.33124999999999993 1.5437500000000002 -0.1475
v -0.33124999999999993 1.53625 -0.19125
v -0.33124999999999993 1.53625 -0.1475
vt 0 1
vt 0.04375000000000001 1
vt 0.04375000000000001 0.9924999999999999
vt 0 0.9924999999999999
vt 0 1
vt 0.04375000000000001 1
vt 0.04375000000000001 0.9924999999999999
vt 0 0.9924999999999999
vt 0 1
vt 0.04375000000000001 1
vt 0.04375000000000001 0.9924999999999999
vt 0 0.9924999999999999
vt 0 1
vt 0.04375000000000001 1
vt 0.04375000000000001 0.9924999999999999
vt 0 0.9924999999999999
vt 0 1
vt 0.04375000000000001 1
vt 0.04375000000000001 0.95625
vt 0 0.95625
vt 0 1
vt 0.04375000000000001 1
vt 0.04375000000000001 0.95625
vt 0 0.95625
vn 0 0 -1
vn 1 0 0
vn 0 0 1
vn -1 0 0
vn 0 1 0
vn 0 -1 0
usemtl m_d8f9e20d-cb26-cbd2-2d92-4056c16cacbf
f 1600/4948/1261 1603/4947/1261 1601/4946/1261 1598/4945/1261
f 1599/4952/1262 1600/4951/1262 1598/4950/1262 1597/4949/1262
f 1604/4956/1263 1599/4955/1263 1597/4954/1263 1602/4953/1263
f 1603/4960/1264 1604/4959/1264 1602/4958/1264 1601/4957/1264
f 1602/4964/1265 1597/4963/1265 1598/4962/1265 1601/4961/1265
f 1603/4968/1266 1600/4967/1266 1599/4966/1266 1604/4965/1266
o Spindle thread 25.099999999999998
v -0.2875 1.57625 -0.1475
v -0.2875 1.57625 -0.19125
v -0.2875 1.5687499999999996 -0.1475
v -0.2875 1.5687499999999996 -0.19125
v -0.33124999999999993 1.57625 -0.19125
v -0.33124999999999993 1.57625 -0.1475
v -0.33124999999999993 1.5687499999999996 -0.19125
v -0.33124999999999993 1.5687499999999996 -0.1475
vt 0 1
vt 0.04375000000000001 1
vt 0.04375000000000001 0.9924999999999999
vt 0 0.9924999999999999
vt 0 1
vt 0.04375000000000001 1
vt 0.04375000000000001 0.9924999999999999
vt 0 0.9924999999999999
vt 0 1
vt 0.04375000000000001 1
vt 0.04375000000000001 0.9924999999999999
vt 0 0.9924999999999999
vt 0 1
vt 0.04375000000000001 1
vt 0.04375000000000001 0.9924999999999999
vt 0 0.9924999999999999
vt 0 1
vt 0.04375000000000001 1
vt 0.04375000000000001 0.95625
vt 0 0.95625
vt 0 1
vt 0.04375000000000001 1
vt 0.04375000000000001 0.95625
vt 0 0.95625
vn 0 0 -1
vn 1 0 0
vn 0 0 1
vn -1 0 0
vn 0 1 0
vn 0 -1 0
usemtl m_d8f9e20d-cb26-cbd2-2d92-4056c16cacbf
f 1608/4972/1267 1611/4971/1267 1609/4970/1267 1606/4969/1267
f 1607/4976/1268 1608/4975/1268 1606/4974/1268 1605/4973/1268
f 1612/4980/1269 1607/4979/1269 1605/4978/1269 1610/4977/1269
f 1611/4984/1270 1612/4983/1270 1610/4982/1270 1609/4981/1270
f 1610/4988/1271 1605/4987/1271 1606/4986/1271 1609/4985/1271
f 1611/4992/1272 1608/4991/1272 1607/4990/1272 1612/4989/1272
o Spindle thread 25.619999999999997
v -0.2875 1.6087500000000001 -0.1475
v -0.2875 1.6087500000000001 -0.19125
v -0.2875 1.6012499999999998 -0.1475
v -0.2875 1.6012499999999998 -0.19125
v -0.33124999999999993 1.6087500000000001 -0.19125
v -0.33124999999999993 1.6087500000000001 -0.1475
v -0.33124999999999993 1.6012499999999998 -0.19125
v -0.33124999999999993 1.6012499999999998 -0.1475
vt 0 1
vt 0.04375000000000001 1
vt 0.04375000000000001 0.9924999999999999
vt 0 0.9924999999999999
vt 0 1
vt 0.04375000000000001 1
vt 0.04375000000000001 0.9924999999999999
vt 0 0.9924999999999999
vt 0 1
vt 0.04375000000000001 1
vt 0.04375000000000001 0.9924999999999999
vt 0 0.9924999999999999
vt 0 1
vt 0.04375000000000001 1
vt 0.04375000000000001 0.9924999999999999
vt 0 0.9924999999999999
vt 0 1
vt 0.04375000000000001 1
vt 0.04375000000000001 0.95625
vt 0 0.95625
vt 0 1
vt 0.04375000000000001 1
vt 0.04375000000000001 0.95625
vt 0 0.95625
vn 0 0 -1
vn 1 0 0
vn 0 0 1
vn -1 0 0
vn 0 1 0
vn 0 -1 0
usemtl m_d8f9e20d-cb26-cbd2-2d92-4056c16cacbf
f 1616/4996/1273 1619/4995/1273 1617/4994/1273 1614/4993/1273
f 1615/5000/1274 1616/4999/1274 1614/4998/1274 1613/4997/1274
f 1620/5004/1275 1615/5003/1275 1613/5002/1275 1618/5001/1275
f 1619/5008/1276 1620/5007/1276 1618/5006/1276 1617/5005/1276
f 1618/5012/1277 1613/5011/1277 1614/5010/1277 1617/5009/1277
f 1619/5016/1278 1616/5015/1278 1615/5014/1278 1620/5013/1278
o Spindle thread 26.139999999999997
v -0.2875 1.6412499999999999 -0.1475
v -0.2875 1.6412499999999999 -0.19125
v -0.2875 1.6337499999999996 -0.1475
v -0.2875 1.6337499999999996 -0.19125
v -0.33124999999999993 1.6412499999999999 -0.19125
v -0.33124999999999993 1.6412499999999999 -0.1475
v -0.33124999999999993 1.6337499999999996 -0.19125
v -0.33124999999999993 1.6337499999999996 -0.1475
vt 0 1
vt 0.04375000000000001 1
vt 0.04375000000000001 0.9924999999999999
vt 0 0.9924999999999999
vt 0 1
vt 0.04375000000000001 1
vt 0.04375000000000001 0.9924999999999999
vt 0 0.9924999999999999
vt 0 1
vt 0.04375000000000001 1
vt 0.04375000000000001 0.9924999999999999
vt 0 0.9924999999999999
vt 0 1
vt 0.04375000000000001 1
vt 0.04375000000000001 0.9924999999999999
vt 0 0.9924999999999999
vt 0 1
vt 0.04375000000000001 1
vt 0.04375000000000001 0.95625
vt 0 0.95625
vt 0 1
vt 0.04375000000000001 1
vt 0.04375000000000001 0.95625
vt 0 0.95625
vn 0 0 -1
vn 1 0 0
vn 0 0 1
vn -1 0 0
vn 0 1 0
vn 0 -1 0
usemtl m_d8f9e20d-cb26-cbd2-2d92-4056c16cacbf
f 1624/5020/1279 1627/5019/1279 1625/5018/1279 1622/5017/1279
f 1623/5024/1280 1624/5023/1280 1622/5022/1280 1621/5021/1280
f 1628/5028/1281 1623/5027/1281 1621/5026/1281 1626/5025/1281
f 1627/5032/1282 1628/5031/1282 1626/5030/1282 1625/5029/1282
f 1626/5036/1283 1621/5035/1283 1622/5034/1283 1625/5033/1283
f 1627/5040/1284 1624/5039/1284 1623/5038/1284 1628/5037/1284
o Spindle thread 26.659999999999997
v -0.2875 1.67375 -0.1475
v -0.2875 1.67375 -0.19125
v -0.2875 1.6662499999999998 -0.1475
v -0.2875 1.6662499999999998 -0.19125
v -0.33124999999999993 1.67375 -0.19125
v -0.33124999999999993 1.67375 -0.1475
v -0.33124999999999993 1.6662499999999998 -0.19125
v -0.33124999999999993 1.6662499999999998 -0.1475
vt 0 1
vt 0.04375000000000001 1
vt 0.04375000000000001 0.9924999999999999
vt 0 0.9924999999999999
vt 0 1
vt 0.04375000000000001 1
vt 0.04375000000000001 0.9924999999999999
vt 0 0.9924999999999999
vt 0 1
vt 0.04375000000000001 1
vt 0.04375000000000001 0.9924999999999999
vt 0 0.9924999999999999
vt 0 1
vt 0.04375000000000001 1
vt 0.04375000000000001 0.9924999999999999
vt 0 0.9924999999999999
vt 0 1
vt 0.04375000000000001 1
vt 0.04375000000000001 0.95625
vt 0 0.95625
vt 0 1
vt 0.04375000000000001 1
vt 0.04375000000000001 0.95625
vt 0 0.95625
vn 0 0 -1
vn 1 0 0
vn 0 0 1
vn -1 0 0
vn 0 1 0
vn 0 -1 0
usemtl m_d8f9e20d-cb26-cbd2-2d92-4056c16cacbf
f 1632/5044/1285 1635/5043/1285 1633/5042/1285 1630/5041/1285
f 1631/5048/1286 1632/5047/1286 1630/5046/1286 1629/5045/1286
f 1636/5052/1287 1631/5051/1287 1629/5050/1287 1634/5049/1287
f 1635/5056/1288 1636/5055/1288 1634/5054/1288 1633/5053/1288
f 1634/5060/1289 1629/5059/1289 1630/5058/1289 1633/5057/1289
f 1635/5064/1290 1632/5063/1290 1631/5062/1290 1636/5061/1290
o Spindle thread 27.179999999999996
v -0.2875 1.7062499999999998 -0.1475
v -0.2875 1.7062499999999998 -0.19125
v -0.2875 1.6987499999999995 -0.1475
v -0.2875 1.6987499999999995 -0.19125
v -0.33124999999999993 1.7062499999999998 -0.19125
v -0.33124999999999993 1.7062499999999998 -0.1475
v -0.33124999999999993 1.6987499999999995 -0.19125
v -0.33124999999999993 1.6987499999999995 -0.1475
vt 0 1
vt 0.04375000000000001 1
vt 0.04375000000000001 0.9924999999999999
vt 0 0.9924999999999999
vt 0 1
vt 0.04375000000000001 1
vt 0.04375000000000001 0.9924999999999999
vt 0 0.9924999999999999
vt 0 1
vt 0.04375000000000001 1
vt 0.04375000000000001 0.9924999999999999
vt 0 0.9924999999999999
vt 0 1
vt 0.04375000000000001 1
vt 0.04375000000000001 0.9924999999999999
vt 0 0.9924999999999999
vt 0 1
vt 0.04375000000000001 1
vt 0.04375000000000001 0.95625
vt 0 0.95625
vt 0 1
vt 0.04375000000000001 1
vt 0.04375000000000001 0.95625
vt 0 0.95625
vn 0 0 -1
vn 1 0 0
vn 0 0 1
vn -1 0 0
vn 0 1 0
vn 0 -1 0
usemtl m_d8f9e20d-cb26-cbd2-2d92-4056c16cacbf
f 1640/5068/1291 1643/5067/1291 1641/5066/1291 1638/5065/1291
f 1639/5072/1292 1640/5071/1292 1638/5070/1292 1637/5069/1292
f 1644/5076/1293 1639/5075/1293 1637/5074/1293 1642/5073/1293
f 1643/5080/1294 1644/5079/1294 1642/5078/1294 1641/5077/1294
f 1642/5084/1295 1637/5083/1295 1638/5082/1295 1641/5081/1295
f 1643/5088/1296 1640/5087/1296 1639/5086/1296 1644/5085/1296
o Spindle thread 27.699999999999996
v -0.2875 1.73875 -0.1475
v -0.2875 1.73875 -0.19125
v -0.2875 1.7312499999999997 -0.1475
v -0.2875 1.7312499999999997 -0.19125
v -0.33124999999999993 1.73875 -0.19125
v -0.33124999999999993 1.73875 -0.1475
v -0.33124999999999993 1.7312499999999997 -0.19125
v -0.33124999999999993 1.7312499999999997 -0.1475
vt 0 1
vt 0.04375000000000001 1
vt 0.04375000000000001 0.9924999999999999
vt 0 0.9924999999999999
vt 0 1
vt 0.04375000000000001 1
vt 0.04375000000000001 0.9924999999999999
vt 0 0.9924999999999999
vt 0 1
vt 0.04375000000000001 1
vt 0.04375000000000001 0.9924999999999999
vt 0 0.9924999999999999
vt 0 1
vt 0.04375000000000001 1
vt 0.04375000000000001 0.9924999999999999
vt 0 0.9924999999999999
vt 0 1
vt 0.04375000000000001 1
vt 0.04375000000000001 0.95625
vt 0 0.95625
vt 0 1
vt 0.04375000000000001 1
vt 0.04375000000000001 0.95625
vt 0 0.95625
vn 0 0 -1
vn 1 0 0
vn 0 0 1
vn -1 0 0
vn 0 1 0
vn 0 -1 0
usemtl m_d8f9e20d-cb26-cbd2-2d92-4056c16cacbf
f 1648/5092/1297 1651/5091/1297 1649/5090/1297 1646/5089/1297
f 1647/5096/1298 1648/5095/1298 1646/5094/1298 1645/5093/1298
f 1652/5100/1299 1647/5099/1299 1645/5098/1299 1650/5097/1299
f 1651/5104/1300 1652/5103/1300 1650/5102/1300 1649/5101/1300
f 1650/5108/1301 1645/5107/1301 1646/5106/1301 1649/5105/1301
f 1651/5112/1302 1648/5111/1302 1647/5110/1302 1652/5109/1302
o Spindle thread 28.219999999999995
v -0.2875 1.7712499999999998 -0.1475
v -0.2875 1.7712499999999998 -0.19125
v -0.2875 1.7637499999999995 -0.1475
v -0.2875 1.7637499999999995 -0.19125
v -0.33124999999999993 1.7712499999999998 -0.19125
v -0.33124999999999993 1.7712499999999998 -0.1475
v -0.33124999999999993 1.7637499999999995 -0.19125
v -0.33124999999999993 1.7637499999999995 -0.1475
vt 0 1
vt 0.04375000000000001 1
vt 0.04375000000000001 0.9924999999999999
vt 0 0.9924999999999999
vt 0 1
vt 0.04375000000000001 1
vt 0.04375000000000001 0.9924999999999999
vt 0 0.9924999999999999
vt 0 1
vt 0.04375000000000001 1
vt 0.04375000000000001 0.9924999999999999
vt 0 0.9924999999999999
vt 0 1
vt 0.04375000000000001 1
vt 0.04375000000000001 0.9924999999999999
vt 0 0.9924999999999999
vt 0 1
vt 0.04375000000000001 1
vt 0.04375000000000001 0.95625
vt 0 0.95625
vt 0 1
vt 0.04375000000000001 1
vt 0.04375000000000001 0.95625
vt 0 0.95625
vn 0 0 -1
vn 1 0 0
vn 0 0 1
vn -1 0 0
vn 0 1 0
vn 0 -1 0
usemtl m_d8f9e20d-cb26-cbd2-2d92-4056c16cacbf
f 1656/5116/1303 1659/5115/1303 1657/5114/1303 1654/5113/1303
f 1655/5120/1304 1656/5119/1304 1654/5118/1304 1653/5117/1304
f 1660/5124/1305 1655/5123/1305 1653/5122/1305 1658/5121/1305
f 1659/5128/1306 1660/5127/1306 1658/5126/1306 1657/5125/1306
f 1658/5132/1307 1653/5131/1307 1654/5130/1307 1657/5129/1307
f 1659/5136/1308 1656/5135/1308 1655/5134/1308 1660/5133/1308
o Spindle thread 28.739999999999995
v -0.2875 1.80375 -0.1475
v -0.2875 1.80375 -0.19125
v -0.2875 1.7962499999999997 -0.1475
v -0.2875 1.7962499999999997 -0.19125
v -0.33124999999999993 1.80375 -0.19125
v -0.33124999999999993 1.80375 -0.1475
v -0.33124999999999993 1.7962499999999997 -0.19125
v -0.33124999999999993 1.7962499999999997 -0.1475
vt 0 1
vt 0.04375000000000001 1
vt 0.04375000000000001 0.9924999999999999
vt 0 0.9924999999999999
vt 0 1
vt 0.04375000000000001 1
vt 0.04375000000000001 0.9924999999999999
vt 0 0.9924999999999999
vt 0 1
vt 0.04375000000000001 1
vt 0.04375000000000001 0.9924999999999999
vt 0 0.9924999999999999
vt 0 1
vt 0.04375000000000001 1
vt 0.04375000000000001 0.9924999999999999
vt 0 0.9924999999999999
vt 0 1
vt 0.04375000000000001 1
vt 0.04375000000000001 0.95625
vt 0 0.95625
vt 0 1
vt 0.04375000000000001 1
vt 0.04375000000000001 0.95625
vt 0 0.95625
vn 0 0 -1
vn 1 0 0
vn 0 0 1
vn -1 0 0
vn 0 1 0
vn 0 -1 0
usemtl m_d8f9e20d-cb26-cbd2-2d92-4056c16cacbf
f 1664/5140/1309 1667/5139/1309 1665/5138/1309 1662/5137/1309
f 1663/5144/1310 1664/5143/1310 1662/5142/1310 1661/5141/1310
f 1668/5148/1311 1663/5147/1311 1661/5146/1311 1666/5145/1311
f 1667/5152/1312 1668/5151/1312 1666/5150/1312 1665/5149/1312
f 1666/5156/1313 1661/5155/1313 1662/5154/1313 1665/5153/1313
f 1667/5160/1314 1664/5159/1314 1663/5158/1314 1668/5157/1314
o Spindle thread 29.259999999999994
v -0.2875 1.8362499999999997 -0.1475
v -0.2875 1.8362499999999997 -0.19125
v -0.2875 1.8287499999999994 -0.1475
v -0.2875 1.8287499999999994 -0.19125
v -0.33124999999999993 1.8362499999999997 -0.19125
v -0.33124999999999993 1.8362499999999997 -0.1475
v -0.33124999999999993 1.8287499999999994 -0.19125
v -0.33124999999999993 1.8287499999999994 -0.1475
vt 0 1
vt 0.04375000000000001 1
vt 0.04375000000000001 0.9924999999999999
vt 0 0.9924999999999999
vt 0 1
vt 0.04375000000000001 1
vt 0.04375000000000001 0.9924999999999999
vt 0 0.9924999999999999
vt 0 1
vt 0.04375000000000001 1
vt 0.04375000000000001 0.9924999999999999
vt 0 0.9924999999999999
vt 0 1
vt 0.04375000000000001 1
vt 0.04375000000000001 0.9924999999999999
vt 0 0.9924999999999999
vt 0 1
vt 0.04375000000000001 1
vt 0.04375000000000001 0.95625
vt 0 0.95625
vt 0 1
vt 0.04375000000000001 1
vt 0.04375000000000001 0.95625
vt 0 0.95625
vn 0 0 -1
vn 1 0 0
vn 0 0 1
vn -1 0 0
vn 0 1 0
vn 0 -1 0
usemtl m_d8f9e20d-cb26-cbd2-2d92-4056c16cacbf
f 1672/5164/1315 1675/5163/1315 1673/5162/1315 1670/5161/1315
f 1671/5168/1316 1672/5167/1316 1670/5166/1316 1669/5165/1316
f 1676/5172/1317 1671/5171/1317 1669/5170/1317 1674/5169/1317
f 1675/5176/1318 1676/5175/1318 1674/5174/1318 1673/5173/1318
f 1674/5180/1319 1669/5179/1319 1670/5178/1319 1673/5177/1319
f 1675/5184/1320 1672/5183/1320 1671/5182/1320 1676/5181/1320
o Spindle thread 29.779999999999994
v -0.2875 1.86875 -0.1475
v -0.2875 1.86875 -0.19125
v -0.2875 1.8612499999999996 -0.1475
v -0.2875 1.8612499999999996 -0.19125
v -0.33124999999999993 1.86875 -0.19125
v -0.33124999999999993 1.86875 -0.1475
v -0.33124999999999993 1.8612499999999996 -0.19125
v -0.33124999999999993 1.8612499999999996 -0.1475
vt 0 1
vt 0.04375000000000001 1
vt 0.04375000000000001 0.9924999999999999
vt 0 0.9924999999999999
vt 0 1
vt 0.04375000000000001 1
vt 0.04375000000000001 0.9924999999999999
vt 0 0.9924999999999999
vt 0 1
vt 0.04375000000000001 1
vt 0.04375000000000001 0.9924999999999999
vt 0 0.9924999999999999
vt 0 1
vt 0.04375000000000001 1
vt 0.04375000000000001 0.9924999999999999
vt 0 0.9924999999999999
vt 0 1
vt 0.04375000000000001 1
vt 0.04375000000000001 0.95625
vt 0 0.95625
vt 0 1
vt 0.04375000000000001 1
vt 0.04375000000000001 0.95625
vt 0 0.95625
vn 0 0 -1
vn 1 0 0
vn 0 0 1
vn -1 0 0
vn 0 1 0
vn 0 -1 0
usemtl m_d8f9e20d-cb26-cbd2-2d92-4056c16cacbf
f 1680/5188/1321 1683/5187/1321 1681/5186/1321 1678/5185/1321
f 1679/5192/1322 1680/5191/1322 1678/5190/1322 1677/5189/1322
f 1684/5196/1323 1679/5195/1323 1677/5194/1323 1682/5193/1323
f 1683/5200/1324 1684/5199/1324 1682/5198/1324 1681/5197/1324
f 1682/5204/1325 1677/5203/1325 1678/5202/1325 1681/5201/1325
f 1683/5208/1326 1680/5207/1326 1679/5206/1326 1684/5205/1326
o Spindle thread 30.299999999999994
v -0.2875 1.9012499999999997 -0.1475
v -0.2875 1.9012499999999997 -0.19125
v -0.2875 1.8937499999999994 -0.1475
v -0.2875 1.8937499999999994 -0.19125
v -0.33124999999999993 1.9012499999999997 -0.19125
v -0.33124999999999993 1.9012499999999997 -0.1475
v -0.33124999999999993 1.8937499999999994 -0.19125
v -0.33124999999999993 1.8937499999999994 -0.1475
vt 0 1
vt 0.04375000000000001 1
vt 0.04375000000000001 0.9924999999999999
vt 0 0.9924999999999999
vt 0 1
vt 0.04375000000000001 1
vt 0.04375000000000001 0.9924999999999999
vt 0 0.9924999999999999
vt 0 1
vt 0.04375000000000001 1
vt 0.04375000000000001 0.9924999999999999
vt 0 0.9924999999999999
vt 0 1
vt 0.04375000000000001 1
vt 0.04375000000000001 0.9924999999999999
vt 0 0.9924999999999999
vt 0 1
vt 0.04375000000000001 1
vt 0.04375000000000001 0.95625
vt 0 0.95625
vt 0 1
vt 0.04375000000000001 1
vt 0.04375000000000001 0.95625
vt 0 0.95625
vn 0 0 -1
vn 1 0 0
vn 0 0 1
vn -1 0 0
vn 0 1 0
vn 0 -1 0
usemtl m_d8f9e20d-cb26-cbd2-2d92-4056c16cacbf
f 1688/5212/1327 1691/5211/1327 1689/5210/1327 1686/5209/1327
f 1687/5216/1328 1688/5215/1328 1686/5214/1328 1685/5213/1328
f 1692/5220/1329 1687/5219/1329 1685/5218/1329 1690/5217/1329
f 1691/5224/1330 1692/5223/1330 1690/5222/1330 1689/5221/1330
f 1690/5228/1331 1685/5227/1331 1686/5226/1331 1689/5225/1331
f 1691/5232/1332 1688/5231/1332 1687/5230/1332 1692/5229/1332
o Spindle thread 30.819999999999993
v -0.2875 1.9337499999999999 -0.1475
v -0.2875 1.9337499999999999 -0.19125
v -0.2875 1.9262499999999996 -0.1475
v -0.2875 1.9262499999999996 -0.19125
v -0.33124999999999993 1.9337499999999999 -0.19125
v -0.33124999999999993 1.9337499999999999 -0.1475
v -0.33124999999999993 1.9262499999999996 -0.19125
v -0.33124999999999993 1.9262499999999996 -0.1475
vt 0 1
vt 0.04375000000000001 1
vt 0.04375000000000001 0.9924999999999999
vt 0 0.9924999999999999
vt 0 1
vt 0.04375000000000001 1
vt 0.04375000000000001 0.9924999999999999
vt 0 0.9924999999999999
vt 0 1
vt 0.04375000000000001 1
vt 0.04375000000000001 0.9924999999999999
vt 0 0.9924999999999999
vt 0 1
vt 0.04375000000000001 1
vt 0.04375000000000001 0.9924999999999999
vt 0 0.9924999999999999
vt 0 1
vt 0.04375000000000001 1
vt 0.04375000000000001 0.95625
vt 0 0.95625
vt 0 1
vt 0.04375000000000001 1
vt 0.04375000000000001 0.95625
vt 0 0.95625
vn 0 0 -1
vn 1 0 0
vn 0 0 1
vn -1 0 0
vn 0 1 0
vn 0 -1 0
usemtl m_d8f9e20d-cb26-cbd2-2d92-4056c16cacbf
f 1696/5236/1333 1699/5235/1333 1697/5234/1333 1694/5233/1333
f 1695/5240/1334 1696/5239/1334 1694/5238/1334 1693/5237/1334
f 1700/5244/1335 1695/5243/1335 1693/5242/1335 1698/5241/1335
f 1699/5248/1336 1700/5247/1336 1698/5246/1336 1697/5245/1336
f 1698/5252/1337 1693/5251/1337 1694/5250/1337 1697/5249/1337
f 1699/5256/1338 1696/5255/1338 1695/5254/1338 1700/5253/1338
o Upright top bolt -9
v -0.51875 1.73125 -0.114375
v -0.51875 1.73125 -0.12375
v -0.51875 1.70625 -0.114375
v -0.51875 1.70625 -0.12375
v -0.54375 1.73125 -0.12375
v -0.54375 1.73125 -0.114375
v -0.54375 1.70625 -0.12375
v -0.54375 1.70625 -0.114375
vt 0 1
vt 0.02499999999999991 1
vt 0.02499999999999991 0.9750000000000001
vt 0 0.9750000000000001
vt 0 1
vt 0.009374999999999994 1
vt 0.009374999999999994 0.9750000000000001
vt 0 0.9750000000000001
vt 0 1
vt 0.02499999999999991 1
vt 0.02499999999999991 0.9750000000000001
vt 0 0.9750000000000001
vt 0 1
vt 0.009374999999999994 1
vt 0.009374999999999994 0.9750000000000001
vt 0 0.9750000000000001
vt 0 1
vt 0.02499999999999991 1
vt 0.02499999999999991 0.990625
vt 0 0.990625
vt 0 1
vt 0.02499999999999991 1
vt 0.02499999999999991 0.990625
vt 0 0.990625
vn 0 0 -1
vn 1 0 0
vn 0 0 1
vn -1 0 0
vn 0 1 0
vn 0 -1 0
usemtl m_41d086d1-5078-eff2-b41a-ec659ff25218
f 1704/5260/1339 1707/5259/1339 1705/5258/1339 1702/5257/1339
f 1703/5264/1340 1704/5263/1340 1702/5262/1340 1701/5261/1340
f 1708/5268/1341 1703/5267/1341 1701/5266/1341 1706/5265/1341
f 1707/5272/1342 1708/5271/1342 1706/5270/1342 1705/5269/1342
f 1706/5276/1343 1701/5275/1343 1702/5274/1343 1705/5273/1343
f 1707/5280/1344 1704/5279/1344 1703/5278/1344 1708/5277/1344
o Upright top bolt -1.9
v -0.075 1.73125 -0.114375
v -0.075 1.73125 -0.12375
v -0.075 1.70625 -0.114375
v -0.075 1.70625 -0.12375
v -0.09999999999999999 1.73125 -0.12375
v -0.09999999999999999 1.73125 -0.114375
v -0.09999999999999999 1.70625 -0.12375
v -0.09999999999999999 1.70625 -0.114375
vt 0 1
vt 0.024999999999999994 1
vt 0.024999999999999994 0.9750000000000001
vt 0 0.9750000000000001
vt 0 1
vt 0.009374999999999994 1
vt 0.009374999999999994 0.9750000000000001
vt 0 0.9750000000000001
vt 0 1
vt 0.024999999999999994 1
vt 0.024999999999999994 0.9750000000000001
vt 0 0.9750000000000001
vt 0 1
vt 0.009374999999999994 1
vt 0.009374999999999994 0.9750000000000001
vt 0 0.9750000000000001
vt 0 1
vt 0.024999999999999994 1
vt 0.024999999999999994 0.990625
vt 0 0.990625
vt 0 1
vt 0.024999999999999994 1
vt 0.024999999999999994 0.990625
vt 0 0.990625
vn 0 0 -1
vn 1 0 0
vn 0 0 1
vn -1 0 0
vn 0 1 0
vn 0 -1 0
usemtl m_41d086d1-5078-eff2-b41a-ec659ff25218
f 1712/5284/1345 1715/5283/1345 1713/5282/1345 1710/5281/1345
f 1711/5288/1346 1712/5287/1346 1710/5286/1346 1709/5285/1346
f 1716/5292/1347 1711/5291/1347 1709/5290/1347 1714/5289/1347
f 1715/5296/1348 1716/5295/1348 1714/5294/1348 1713/5293/1348
f 1714/5300/1349 1709/5299/1349 1710/5298/1349 1713/5297/1349
f 1715/5304/1350 1712/5303/1350 1711/5302/1350 1716/5301/1350
o Vertical threaded spindle
v -0.29499999999999993 1.9375 -0.155
v -0.29499999999999993 1.9375 -0.18375
v -0.29499999999999993 1.3937499999999998 -0.155
v -0.29499999999999993 1.3937499999999998 -0.18375
v -0.32375 1.9375 -0.18375
v -0.32375 1.9375 -0.155
v -0.32375 1.3937499999999998 -0.18375
v -0.32375 1.3937499999999998 -0.155
vt 0 1
vt 0.028749999999999998 1
vt 0.028749999999999998 0.45625000000000004
vt 0 0.45625000000000004
vt 0 1
vt 0.028749999999999998 1
vt 0.028749999999999998 0.45625000000000004
vt 0 0.45625000000000004
vt 0 1
vt 0.028749999999999998 1
vt 0.028749999999999998 0.45625000000000004
vt 0 0.45625000000000004
vt 0 1
vt 0.028749999999999998 1
vt 0.028749999999999998 0.45625000000000004
vt 0 0.45625000000000004
vt 0 1
vt 0.028749999999999998 1
vt 0.028749999999999998 0.97125
vt 0 0.97125
vt 0 1
vt 0.028749999999999998 1
vt 0.028749999999999998 0.97125
vt 0 0.97125
vn 0 0 -1
vn 1 0 0
vn 0 0 1
vn -1 0 0
vn 0 1 0
vn 0 -1 0
usemtl m_41d086d1-5078-eff2-b41a-ec659ff25218
f 1720/5308/1351 1723/5307/1351 1721/5306/1351 1718/5305/1351
f 1719/5312/1352 1720/5311/1352 1718/5310/1352 1717/5309/1352
f 1724/5316/1353 1719/5315/1353 1717/5314/1353 1722/5313/1353
f 1723/5320/1354 1724/5319/1354 1722/5318/1354 1721/5317/1354
f 1722/5324/1355 1717/5323/1355 1718/5322/1355 1721/5321/1355
f 1723/5328/1356 1720/5327/1356 1719/5326/1356 1724/5325/1356
o Crank cross handle
v -0.11249999999999996 1.9375 -0.15499999999999997
v -0.11249999999999996 1.9375 -0.185
v -0.11249999999999996 1.915625 -0.15499999999999997
v -0.11249999999999996 1.915625 -0.185
v -0.50625 1.9375 -0.185
v -0.50625 1.9375 -0.15499999999999997
v -0.50625 1.915625 -0.185
v -0.50625 1.915625 -0.15499999999999997
vt 0 1
vt 0.39375 1
vt 0.39375 0.9781249999999999
vt 0 0.9781249999999999
vt 0 1
vt 0.03 1
vt 0.03 0.9781249999999999
vt 0 0.9781249999999999
vt 0 1
vt 0.39375 1
vt 0.39375 0.9781249999999999
vt 0 0.9781249999999999
vt 0 1
vt 0.03 1
vt 0.03 0.9781249999999999
vt 0 0.9781249999999999
vt 0 1
vt 0.39375 1
vt 0.39375 0.97
vt 0 0.97
vt 0 1
vt 0.39375 1
vt 0.39375 0.97
vt 0 0.97
vn 0 0 -1
vn 1 0 0
vn 0 0 1
vn -1 0 0
vn 0 1 0
vn 0 -1 0
usemtl m_41d086d1-5078-eff2-b41a-ec659ff25218
f 1728/5332/1357 1731/5331/1357 1729/5330/1357 1726/5329/1357
f 1727/5336/1358 1728/5335/1358 1726/5334/1358 1725/5333/1358
f 1732/5340/1359 1727/5339/1359 1725/5338/1359 1730/5337/1359
f 1731/5344/1360 1732/5343/1360 1730/5342/1360 1729/5341/1360
f 1730/5348/1361 1725/5347/1361 1726/5346/1361 1729/5345/1361
f 1731/5352/1362 1728/5351/1362 1727/5350/1362 1732/5349/1362
o Basket base collecting pan
v -0.3125 1.10625 -0.16875
v -0.3125 1.04375 -0.16875
v -0.11249999999999999 1.10625 -0.16875
v -0.11249999999999999 1.04375 -0.16875
v -0.13929491924311224 1.10625 -0.06875000000000002
v -0.13929491924311224 1.04375 -0.06875000000000002
v -0.21249999999999997 1.10625 0.004455080756887719
v -0.21249999999999997 1.04375 0.004455080756887719
v -0.3125 1.10625 0.03125
v -0.3125 1.04375 0.03125
v -0.4125 1.10625 0.004455080756887747
v -0.4125 1.04375 0.004455080756887747
v -0.4857050807568878 1.10625 -0.06875000000000002
v -0.4857050807568878 1.04375 -0.06875000000000002
v -0.5125 1.10625 -0.16874999999999998
v -0.5125 1.04375 -0.16874999999999998
v -0.48570508075688773 1.10625 -0.26875000000000004
v -0.48570508075688773 1.04375 -0.26875000000000004
v -0.4125000000000001 1.10625 -0.3419550807568877
v -0.4125000000000001 1.04375 -0.3419550807568877
v -0.31250000000000006 1.10625 -0.36875
v -0.31250000000000006 1.04375 -0.36875
v -0.21249999999999997 1.10625 -0.34195508075688774
v -0.21249999999999997 1.04375 -0.34195508075688774
v -0.13929491924311233 1.10625 -0.2687500000000001
v -0.13929491924311233 1.04375 -0.2687500000000001
vt 0 1
vt 0 1
vt 0 1
vt 0 1
vt 0 1
vt 0 1
vt 0 1
vt 0 1
vt 0 1
vt 0 1
vt 0 1
vt 0 1
vt 0 1
vt 0 1
vt 0 1
vt 0 1
vt 0 1
vt 0 1
vt 0 1
vt 0 1
vt 0 1
vt 0 1
vt 0 1
vt 0 1
vt 0 1
vt 0 1
vt 0 1
vt 0 1
vt 0 1
vt 0 1
vt 0 1
vt 0 1
vt 0 1
vt 0 1
vt 0 1
vt 0 1
vt 0 1
vt 0 1
vt 0 1
vt 0 1
vt 0 1
vt 0 1
vt 0 1
vt 0 1
vt 0 1
vt 0 1
vt 0 1
vt 0 1
vt 0 1
vt 0 1
vt 0 1
vt 0 1
vt 0 1
vt 0 1
vt 0 1
vt 0 1
vt 0 1
vt 0 1
vt 0 1
vt 0 1
vt 0 1
vt 0 1
vt 0 1
vt 0 1
vt 0 1
vt 0 1
vt 0 1
vt 0 1
vt 0 1
vt 0 1
vt 0 1
vt 0 1
vt 0 1
vt 0 1
vt 0 1
vt 0 1
vt 0 1
vt 0 1
vt 0 1
vt 0 1
vt 0 1
vt 0 1
vt 0 1
vt 0 1
vt 0 1
vt 0 1
vt 0 1
vt 0 1
vt 0 1
vt 0 1
vt 0 1
vt 0 1
vt 0 1
vt 0 1
vt 0 1
vt 0 1
vt 0 1
vt 0 1
vt 0 1
vt 0 1
vt 0 1
vt 0 1
vt 0 1
vt 0 1
vt 0 1
vt 0 1
vt 0 1
vt 0 1
vt 0 1
vt 0 1
vt 0 1
vt 0 1
vt 0 1
vt 0 1
vt 0 1
vt 0 1
vt 0 1
vt 0 1
vt 0 1
vt 0 1
vn 0.9659258262890683 0 0.25881904510252063
vn 0 1 0
vn 0 -1 0
vn 0.7071067811865476 0 0.7071067811865475
vn 0 1 0
vn 0 -1 0
vn 0.2588190451025208 0 0.9659258262890683
vn 0 1 0
vn 0 -1 0
vn -0.25881904510252063 0 0.9659258262890683
vn 0 1 0
vn 0 -1 0
vn -0.7071067811865474 0 0.7071067811865477
vn 0 1 0
vn 0 -1 0
vn -0.9659258262890683 0 0.2588190451025207
vn 0 1 0
vn 0 -1 0
vn -0.9659258262890683 0 -0.2588190451025207
vn 0 1 0
vn 0 -1 0
vn -0.7071067811865476 0 -0.7071067811865476
vn 0 1 0
vn 0 -1 0
vn -0.25881904510252124 0 -0.9659258262890682
vn 0 1 0
vn 0 -1 0
vn 0.2588190451025207 0 -0.9659258262890684
vn 0 1 0
vn 0 -1 0
vn 0.7071067811865476 0 -0.7071067811865476
vn 0 1 0
vn 0 -1 0
vn 0.9659258262890682 0 -0.25881904510252113
vn 0 1 0
vn 0 -1 0
usemtl m_d8f9e20d-cb26-cbd2-2d92-4056c16cacbf
f 1735/5353/1363 1737/5354/1363 1738/5355/1363 1736/5356/1363
f 1737/5357/1364 1735/5358/1364 1733/5359/1364
f 1736/5360/1365 1738/5361/1365 1734/5362/1365
f 1737/5363/1366 1739/5364/1366 1740/5365/1366 1738/5366/1366
f 1739/5367/1367 1737/5368/1367 1733/5369/1367
f 1738/5370/1368 1740/5371/1368 1734/5372/1368
f 1739/5373/1369 1741/5374/1369 1742/5375/1369 1740/5376/1369
f 1741/5377/1370 1739/5378/1370 1733/5379/1370
f 1740/5380/1371 1742/5381/1371 1734/5382/1371
f 1741/5383/1372 1743/5384/1372 1744/5385/1372 1742/5386/1372
f 1743/5387/1373 1741/5388/1373 1733/5389/1373
f 1742/5390/1374 1744/5391/1374 1734/5392/1374
f 1743/5393/1375 1745/5394/1375 1746/5395/1375 1744/5396/1375
f 1745/5397/1376 1743/5398/1376 1733/5399/1376
f 1744/5400/1377 1746/5401/1377 1734/5402/1377
f 1745/5403/1378 1747/5404/1378 1748/5405/1378 1746/5406/1378
f 1747/5407/1379 1745/5408/1379 1733/5409/1379
f 1746/5410/1380 1748/5411/1380 1734/5412/1380
f 1747/5413/1381 1749/5414/1381 1750/5415/1381 1748/5416/1381
f 1749/5417/1382 1747/5418/1382 1733/5419/1382
f 1748/5420/1383 1750/5421/1383 1734/5422/1383
f 1749/5423/1384 1751/5424/1384 1752/5425/1384 1750/5426/1384
f 1751/5427/1385 1749/5428/1385 1733/5429/1385
f 1750/5430/1386 1752/5431/1386 1734/5432/1386
f 1751/5433/1387 1753/5434/1387 1754/5435/1387 1752/5436/1387
f 1753/5437/1388 1751/5438/1388 1733/5439/1388
f 1752/5440/1389 1754/5441/1389 1734/5442/1389
f 1753/5443/1390 1755/5444/1390 1756/5445/1390 1754/5446/1390
f 1755/5447/1391 1753/5448/1391 1733/5449/1391
f 1754/5450/1392 1756/5451/1392 1734/5452/1392
f 1755/5453/1393 1757/5454/1393 1758/5455/1393 1756/5456/1393
f 1757/5457/1394 1755/5458/1394 1733/5459/1394
f 1756/5460/1395 1758/5461/1395 1734/5462/1395
f 1757/5463/1396 1735/5464/1396 1736/5465/1396 1758/5466/1396
f 1735/5467/1397 1757/5468/1397 1733/5469/1397
f 1758/5470/1398 1736/5471/1398 1734/5472/1398
o Piston screw socket
v -0.3125 1.46875 -0.16875
v -0.3125 1.40625 -0.16875
v -0.2734375 1.46875 -0.16875
v -0.2734375 1.40625 -0.16875
v -0.2786708826646704 1.46875 -0.14921875
v -0.2786708826646704 1.40625 -0.14921875
v -0.29296875 1.46875 -0.1349208826646704
v -0.29296875 1.40625 -0.1349208826646704
v -0.3125 1.46875 -0.1296875
v -0.3125 1.40625 -0.1296875
v -0.33203125 1.46875 -0.13492088266467037
v -0.33203125 1.40625 -0.13492088266467037
v -0.3463291173353296 1.46875 -0.14921875
v -0.3463291173353296 1.40625 -0.14921875
v -0.3515625 1.46875 -0.16875
v -0.3515625 1.40625 -0.16875
v -0.3463291173353296 1.46875 -0.18828125
v -0.3463291173353296 1.40625 -0.18828125
v -0.33203125 1.46875 -0.20257911733532963
v -0.33203125 1.40625 -0.20257911733532963
v -0.3125 1.46875 -0.2078125
v -0.3125 1.40625 -0.2078125
v -0.29296875 1.46875 -0.20257911733532963
v -0.29296875 1.40625 -0.20257911733532963
v -0.2786708826646704 1.46875 -0.18828125000000004
v -0.2786708826646704 1.40625 -0.18828125000000004
vt 0 1
vt 0 1
vt 0 1
vt 0 1
vt 0 1
vt 0 1
vt 0 1
vt 0 1
vt 0 1
vt 0 1
vt 0 1
vt 0 1
vt 0 1
vt 0 1
vt 0 1
vt 0 1
vt 0 1
vt 0 1
vt 0 1
vt 0 1
vt 0 1
vt 0 1
vt 0 1
vt 0 1
vt 0 1
vt 0 1
vt 0 1
vt 0 1
vt 0 1
vt 0 1
vt 0 1
vt 0 1
vt 0 1
vt 0 1
vt 0 1
vt 0 1
vt 0 1
vt 0 1
vt 0 1
vt 0 1
vt 0 1
vt 0 1
vt 0 1
vt 0 1
vt 0 1
vt 0 1
vt 0 1
vt 0 1
vt 0 1
vt 0 1
vt 0 1
vt 0 1
vt 0 1
vt 0 1
vt 0 1
vt 0 1
vt 0 1
vt 0 1
vt 0 1
vt 0 1
vt 0 1
vt 0 1
vt 0 1
vt 0 1
vt 0 1
vt 0 1
vt 0 1
vt 0 1
vt 0 1
vt 0 1
vt 0 1
vt 0 1
vt 0 1
vt 0 1
vt 0 1
vt 0 1
vt 0 1
vt 0 1
vt 0 1
vt 0 1
vt 0 1
vt 0 1
vt 0 1
vt 0 1
vt 0 1
vt 0 1
vt 0 1
vt 0 1
vt 0 1
vt 0 1
vt 0 1
vt 0 1
vt 0 1
vt 0 1
vt 0 1
vt 0 1
vt 0 1
vt 0 1
vt 0 1
vt 0 1
vt 0 1
vt 0 1
vt 0 1
vt 0 1
vt 0 1
vt 0 1
vt 0 1
vt 0 1
vt 0 1
vt 0 1
vt 0 1
vt 0 1
vt 0 1
vt 0 1
vt 0 1
vt 0 1
vt 0 1
vt 0 1
vt 0 1
vt 0 1
vn 0.9659258262890683 0 0.2588190451025207
vn 0 1 0
vn 0 -1 0
vn 0.7071067811865476 0 0.7071067811865476
vn 0 1 0
vn 0 -1 0
vn 0.2588190451025209 0 0.9659258262890682
vn 0 1 0
vn 0 -1 0
vn -0.2588190451025207 0 0.9659258262890683
vn 0 1 0
vn 0 -1 0
vn -0.7071067811865475 0 0.7071067811865476
vn 0 1 0
vn 0 -1 0
vn -0.9659258262890683 0 0.25881904510252074
vn 0 1 0
vn 0 -1 0
vn -0.9659258262890684 0 -0.2588190451025209
vn 0 1 0
vn 0 -1 0
vn -0.7071067811865477 0 -0.7071067811865474
vn 0 1 0
vn 0 -1 0
vn -0.25881904510252113 0 -0.9659258262890683
vn 0 1 0
vn 0 -1 0
vn 0.25881904510252085 0 -0.9659258262890684
vn 0 1 0
vn 0 -1 0
vn 0.7071067811865474 0 -0.7071067811865477
vn 0 1 0
vn 0 -1 0
vn 0.9659258262890682 0 -0.258819045102521
vn 0 1 0
vn 0 -1 0
usemtl m_d8f9e20d-cb26-cbd2-2d92-4056c16cacbf
f 1761/5473/1399 1763/5474/1399 1764/5475/1399 1762/5476/1399
f 1763/5477/1400 1761/5478/1400 1759/5479/1400
f 1762/5480/1401 1764/5481/1401 1760/5482/1401
f 1763/5483/1402 1765/5484/1402 1766/5485/1402 1764/5486/1402
f 1765/5487/1403 1763/5488/1403 1759/5489/1403
f 1764/5490/1404 1766/5491/1404 1760/5492/1404
f 1765/5493/1405 1767/5494/1405 1768/5495/1405 1766/5496/1405
f 1767/5497/1406 1765/5498/1406 1759/5499/1406
f 1766/5500/1407 1768/5501/1407 1760/5502/1407
f 1767/5503/1408 1769/5504/1408 1770/5505/1408 1768/5506/1408
f 1769/5507/1409 1767/5508/1409 1759/5509/1409
f 1768/5510/1410 1770/5511/1410 1760/5512/1410
f 1769/5513/1411 1771/5514/1411 1772/5515/1411 1770/5516/1411
f 1771/5517/1412 1769/5518/1412 1759/5519/1412
f 1770/5520/1413 1772/5521/1413 1760/5522/1413
f 1771/5523/1414 1773/5524/1414 1774/5525/1414 1772/5526/1414
f 1773/5527/1415 1771/5528/1415 1759/5529/1415
f 1772/5530/1416 1774/5531/1416 1760/5532/1416
f 1773/5533/1417 1775/5534/1417 1776/5535/1417 1774/5536/1417
f 1775/5537/1418 1773/5538/1418 1759/5539/1418
f 1774/5540/1419 1776/5541/1419 1760/5542/1419
f 1775/5543/1420 1777/5544/1420 1778/5545/1420 1776/5546/1420
f 1777/5547/1421 1775/5548/1421 1759/5549/1421
f 1776/5550/1422 1778/5551/1422 1760/5552/1422
f 1777/5553/1423 1779/5554/1423 1780/5555/1423 1778/5556/1423
f 1779/5557/1424 1777/5558/1424 1759/5559/1424
f 1778/5560/1425 1780/5561/1425 1760/5562/1425
f 1779/5563/1426 1781/5564/1426 1782/5565/1426 1780/5566/1426
f 1781/5567/1427 1779/5568/1427 1759/5569/1427
f 1780/5570/1428 1782/5571/1428 1760/5572/1428
f 1781/5573/1429 1783/5574/1429 1784/5575/1429 1782/5576/1429
f 1783/5577/1430 1781/5578/1430 1759/5579/1430
f 1782/5580/1431 1784/5581/1431 1760/5582/1431
f 1783/5583/1432 1761/5584/1432 1762/5585/1432 1784/5586/1432
f 1761/5587/1433 1783/5588/1433 1759/5589/1433
f 1784/5590/1434 1762/5591/1434 1760/5592/1434
o Basket interior bottom
v -0.3125 1.14375 -0.16875
v -0.3125 1.08125 -0.16875
v -0.1453125 1.14375 -0.16875
v -0.1453125 1.08125 -0.16875
v -0.16771137780478917 1.14375 -0.08515625000000003
v -0.16771137780478917 1.08125 -0.08515625000000003
v -0.22890624999999998 1.14375 -0.023961377804789186
v -0.22890624999999998 1.08125 -0.023961377804789186
v -0.3125 1.14375 -0.0015625000000000222
v -0.3125 1.08125 -0.0015625000000000222
v -0.39609374999999997 1.14375 -0.023961377804789186
v -0.39609374999999997 1.08125 -0.023961377804789186
v -0.4572886221952108 1.14375 -0.08515625000000003
v -0.4572886221952108 1.08125 -0.08515625000000003
v -0.4796875 1.14375 -0.16874999999999998
v -0.4796875 1.08125 -0.16874999999999998
v -0.4572886221952108 1.14375 -0.25234375000000003
v -0.4572886221952108 1.08125 -0.25234375000000003
v -0.3960937500000001 1.14375 -0.3135386221952108
v -0.3960937500000001 1.08125 -0.3135386221952108
v -0.31250000000000006 1.14375 -0.3359375
v -0.31250000000000006 1.08125 -0.3359375
v -0.22890624999999998 1.14375 -0.31353862219521084
v -0.22890624999999998 1.08125 -0.31353862219521084
v -0.16771137780478923 1.14375 -0.2523437500000001
v -0.16771137780478923 1.08125 -0.2523437500000001
vt 0 1
vt 0 1
vt 0 1
vt 0 1
vt 0 1
vt 0 1
vt 0 1
vt 0 1
vt 0 1
vt 0 1
vt 0 1
vt 0 1
vt 0 1
vt 0 1
vt 0 1
vt 0 1
vt 0 1
vt 0 1
vt 0 1
vt 0 1
vt 0 1
vt 0 1
vt 0 1
vt 0 1
vt 0 1
vt 0 1
vt 0 1
vt 0 1
vt 0 1
vt 0 1
vt 0 1
vt 0 1
vt 0 1
vt 0 1
vt 0 1
vt 0 1
vt 0 1
vt 0 1
vt 0 1
vt 0 1
vt 0 1
vt 0 1
vt 0 1
vt 0 1
vt 0 1
vt 0 1
vt 0 1
vt 0 1
vt 0 1
vt 0 1
vt 0 1
vt 0 1
vt 0 1
vt 0 1
vt 0 1
vt 0 1
vt 0 1
vt 0 1
vt 0 1
vt 0 1
vt 0 1
vt 0 1
vt 0 1
vt 0 1
vt 0 1
vt 0 1
vt 0 1
vt 0 1
vt 0 1
vt 0 1
vt 0 1
vt 0 1
vt 0 1
vt 0 1
vt 0 1
vt 0 1
vt 0 1
vt 0 1
vt 0 1
vt 0 1
vt 0 1
vt 0 1
vt 0 1
vt 0 1
vt 0 1
vt 0 1
vt 0 1
vt 0 1
vt 0 1
vt 0 1
vt 0 1
vt 0 1
vt 0 1
vt 0 1
vt 0 1
vt 0 1
vt 0 1
vt 0 1
vt 0 1
vt 0 1
vt 0 1
vt 0 1
vt 0 1
vt 0 1
vt 0 1
vt 0 1
vt 0 1
vt 0 1
vt 0 1
vt 0 1
vt 0 1
vt 0 1
vt 0 1
vt 0 1
vt 0 1
vt 0 1
vt 0 1
vt 0 1
vt 0 1
vt 0 1
vn 0.9659258262890683 0 0.25881904510252085
vn 0 1 0
vn 0 -1 0
vn 0.7071067811865477 0 0.7071067811865474
vn 0 1 0
vn 0 -1 0
vn 0.2588190451025208 0 0.9659258262890683
vn 0 1 0
vn 0 -1 0
vn -0.25881904510252085 0 0.9659258262890683
vn 0 1 0
vn 0 -1 0
vn -0.7071067811865474 0 0.7071067811865477
vn 0 1 0
vn 0 -1 0
vn -0.9659258262890683 0 0.25881904510252085
vn 0 1 0
vn 0 -1 0
vn -0.9659258262890683 0 -0.2588190451025207
vn 0 1 0
vn 0 -1 0
vn -0.7071067811865476 0 -0.7071067811865476
vn 0 1 0
vn 0 -1 0
vn -0.25881904510252124 0 -0.9659258262890682
vn 0 1 0
vn 0 -1 0
vn 0.2588190451025207 0 -0.9659258262890683
vn 0 1 0
vn 0 -1 0
vn 0.7071067811865476 0 -0.7071067811865476
vn 0 1 0
vn 0 -1 0
vn 0.9659258262890682 0 -0.2588190451025212
vn 0 1 0
vn 0 -1 0
usemtl m_b857fb66-1ffc-7849-b518-f1f88c078ca1
f 1787/5593/1435 1789/5594/1435 1790/5595/1435 1788/5596/1435
f 1789/5597/1436 1787/5598/1436 1785/5599/1436
f 1788/5600/1437 1790/5601/1437 1786/5602/1437
f 1789/5603/1438 1791/5604/1438 1792/5605/1438 1790/5606/1438
f 1791/5607/1439 1789/5608/1439 1785/5609/1439
f 1790/5610/1440 1792/5611/1440 1786/5612/1440
f 1791/5613/1441 1793/5614/1441 1794/5615/1441 1792/5616/1441
f 1793/5617/1442 1791/5618/1442 1785/5619/1442
f 1792/5620/1443 1794/5621/1443 1786/5622/1443
f 1793/5623/1444 1795/5624/1444 1796/5625/1444 1794/5626/1444
f 1795/5627/1445 1793/5628/1445 1785/5629/1445
f 1794/5630/1446 1796/5631/1446 1786/5632/1446
f 1795/5633/1447 1797/5634/1447 1798/5635/1447 1796/5636/1447
f 1797/5637/1448 1795/5638/1448 1785/5639/1448
f 1796/5640/1449 1798/5641/1449 1786/5642/1449
f 1797/5643/1450 1799/5644/1450 1800/5645/1450 1798/5646/1450
f 1799/5647/1451 1797/5648/1451 1785/5649/1451
f 1798/5650/1452 1800/5651/1452 1786/5652/1452
f 1799/5653/1453 1801/5654/1453 1802/5655/1453 1800/5656/1453
f 1801/5657/1454 1799/5658/1454 1785/5659/1454
f 1800/5660/1455 1802/5661/1455 1786/5662/1455
f 1801/5663/1456 1803/5664/1456 1804/5665/1456 1802/5666/1456
f 1803/5667/1457 1801/5668/1457 1785/5669/1457
f 1802/5670/1458 1804/5671/1458 1786/5672/1458
f 1803/5673/1459 1805/5674/1459 1806/5675/1459 1804/5676/1459
f 1805/5677/1460 1803/5678/1460 1785/5679/1460
f 1804/5680/1461 1806/5681/1461 1786/5682/1461
f 1805/5683/1462 1807/5684/1462 1808/5685/1462 1806/5686/1462
f 1807/5687/1463 1805/5688/1463 1785/5689/1463
f 1806/5690/1464 1808/5691/1464 1786/5692/1464
f 1807/5693/1465 1809/5694/1465 1810/5695/1465 1808/5696/1465
f 1809/5697/1466 1807/5698/1466 1785/5699/1466
f 1808/5700/1467 1810/5701/1467 1786/5702/1467
f 1809/5703/1468 1787/5704/1468 1788/5705/1468 1810/5706/1468
f 1787/5707/1469 1809/5708/1469 1785/5709/1469
f 1810/5710/1470 1788/5711/1470 1786/5712/1470
o Press piston disc
v -0.3125 1.434375 -0.16875
v -0.3125 1.371875 -0.16875
v -0.15 1.434375 -0.16875
v -0.15 1.371875 -0.16875
v -0.1717708718850287 1.434375 -0.08750000000000002
v -0.1717708718850287 1.371875 -0.08750000000000002
v -0.23124999999999998 1.434375 -0.028020871885028747
v -0.23124999999999998 1.371875 -0.028020871885028747
v -0.3125 1.434375 -0.0062500000000000056
v -0.3125 1.371875 -0.0062500000000000056
v -0.39374999999999993 1.434375 -0.02802087188502872
v -0.39374999999999993 1.371875 -0.02802087188502872
v -0.4532291281149713 1.434375 -0.08750000000000002
v -0.4532291281149713 1.371875 -0.08750000000000002
v -0.475 1.434375 -0.16874999999999998
v -0.475 1.371875 -0.16874999999999998
v -0.4532291281149713 1.434375 -0.25
v -0.4532291281149713 1.371875 -0.25
v -0.39375000000000004 1.434375 -0.30947912811497125
v -0.39375000000000004 1.371875 -0.30947912811497125
v -0.31250000000000006 1.434375 -0.33125000000000004
v -0.31250000000000006 1.371875 -0.33125000000000004
v -0.23124999999999998 1.434375 -0.30947912811497125
v -0.23124999999999998 1.371875 -0.30947912811497125
v -0.17177087188502876 1.434375 -0.2500000000000001
v -0.17177087188502876 1.371875 -0.2500000000000001
vt 0 1
vt 0 1
vt 0 1
vt 0 1
vt 0 1
vt 0 1
vt 0 1
vt 0 1
vt 0 1
vt 0 1
vt 0 1
vt 0 1
vt 0 1
vt 0 1
vt 0 1
vt 0 1
vt 0 1
vt 0 1
vt 0 1
vt 0 1
vt 0 1
vt 0 1
vt 0 1
vt 0 1
vt 0 1
vt 0 1
vt 0 1
vt 0 1
vt 0 1
vt 0 1
vt 0 1
vt 0 1
vt 0 1
vt 0 1
vt 0 1
vt 0 1
vt 0 1
vt 0 1
vt 0 1
vt 0 1
vt 0 1
vt 0 1
vt 0 1
vt 0 1
vt 0 1
vt 0 1
vt 0 1
vt 0 1
vt 0 1
vt 0 1
vt 0 1
vt 0 1
vt 0 1
vt 0 1
vt 0 1
vt 0 1
vt 0 1
vt 0 1
vt 0 1
vt 0 1
vt 0 1
vt 0 1
vt 0 1
vt 0 1
vt 0 1
vt 0 1
vt 0 1
vt 0 1
vt 0 1
vt 0 1
vt 0 1
vt 0 1
vt 0 1
vt 0 1
vt 0 1
vt 0 1
vt 0 1
vt 0 1
vt 0 1
vt 0 1
vt 0 1
vt 0 1
vt 0 1
vt 0 1
vt 0 1
vt 0 1
vt 0 1
vt 0 1
vt 0 1
vt 0 1
vt 0 1
vt 0 1
vt 0 1
vt 0 1
vt 0 1
vt 0 1
vt 0 1
vt 0 1
vt 0 1
vt 0 1
vt 0 1
vt 0 1
vt 0 1
vt 0 1
vt 0 1
vt 0 1
vt 0 1
vt 0 1
vt 0 1
vt 0 1
vt 0 1
vt 0 1
vt 0 1
vt 0 1
vt 0 1
vt 0 1
vt 0 1
vt 0 1
vt 0 1
vt 0 1
vn 0.9659258262890684 0 0.2588190451025208
vn 0 1 0
vn 0 -1 0
vn 0.7071067811865476 0 0.7071067811865476
vn 0 1 0
vn 0 -1 0
vn 0.258819045102521 0 0.9659258262890682
vn 0 1 0
vn 0 -1 0
vn -0.2588190451025208 0 0.9659258262890684
vn 0 1 0
vn 0 -1 0
vn -0.7071067811865474 0 0.7071067811865477
vn 0 1 0
vn 0 -1 0
vn -0.9659258262890684 0 0.2588190451025208
vn 0 1 0
vn 0 -1 0
vn -0.9659258262890683 0 -0.2588190451025209
vn 0 1 0
vn 0 -1 0
vn -0.7071067811865477 0 -0.7071067811865474
vn 0 1 0
vn 0 -1 0
vn -0.25881904510252124 0 -0.9659258262890683
vn 0 1 0
vn 0 -1 0
vn 0.25881904510252085 0 -0.9659258262890683
vn 0 1 0
vn 0 -1 0
vn 0.7071067811865474 0 -0.7071067811865477
vn 0 1 0
vn 0 -1 0
vn 0.9659258262890683 0 -0.25881904510252113
vn 0 1 0
vn 0 -1 0
usemtl m_b857fb66-1ffc-7849-b518-f1f88c078ca1
f 1813/5713/1471 1815/5714/1471 1816/5715/1471 1814/5716/1471
f 1815/5717/1472 1813/5718/1472 1811/5719/1472
f 1814/5720/1473 1816/5721/1473 1812/5722/1473
f 1815/5723/1474 1817/5724/1474 1818/5725/1474 1816/5726/1474
f 1817/5727/1475 1815/5728/1475 1811/5729/1475
f 1816/5730/1476 1818/5731/1476 1812/5732/1476
f 1817/5733/1477 1819/5734/1477 1820/5735/1477 1818/5736/1477
f 1819/5737/1478 1817/5738/1478 1811/5739/1478
f 1818/5740/1479 1820/5741/1479 1812/5742/1479
f 1819/5743/1480 1821/5744/1480 1822/5745/1480 1820/5746/1480
f 1821/5747/1481 1819/5748/1481 1811/5749/1481
f 1820/5750/1482 1822/5751/1482 1812/5752/1482
f 1821/5753/1483 1823/5754/1483 1824/5755/1483 1822/5756/1483
f 1823/5757/1484 1821/5758/1484 1811/5759/1484
f 1822/5760/1485 1824/5761/1485 1812/5762/1485
f 1823/5763/1486 1825/5764/1486 1826/5765/1486 1824/5766/1486
f 1825/5767/1487 1823/5768/1487 1811/5769/1487
f 1824/5770/1488 1826/5771/1488 1812/5772/1488
f 1825/5773/1489 1827/5774/1489 1828/5775/1489 1826/5776/1489
f 1827/5777/1490 1825/5778/1490 1811/5779/1490
f 1826/5780/1491 1828/5781/1491 1812/5782/1491
f 1827/5783/1492 1829/5784/1492 1830/5785/1492 1828/5786/1492
f 1829/5787/1493 1827/5788/1493 1811/5789/1493
f 1828/5790/1494 1830/5791/1494 1812/5792/1494
f 1829/5793/1495 1831/5794/1495 1832/5795/1495 1830/5796/1495
f 1831/5797/1496 1829/5798/1496 1811/5799/1496
f 1830/5800/1497 1832/5801/1497 1812/5802/1497
f 1831/5803/1498 1833/5804/1498 1834/5805/1498 1832/5806/1498
f 1833/5807/1499 1831/5808/1499 1811/5809/1499
f 1832/5810/1500 1834/5811/1500 1812/5812/1500
f 1833/5813/1501 1835/5814/1501 1836/5815/1501 1834/5816/1501
f 1835/5817/1502 1833/5818/1502 1811/5819/1502
f 1834/5820/1503 1836/5821/1503 1812/5822/1503
f 1835/5823/1504 1813/5824/1504 1814/5825/1504 1836/5826/1504
f 1813/5827/1505 1835/5828/1505 1811/5829/1505
f 1836/5830/1506 1814/5831/1506 1812/5832/1506
o Basket iron hoop 18.1
v -0.3125 1.1625 -0.16875
v -0.3125 1.1 -0.16875
v -0.11875 1.1625 -0.16875
v -0.11875 1.1 -0.16875
v -0.144707578016765 1.1625 -0.07187500000000002
v -0.144707578016765 1.1 -0.07187500000000002
v -0.21562499999999996 1.1625 -0.0009575780167650205
v -0.21562499999999996 1.1 -0.0009575780167650205
v -0.3125 1.1625 0.024999999999999994
v -0.3125 1.1 0.024999999999999994
v -0.40937499999999993 1.1625 -0.0009575780167650205
v -0.40937499999999993 1.1 -0.0009575780167650205
v -0.48029242198323496 1.1625 -0.07187500000000002
v -0.48029242198323496 1.1 -0.07187500000000002
v -0.50625 1.1625 -0.16874999999999998
v -0.50625 1.1 -0.16874999999999998
v -0.48029242198323496 1.1625 -0.26562500000000006
v -0.48029242198323496 1.1 -0.26562500000000006
v -0.4093750000000001 1.1625 -0.3365424219832349
v -0.4093750000000001 1.1 -0.3365424219832349
v -0.31250000000000006 1.1625 -0.36250000000000004
v -0.31250000000000006 1.1 -0.36250000000000004
v -0.21562499999999996 1.1625 -0.33654242198323503
v -0.21562499999999996 1.1 -0.33654242198323503
v -0.14470757801676506 1.1625 -0.2656250000000001
v -0.14470757801676506 1.1 -0.2656250000000001
vt 0 1
vt 0 1
vt 0 1
vt 0 1
vt 0 1
vt 0 1
vt 0 1
vt 0 1
vt 0 1
vt 0 1
vt 0 1
vt 0 1
vt 0 1
vt 0 1
vt 0 1
vt 0 1
vt 0 1
vt 0 1
vt 0 1
vt 0 1
vt 0 1
vt 0 1
vt 0 1
vt 0 1
vt 0 1
vt 0 1
vt 0 1
vt 0 1
vt 0 1
vt 0 1
vt 0 1
vt 0 1
vt 0 1
vt 0 1
vt 0 1
vt 0 1
vt 0 1
vt 0 1
vt 0 1
vt 0 1
vt 0 1
vt 0 1
vt 0 1
vt 0 1
vt 0 1
vt 0 1
vt 0 1
vt 0 1
vt 0 1
vt 0 1
vt 0 1
vt 0 1
vt 0 1
vt 0 1
vt 0 1
vt 0 1
vt 0 1
vt 0 1
vt 0 1
vt 0 1
vt 0 1
vt 0 1
vt 0 1
vt 0 1
vt 0 1
vt 0 1
vt 0 1
vt 0 1
vt 0 1
vt 0 1
vt 0 1
vt 0 1
vt 0 1
vt 0 1
vt 0 1
vt 0 1
vt 0 1
vt 0 1
vt 0 1
vt 0 1
vt 0 1
vt 0 1
vt 0 1
vt 0 1
vt 0 1
vt 0 1
vt 0 1
vt 0 1
vt 0 1
vt 0 1
vt 0 1
vt 0 1
vt 0 1
vt 0 1
vt 0 1
vt 0 1
vt 0 1
vt 0 1
vt 0 1
vt 0 1
vt 0 1
vt 0 1
vt 0 1
vt 0 1
vt 0 1
vt 0 1
vt 0 1
vt 0 1
vt 0 1
vt 0 1
vt 0 1
vt 0 1
vt 0 1
vt 0 1
vt 0 1
vt 0 1
vt 0 1
vt 0 1
vt 0 1
vt 0 1
vn 0.9659258262890683 0 0.2588190451025208
vn 0 1 0
vn 0 -1 0
vn 0.7071067811865477 0 0.7071067811865474
vn 0 1 0
vn 0 -1 0
vn 0.25881904510252074 0 0.9659258262890683
vn 0 1 0
vn 0 -1 0
vn -0.2588190451025209 0 0.9659258262890684
vn 0 1 0
vn 0 -1 0
vn -0.7071067811865475 0 0.7071067811865477
vn 0 1 0
vn 0 -1 0
vn -0.9659258262890682 0 0.2588190451025209
vn 0 1 0
vn 0 -1 0
vn -0.9659258262890683 0 -0.25881904510252063
vn 0 1 0
vn 0 -1 0
vn -0.7071067811865476 0 -0.7071067811865476
vn 0 1 0
vn 0 -1 0
vn -0.2588190451025212 0 -0.9659258262890681
vn 0 1 0
vn 0 -1 0
vn 0.2588190451025206 0 -0.9659258262890683
vn 0 1 0
vn 0 -1 0
vn 0.7071067811865476 0 -0.7071067811865476
vn 0 1 0
vn 0 -1 0
vn 0.9659258262890682 0 -0.2588190451025211
vn 0 1 0
vn 0 -1 0
usemtl m_41d086d1-5078-eff2-b41a-ec659ff25218
f 1839/5833/1507 1841/5834/1507 1842/5835/1507 1840/5836/1507
f 1841/5837/1508 1839/5838/1508 1837/5839/1508
f 1840/5840/1509 1842/5841/1509 1838/5842/1509
f 1841/5843/1510 1843/5844/1510 1844/5845/1510 1842/5846/1510
f 1843/5847/1511 1841/5848/1511 1837/5849/1511
f 1842/5850/1512 1844/5851/1512 1838/5852/1512
f 1843/5853/1513 1845/5854/1513 1846/5855/1513 1844/5856/1513
f 1845/5857/1514 1843/5858/1514 1837/5859/1514
f 1844/5860/1515 1846/5861/1515 1838/5862/1515
f 1845/5863/1516 1847/5864/1516 1848/5865/1516 1846/5866/1516
f 1847/5867/1517 1845/5868/1517 1837/5869/1517
f 1846/5870/1518 1848/5871/1518 1838/5872/1518
f 1847/5873/1519 1849/5874/1519 1850/5875/1519 1848/5876/1519
f 1849/5877/1520 1847/5878/1520 1837/5879/1520
f 1848/5880/1521 1850/5881/1521 1838/5882/1521
f 1849/5883/1522 1851/5884/1522 1852/5885/1522 1850/5886/1522
f 1851/5887/1523 1849/5888/1523 1837/5889/1523
f 1850/5890/1524 1852/5891/1524 1838/5892/1524
f 1851/5893/1525 1853/5894/1525 1854/5895/1525 1852/5896/1525
f 1853/5897/1526 1851/5898/1526 1837/5899/1526
f 1852/5900/1527 1854/5901/1527 1838/5902/1527
f 1853/5903/1528 1855/5904/1528 1856/5905/1528 1854/5906/1528
f 1855/5907/1529 1853/5908/1529 1837/5909/1529
f 1854/5910/1530 1856/5911/1530 1838/5912/1530
f 1855/5913/1531 1857/5914/1531 1858/5915/1531 1856/5916/1531
f 1857/5917/1532 1855/5918/1532 1837/5919/1532
f 1856/5920/1533 1858/5921/1533 1838/5922/1533
f 1857/5923/1534 1859/5924/1534 1860/5925/1534 1858/5926/1534
f 1859/5927/1535 1857/5928/1535 1837/5929/1535
f 1858/5930/1536 1860/5931/1536 1838/5932/1536
f 1859/5933/1537 1861/5934/1537 1862/5935/1537 1860/5936/1537
f 1861/5937/1538 1859/5938/1538 1837/5939/1538
f 1860/5940/1539 1862/5941/1539 1838/5942/1539
f 1861/5943/1540 1839/5944/1540 1840/5945/1540 1862/5946/1540
f 1839/5947/1541 1861/5948/1541 1837/5949/1541
f 1862/5950/1542 1840/5951/1542 1838/5952/1542
o Basket iron hoop 21.5
v -0.3125 1.375 -0.16875
v -0.3125 1.3125 -0.16875
v -0.11875 1.375 -0.16875
v -0.11875 1.3125 -0.16875
v -0.144707578016765 1.375 -0.07187500000000002
v -0.144707578016765 1.3125 -0.07187500000000002
v -0.21562499999999996 1.375 -0.0009575780167650205
v -0.21562499999999996 1.3125 -0.0009575780167650205
v -0.3125 1.375 0.024999999999999994
v -0.3125 1.3125 0.024999999999999994
v -0.40937499999999993 1.375 -0.0009575780167650205
v -0.40937499999999993 1.3125 -0.0009575780167650205
v -0.48029242198323496 1.375 -0.07187500000000002
v -0.48029242198323496 1.3125 -0.07187500000000002
v -0.50625 1.375 -0.16874999999999998
v -0.50625 1.3125 -0.16874999999999998
v -0.48029242198323496 1.375 -0.26562500000000006
v -0.48029242198323496 1.3125 -0.26562500000000006
v -0.4093750000000001 1.375 -0.3365424219832349
v -0.4093750000000001 1.3125 -0.3365424219832349
v -0.31250000000000006 1.375 -0.36250000000000004
v -0.31250000000000006 1.3125 -0.36250000000000004
v -0.21562499999999996 1.375 -0.33654242198323503
v -0.21562499999999996 1.3125 -0.33654242198323503
v -0.14470757801676506 1.375 -0.2656250000000001
v -0.14470757801676506 1.3125 -0.2656250000000001
vt 0 1
vt 0 1
vt 0 1
vt 0 1
vt 0 1
vt 0 1
vt 0 1
vt 0 1
vt 0 1
vt 0 1
vt 0 1
vt 0 1
vt 0 1
vt 0 1
vt 0 1
vt 0 1
vt 0 1
vt 0 1
vt 0 1
vt 0 1
vt 0 1
vt 0 1
vt 0 1
vt 0 1
vt 0 1
vt 0 1
vt 0 1
vt 0 1
vt 0 1
vt 0 1
vt 0 1
vt 0 1
vt 0 1
vt 0 1
vt 0 1
vt 0 1
vt 0 1
vt 0 1
vt 0 1
vt 0 1
vt 0 1
vt 0 1
vt 0 1
vt 0 1
vt 0 1
vt 0 1
vt 0 1
vt 0 1
vt 0 1
vt 0 1
vt 0 1
vt 0 1
vt 0 1
vt 0 1
vt 0 1
vt 0 1
vt 0 1
vt 0 1
vt 0 1
vt 0 1
vt 0 1
vt 0 1
vt 0 1
vt 0 1
vt 0 1
vt 0 1
vt 0 1
vt 0 1
vt 0 1
vt 0 1
vt 0 1
vt 0 1
vt 0 1
vt 0 1
vt 0 1
vt 0 1
vt 0 1
vt 0 1
vt 0 1
vt 0 1
vt 0 1
vt 0 1
vt 0 1
vt 0 1
vt 0 1
vt 0 1
vt 0 1
vt 0 1
vt 0 1
vt 0 1
vt 0 1
vt 0 1
vt 0 1
vt 0 1
vt 0 1
vt 0 1
vt 0 1
vt 0 1
vt 0 1
vt 0 1
vt 0 1
vt 0 1
vt 0 1
vt 0 1
vt 0 1
vt 0 1
vt 0 1
vt 0 1
vt 0 1
vt 0 1
vt 0 1
vt 0 1
vt 0 1
vt 0 1
vt 0 1
vt 0 1
vt 0 1
vt 0 1
vt 0 1
vt 0 1
vn 0.9659258262890683 0 0.2588190451025208
vn 0 1 0
vn 0 -1 0
vn 0.7071067811865477 0 0.7071067811865474
vn 0 1 0
vn 0 -1 0
vn 0.25881904510252074 0 0.9659258262890683
vn 0 1 0
vn 0 -1 0
vn -0.2588190451025209 0 0.9659258262890684
vn 0 1 0
vn 0 -1 0
vn -0.7071067811865475 0 0.7071067811865477
vn 0 1 0
vn 0 -1 0
vn -0.9659258262890682 0 0.2588190451025209
vn 0 1 0
vn 0 -1 0
vn -0.9659258262890683 0 -0.25881904510252063
vn 0 1 0
vn 0 -1 0
vn -0.7071067811865476 0 -0.7071067811865476
vn 0 1 0
vn 0 -1 0
vn -0.2588190451025212 0 -0.9659258262890681
vn 0 1 0
vn 0 -1 0
vn 0.2588190451025206 0 -0.9659258262890683
vn 0 1 0
vn 0 -1 0
vn 0.7071067811865476 0 -0.7071067811865476
vn 0 1 0
vn 0 -1 0
vn 0.9659258262890682 0 -0.2588190451025211
vn 0 1 0
vn 0 -1 0
usemtl m_41d086d1-5078-eff2-b41a-ec659ff25218
f 1865/5953/1543 1867/5954/1543 1868/5955/1543 1866/5956/1543
f 1867/5957/1544 1865/5958/1544 1863/5959/1544
f 1866/5960/1545 1868/5961/1545 1864/5962/1545
f 1867/5963/1546 1869/5964/1546 1870/5965/1546 1868/5966/1546
f 1869/5967/1547 1867/5968/1547 1863/5969/1547
f 1868/5970/1548 1870/5971/1548 1864/5972/1548
f 1869/5973/1549 1871/5974/1549 1872/5975/1549 1870/5976/1549
f 1871/5977/1550 1869/5978/1550 1863/5979/1550
f 1870/5980/1551 1872/5981/1551 1864/5982/1551
f 1871/5983/1552 1873/5984/1552 1874/5985/1552 1872/5986/1552
f 1873/5987/1553 1871/5988/1553 1863/5989/1553
f 1872/5990/1554 1874/5991/1554 1864/5992/1554
f 1873/5993/1555 1875/5994/1555 1876/5995/1555 1874/5996/1555
f 1875/5997/1556 1873/5998/1556 1863/5999/1556
f 1874/6000/1557 1876/6001/1557 1864/6002/1557
f 1875/6003/1558 1877/6004/1558 1878/6005/1558 1876/6006/1558
f 1877/6007/1559 1875/6008/1559 1863/6009/1559
f 1876/6010/1560 1878/6011/1560 1864/6012/1560
f 1877/6013/1561 1879/6014/1561 1880/6015/1561 1878/6016/1561
f 1879/6017/1562 1877/6018/1562 1863/6019/1562
f 1878/6020/1563 1880/6021/1563 1864/6022/1563
f 1879/6023/1564 1881/6024/1564 1882/6025/1564 1880/6026/1564
f 1881/6027/1565 1879/6028/1565 1863/6029/1565
f 1880/6030/1566 1882/6031/1566 1864/6032/1566
f 1881/6033/1567 1883/6034/1567 1884/6035/1567 1882/6036/1567
f 1883/6037/1568 1881/6038/1568 1863/6039/1568
f 1882/6040/1569 1884/6041/1569 1864/6042/1569
f 1883/6043/1570 1885/6044/1570 1886/6045/1570 1884/6046/1570
f 1885/6047/1571 1883/6048/1571 1863/6049/1571
f 1884/6050/1572 1886/6051/1572 1864/6052/1572
f 1885/6053/1573 1887/6054/1573 1888/6055/1573 1886/6056/1573
f 1887/6057/1574 1885/6058/1574 1863/6059/1574
f 1886/6060/1575 1888/6061/1575 1864/6062/1575
f 1887/6063/1576 1865/6064/1576 1866/6065/1576 1888/6066/1576
f 1865/6067/1577 1887/6068/1577 1863/6069/1577
f 1888/6070/1578 1866/6071/1578 1864/6072/1578
o Drain spout
v -0.2875 1.103125 0.16249999999999998
v -0.2875 1.103125 0.012499999999999997
v -0.2875 1.071875 0.16249999999999998
v -0.2875 1.071875 0.012499999999999997
v -0.34375 1.103125 0.012499999999999997
v -0.34375 1.103125 0.16249999999999998
v -0.34375 1.071875 0.012499999999999997
v -0.34375 1.071875 0.16249999999999998
vt 0 1
vt 0.05625000000000002 1
vt 0.05625000000000002 0.96875
vt 0 0.96875
vt 0 1
vt 0.15 1
vt 0.15 0.96875
vt 0 0.96875
vt 0 1
vt 0.05625000000000002 1
vt 0.05625000000000002 0.96875
vt 0 0.96875
vt 0 1
vt 0.15 1
vt 0.15 0.96875
vt 0 0.96875
vt 0 1
vt 0.05625000000000002 1
vt 0.05625000000000002 0.85
vt 0 0.85
vt 0 1
vt 0.05625000000000002 1
vt 0.05625000000000002 0.85
vt 0 0.85
vn 0 0 -1
vn 1 0 0
vn 0 0 1
vn -1 0 0
vn 0 1 0
vn 0 -1 0
usemtl m_d8f9e20d-cb26-cbd2-2d92-4056c16cacbf
f 1892/6076/1579 1895/6075/1579 1893/6074/1579 1890/6073/1579
f 1891/6080/1580 1892/6079/1580 1890/6078/1580 1889/6077/1580
f 1896/6084/1581 1891/6083/1581 1889/6082/1581 1894/6081/1581
f 1895/6088/1582 1896/6087/1582 1894/6086/1582 1893/6085/1582
f 1894/6092/1583 1889/6091/1583 1890/6090/1583 1893/6089/1583
f 1895/6096/1584 1892/6095/1584 1891/6094/1584 1896/6093/1584
o Spout downturned lip
v -0.2875 1.09375 0.16875
v -0.2875 1.09375 0.140625
v -0.2875 1.0499999999999998 0.16875
v -0.2875 1.0499999999999998 0.140625
v -0.34375 1.09375 0.140625
v -0.34375 1.09375 0.16875
v -0.34375 1.0499999999999998 0.140625
v -0.34375 1.0499999999999998 0.16875
vt 0 1
vt 0.05625000000000002 1
vt 0.05625000000000002 0.95625
vt 0 0.95625
vt 0 1
vt 0.02812500000000001 1
vt 0.02812500000000001 0.95625
vt 0 0.95625
vt 0 1
vt 0.05625000000000002 1
vt 0.05625000000000002 0.95625
vt 0 0.95625
vt 0 1
vt 0.02812500000000001 1
vt 0.02812500000000001 0.95625
vt 0 0.95625
vt 0 1
vt 0.05625000000000002 1
vt 0.05625000000000002 0.971875
vt 0 0.971875
vt 0 1
vt 0.05625000000000002 1
vt 0.05625000000000002 0.971875
vt 0 0.971875
vn 0 0 -1
vn 1 0 0
vn 0 0 1
vn -1 0 0
vn 0 1 0
vn 0 -1 0
usemtl m_d8f9e20d-cb26-cbd2-2d92-4056c16cacbf
f 1900/6100/1585 1903/6099/1585 1901/6098/1585 1898/6097/1585
f 1899/6104/1586 1900/6103/1586 1898/6102/1586 1897/6101/1586
f 1904/6108/1587 1899/6107/1587 1897/6106/1587 1902/6105/1587
f 1903/6112/1588 1904/6111/1588 1902/6110/1588 1901/6109/1588
f 1902/6116/1589 1897/6115/1589 1898/6114/1589 1901/6113/1589
f 1903/6120/1590 1900/6119/1590 1899/6118/1590 1904/6117/1590
o Collection jug base
v -0.3125 1.084375 0.175
v -0.3125 1.009375 0.175
v -0.225 1.084375 0.175
v -0.225 1.009375 0.175
v -0.23672277716886161 1.084375 0.21874999999999997
v -0.23672277716886161 1.009375 0.21874999999999997
v -0.26875 1.084375 0.25077722283113835
v -0.26875 1.009375 0.25077722283113835
v -0.3125 1.084375 0.26249999999999996
v -0.3125 1.009375 0.26249999999999996
v -0.35624999999999996 1.084375 0.25077722283113835
v -0.35624999999999996 1.009375 0.25077722283113835
v -0.3882772228311384 1.084375 0.21874999999999997
v -0.3882772228311384 1.009375 0.21874999999999997
v -0.4 1.084375 0.175
v -0.4 1.009375 0.175
v -0.38827722283113836 1.084375 0.13124999999999998
v -0.38827722283113836 1.009375 0.13124999999999998
v -0.35625000000000007 1.084375 0.09922277716886163
v -0.35625000000000007 1.009375 0.09922277716886163
v -0.3125 1.084375 0.0875
v -0.3125 1.009375 0.0875
v -0.26875 1.084375 0.09922277716886162
v -0.26875 1.009375 0.09922277716886162
v -0.23672277716886164 1.084375 0.13124999999999995
v -0.23672277716886164 1.009375 0.13124999999999995
vt 0 1
vt 0 1
vt 0 1
vt 0 1
vt 0 1
vt 0 1
vt 0 1
vt 0 1
vt 0 1
vt 0 1
vt 0 1
vt 0 1
vt 0 1
vt 0 1
vt 0 1
vt 0 1
vt 0 1
vt 0 1
vt 0 1
vt 0 1
vt 0 1
vt 0 1
vt 0 1
vt 0 1
vt 0 1
vt 0 1
vt 0 1
vt 0 1
vt 0 1
vt 0 1
vt 0 1
vt 0 1
vt 0 1
vt 0 1
vt 0 1
vt 0 1
vt 0 1
vt 0 1
vt 0 1
vt 0 1
vt 0 1
vt 0 1
vt 0 1
vt 0 1
vt 0 1
vt 0 1
vt 0 1
vt 0 1
vt 0 1
vt 0 1
vt 0 1
vt 0 1
vt 0 1
vt 0 1
vt 0 1
vt 0 1
vt 0 1
vt 0 1
vt 0 1
vt 0 1
vt 0 1
vt 0 1
vt 0 1
vt 0 1
vt 0 1
vt 0 1
vt 0 1
vt 0 1
vt 0 1
vt 0 1
vt 0 1
vt 0 1
vt 0 1
vt 0 1
vt 0 1
vt 0 1
vt 0 1
vt 0 1
vt 0 1
vt 0 1
vt 0 1
vt 0 1
vt 0 1
vt 0 1
vt 0 1
vt 0 1
vt 0 1
vt 0 1
vt 0 1
vt 0 1
vt 0 1
vt 0 1
vt 0 1
vt 0 1
vt 0 1
vt 0 1
vt 0 1
vt 0 1
vt 0 1
vt 0 1
vt 0 1
vt 0 1
vt 0 1
vt 0 1
vt 0 1
vt 0 1
vt 0 1
vt 0 1
vt 0 1
vt 0 1
vt 0 1
vt 0 1
vt 0 1
vt 0 1
vt 0 1
vt 0 1
vt 0 1
vt 0 1
vt 0 1
vt 0 1
vn 0.9659258262890683 0 0.25881904510252063
vn 0 1 0
vn 0 -1 0
vn 0.7071067811865476 0 0.7071067811865476
vn 0 1 0
vn 0 -1 0
vn 0.25881904510252085 0 0.9659258262890683
vn 0 1 0
vn 0 -1 0
vn -0.2588190451025207 0 0.9659258262890683
vn 0 1 0
vn 0 -1 0
vn -0.7071067811865475 0 0.7071067811865477
vn 0 1 0
vn 0 -1 0
vn -0.9659258262890683 0 0.2588190451025207
vn 0 1 0
vn 0 -1 0
vn -0.9659258262890684 0 -0.2588190451025208
vn 0 1 0
vn 0 -1 0
vn -0.7071067811865478 0 -0.7071067811865474
vn 0 1 0
vn 0 -1 0
vn -0.258819045102521 0 -0.9659258262890682
vn 0 1 0
vn 0 -1 0
vn 0.2588190451025208 0 -0.9659258262890684
vn 0 1 0
vn 0 -1 0
vn 0.7071067811865474 0 -0.7071067811865478
vn 0 1 0
vn 0 -1 0
vn 0.9659258262890682 0 -0.2588190451025209
vn 0 1 0
vn 0 -1 0
usemtl m_21dfc73d-e759-16df-5aa7-f8adf0285105
f 1907/6121/1591 1909/6122/1591 1910/6123/1591 1908/6124/1591
f 1909/6125/1592 1907/6126/1592 1905/6127/1592
f 1908/6128/1593 1910/6129/1593 1906/6130/1593
f 1909/6131/1594 1911/6132/1594 1912/6133/1594 1910/6134/1594
f 1911/6135/1595 1909/6136/1595 1905/6137/1595
f 1910/6138/1596 1912/6139/1596 1906/6140/1596
f 1911/6141/1597 1913/6142/1597 1914/6143/1597 1912/6144/1597
f 1913/6145/1598 1911/6146/1598 1905/6147/1598
f 1912/6148/1599 1914/6149/1599 1906/6150/1599
f 1913/6151/1600 1915/6152/1600 1916/6153/1600 1914/6154/1600
f 1915/6155/1601 1913/6156/1601 1905/6157/1601
f 1914/6158/1602 1916/6159/1602 1906/6160/1602
f 1915/6161/1603 1917/6162/1603 1918/6163/1603 1916/6164/1603
f 1917/6165/1604 1915/6166/1604 1905/6167/1604
f 1916/6168/1605 1918/6169/1605 1906/6170/1605
f 1917/6171/1606 1919/6172/1606 1920/6173/1606 1918/6174/1606
f 1919/6175/1607 1917/6176/1607 1905/6177/1607
f 1918/6178/1608 1920/6179/1608 1906/6180/1608
f 1919/6181/1609 1921/6182/1609 1922/6183/1609 1920/6184/1609
f 1921/6185/1610 1919/6186/1610 1905/6187/1610
f 1920/6188/1611 1922/6189/1611 1906/6190/1611
f 1921/6191/1612 1923/6192/1612 1924/6193/1612 1922/6194/1612
f 1923/6195/1613 1921/6196/1613 1905/6197/1613
f 1922/6198/1614 1924/6199/1614 1906/6200/1614
f 1923/6201/1615 1925/6202/1615 1926/6203/1615 1924/6204/1615
f 1925/6205/1616 1923/6206/1616 1905/6207/1616
f 1924/6208/1617 1926/6209/1617 1906/6210/1617
f 1925/6211/1618 1927/6212/1618 1928/6213/1618 1926/6214/1618
f 1927/6215/1619 1925/6216/1619 1905/6217/1619
f 1926/6218/1620 1928/6219/1620 1906/6220/1620
f 1927/6221/1621 1929/6222/1621 1930/6223/1621 1928/6224/1621
f 1929/6225/1622 1927/6226/1622 1905/6227/1622
f 1928/6228/1623 1930/6229/1623 1906/6230/1623
f 1929/6231/1624 1907/6232/1624 1908/6233/1624 1930/6234/1624
f 1907/6235/1625 1929/6236/1625 1905/6237/1625
f 1930/6238/1626 1908/6239/1626 1906/6240/1626
o Fresh juice in jug
v -0.3125 1.1125 0.175
v -0.3125 1.05 0.175
v -0.2359375 1.1125 0.175
v -0.2359375 1.05 0.175
v -0.2461949300227539 1.1125 0.21328124999999998
v -0.2461949300227539 1.05 0.21328124999999998
v -0.27421875 1.1125 0.24130506997724607
v -0.27421875 1.05 0.24130506997724607
v -0.3125 1.1125 0.2515625
v -0.3125 1.05 0.2515625
v -0.35078125 1.1125 0.2413050699772461
v -0.35078125 1.05 0.2413050699772461
v -0.3788050699772461 1.1125 0.21328124999999998
v -0.3788050699772461 1.05 0.21328124999999998
v -0.3890625 1.1125 0.175
v -0.3890625 1.05 0.175
v -0.37880506997724606 1.1125 0.13671874999999997
v -0.37880506997724606 1.05 0.13671874999999997
v -0.35078125000000004 1.1125 0.10869493002275392
v -0.35078125000000004 1.05 0.10869493002275392
v -0.3125 1.1125 0.09843749999999998
v -0.3125 1.05 0.09843749999999998
v -0.27421875 1.1125 0.1086949300227539
v -0.27421875 1.05 0.1086949300227539
v -0.24619493002275394 1.1125 0.13671874999999994
v -0.24619493002275394 1.05 0.13671874999999994
vt 0 1
vt 0 1
vt 0 1
vt 0 1
vt 0 1
vt 0 1
vt 0 1
vt 0 1
vt 0 1
vt 0 1
vt 0 1
vt 0 1
vt 0 1
vt 0 1
vt 0 1
vt 0 1
vt 0 1
vt 0 1
vt 0 1
vt 0 1
vt 0 1
vt 0 1
vt 0 1
vt 0 1
vt 0 1
vt 0 1
vt 0 1
vt 0 1
vt 0 1
vt 0 1
vt 0 1
vt 0 1
vt 0 1
vt 0 1
vt 0 1
vt 0 1
vt 0 1
vt 0 1
vt 0 1
vt 0 1
vt 0 1
vt 0 1
vt 0 1
vt 0 1
vt 0 1
vt 0 1
vt 0 1
vt 0 1
vt 0 1
vt 0 1
vt 0 1
vt 0 1
vt 0 1
vt 0 1
vt 0 1
vt 0 1
vt 0 1
vt 0 1
vt 0 1
vt 0 1
vt 0 1
vt 0 1
vt 0 1
vt 0 1
vt 0 1
vt 0 1
vt 0 1
vt 0 1
vt 0 1
vt 0 1
vt 0 1
vt 0 1
vt 0 1
vt 0 1
vt 0 1
vt 0 1
vt 0 1
vt 0 1
vt 0 1
vt 0 1
vt 0 1
vt 0 1
vt 0 1
vt 0 1
vt 0 1
vt 0 1
vt 0 1
vt 0 1
vt 0 1
vt 0 1
vt 0 1
vt 0 1
vt 0 1
vt 0 1
vt 0 1
vt 0 1
vt 0 1
vt 0 1
vt 0 1
vt 0 1
vt 0 1
vt 0 1
vt 0 1
vt 0 1
vt 0 1
vt 0 1
vt 0 1
vt 0 1
vt 0 1
vt 0 1
vt 0 1
vt 0 1
vt 0 1
vt 0 1
vt 0 1
vt 0 1
vt 0 1
vt 0 1
vt 0 1
vt 0 1
vn 0.9659258262890684 0 0.25881904510252063
vn 0 1 0
vn 0 -1 0
vn 0.7071067811865476 0 0.7071067811865476
vn 0 1 0
vn 0 -1 0
vn 0.2588190451025209 0 0.9659258262890683
vn 0 1 0
vn 0 -1 0
vn -0.25881904510252063 0 0.9659258262890684
vn 0 1 0
vn 0 -1 0
vn -0.7071067811865475 0 0.7071067811865476
vn 0 1 0
vn 0 -1 0
vn -0.9659258262890683 0 0.25881904510252063
vn 0 1 0
vn 0 -1 0
vn -0.9659258262890683 0 -0.2588190451025208
vn 0 1 0
vn 0 -1 0
vn -0.7071067811865477 0 -0.7071067811865474
vn 0 1 0
vn 0 -1 0
vn -0.25881904510252113 0 -0.9659258262890683
vn 0 1 0
vn 0 -1 0
vn 0.25881904510252074 0 -0.9659258262890683
vn 0 1 0
vn 0 -1 0
vn 0.7071067811865474 0 -0.7071067811865477
vn 0 1 0
vn 0 -1 0
vn 0.9659258262890683 0 -0.258819045102521
vn 0 1 0
vn 0 -1 0
usemtl m_719a2801-c655-ef30-226f-ce277e99db15
f 1933/6241/1627 1935/6242/1627 1936/6243/1627 1934/6244/1627
f 1935/6245/1628 1933/6246/1628 1931/6247/1628
f 1934/6248/1629 1936/6249/1629 1932/6250/1629
f 1935/6251/1630 1937/6252/1630 1938/6253/1630 1936/6254/1630
f 1937/6255/1631 1935/6256/1631 1931/6257/1631
f 1936/6258/1632 1938/6259/1632 1932/6260/1632
f 1937/6261/1633 1939/6262/1633 1940/6263/1633 1938/6264/1633
f 1939/6265/1634 1937/6266/1634 1931/6267/1634
f 1938/6268/1635 1940/6269/1635 1932/6270/1635
f 1939/6271/1636 1941/6272/1636 1942/6273/1636 1940/6274/1636
f 1941/6275/1637 1939/6276/1637 1931/6277/1637
f 1940/6278/1638 1942/6279/1638 1932/6280/1638
f 1941/6281/1639 1943/6282/1639 1944/6283/1639 1942/6284/1639
f 1943/6285/1640 1941/6286/1640 1931/6287/1640
f 1942/6288/1641 1944/6289/1641 1932/6290/1641
f 1943/6291/1642 1945/6292/1642 1946/6293/1642 1944/6294/1642
f 1945/6295/1643 1943/6296/1643 1931/6297/1643
f 1944/6298/1644 1946/6299/1644 1932/6300/1644
f 1945/6301/1645 1947/6302/1645 1948/6303/1645 1946/6304/1645
f 1947/6305/1646 1945/6306/1646 1931/6307/1646
f 1946/6308/1647 1948/6309/1647 1932/6310/1647
f 1947/6311/1648 1949/6312/1648 1950/6313/1648 1948/6314/1648
f 1949/6315/1649 1947/6316/1649 1931/6317/1649
f 1948/6318/1650 1950/6319/1650 1932/6320/1650
f 1949/6321/1651 1951/6322/1651 1952/6323/1651 1950/6324/1651
f 1951/6325/1652 1949/6326/1652 1931/6327/1652
f 1950/6328/1653 1952/6329/1653 1932/6330/1653
f 1951/6331/1654 1953/6332/1654 1954/6333/1654 1952/6334/1654
f 1953/6335/1655 1951/6336/1655 1931/6337/1655
f 1952/6338/1656 1954/6339/1656 1932/6340/1656
f 1953/6341/1657 1955/6342/1657 1956/6343/1657 1954/6344/1657
f 1955/6345/1658 1953/6346/1658 1931/6347/1658
f 1954/6348/1659 1956/6349/1659 1932/6350/1659
f 1955/6351/1660 1933/6352/1660 1934/6353/1660 1956/6354/1660
f 1933/6355/1661 1955/6356/1661 1931/6357/1661
f 1956/6358/1662 1934/6359/1662 1932/6360/1662
o Jug mouth rim
v -0.3125 1.1375 0.175
v -0.3125 1.075 0.175
v -0.225 1.1375 0.175
v -0.225 1.075 0.175
v -0.23672277716886161 1.1375 0.21874999999999997
v -0.23672277716886161 1.075 0.21874999999999997
v -0.26875 1.1375 0.25077722283113835
v -0.26875 1.075 0.25077722283113835
v -0.3125 1.1375 0.26249999999999996
v -0.3125 1.075 0.26249999999999996
v -0.35624999999999996 1.1375 0.25077722283113835
v -0.35624999999999996 1.075 0.25077722283113835
v -0.3882772228311384 1.1375 0.21874999999999997
v -0.3882772228311384 1.075 0.21874999999999997
v -0.4 1.1375 0.175
v -0.4 1.075 0.175
v -0.38827722283113836 1.1375 0.13124999999999998
v -0.38827722283113836 1.075 0.13124999999999998
v -0.35625000000000007 1.1375 0.09922277716886163
v -0.35625000000000007 1.075 0.09922277716886163
v -0.3125 1.1375 0.0875
v -0.3125 1.075 0.0875
v -0.26875 1.1375 0.09922277716886162
v -0.26875 1.075 0.09922277716886162
v -0.23672277716886164 1.1375 0.13124999999999995
v -0.23672277716886164 1.075 0.13124999999999995
vt 0 1
vt 0 1
vt 0 1
vt 0 1
vt 0 1
vt 0 1
vt 0 1
vt 0 1
vt 0 1
vt 0 1
vt 0 1
vt 0 1
vt 0 1
vt 0 1
vt 0 1
vt 0 1
vt 0 1
vt 0 1
vt 0 1
vt 0 1
vt 0 1
vt 0 1
vt 0 1
vt 0 1
vt 0 1
vt 0 1
vt 0 1
vt 0 1
vt 0 1
vt 0 1
vt 0 1
vt 0 1
vt 0 1
vt 0 1
vt 0 1
vt 0 1
vt 0 1
vt 0 1
vt 0 1
vt 0 1
vt 0 1
vt 0 1
vt 0 1
vt 0 1
vt 0 1
vt 0 1
vt 0 1
vt 0 1
vt 0 1
vt 0 1
vt 0 1
vt 0 1
vt 0 1
vt 0 1
vt 0 1
vt 0 1
vt 0 1
vt 0 1
vt 0 1
vt 0 1
vt 0 1
vt 0 1
vt 0 1
vt 0 1
vt 0 1
vt 0 1
vt 0 1
vt 0 1
vt 0 1
vt 0 1
vt 0 1
vt 0 1
vt 0 1
vt 0 1
vt 0 1
vt 0 1
vt 0 1
vt 0 1
vt 0 1
vt 0 1
vt 0 1
vt 0 1
vt 0 1
vt 0 1
vt 0 1
vt 0 1
vt 0 1
vt 0 1
vt 0 1
vt 0 1
vt 0 1
vt 0 1
vt 0 1
vt 0 1
vt 0 1
vt 0 1
vt 0 1
vt 0 1
vt 0 1
vt 0 1
vt 0 1
vt 0 1
vt 0 1
vt 0 1
vt 0 1
vt 0 1
vt 0 1
vt 0 1
vt 0 1
vt 0 1
vt 0 1
vt 0 1
vt 0 1
vt 0 1
vt 0 1
vt 0 1
vt 0 1
vt 0 1
vt 0 1
vt 0 1
vn 0.9659258262890683 0 0.25881904510252063
vn 0 1 0
vn 0 -1 0
vn 0.7071067811865476 0 0.7071067811865476
vn 0 1 0
vn 0 -1 0
vn 0.2588190451025209 0 0.9659258262890684
vn 0 1 0
vn 0 -1 0
vn -0.25881904510252063 0 0.9659258262890683
vn 0 1 0
vn 0 -1 0
vn -0.7071067811865474 0 0.7071067811865477
vn 0 1 0
vn 0 -1 0
vn -0.9659258262890683 0 0.2588190451025207
vn 0 1 0
vn 0 -1 0
vn -0.9659258262890683 0 -0.25881904510252074
vn 0 1 0
vn 0 -1 0
vn -0.7071067811865478 0 -0.7071067811865474
vn 0 1 0
vn 0 -1 0
vn -0.258819045102521 0 -0.9659258262890682
vn 0 1 0
vn 0 -1 0
vn 0.25881904510252074 0 -0.9659258262890683
vn 0 1 0
vn 0 -1 0
vn 0.7071067811865474 0 -0.7071067811865478
vn 0 1 0
vn 0 -1 0
vn 0.9659258262890682 0 -0.2588190451025209
vn 0 1 0
vn 0 -1 0
usemtl m_d8f9e20d-cb26-cbd2-2d92-4056c16cacbf
f 1959/6361/1663 1961/6362/1663 1962/6363/1663 1960/6364/1663
f 1961/6365/1664 1959/6366/1664 1957/6367/1664
f 1960/6368/1665 1962/6369/1665 1958/6370/1665
f 1961/6371/1666 1963/6372/1666 1964/6373/1666 1962/6374/1666
f 1963/6375/1667 1961/6376/1667 1957/6377/1667
f 1962/6378/1668 1964/6379/1668 1958/6380/1668
f 1963/6381/1669 1965/6382/1669 1966/6383/1669 1964/6384/1669
f 1965/6385/1670 1963/6386/1670 1957/6387/1670
f 1964/6388/1671 1966/6389/1671 1958/6390/1671
f 1965/6391/1672 1967/6392/1672 1968/6393/1672 1966/6394/1672
f 1967/6395/1673 1965/6396/1673 1957/6397/1673
f 1966/6398/1674 1968/6399/1674 1958/6400/1674
f 1967/6401/1675 1969/6402/1675 1970/6403/1675 1968/6404/1675
f 1969/6405/1676 1967/6406/1676 1957/6407/1676
f 1968/6408/1677 1970/6409/1677 1958/6410/1677
f 1969/6411/1678 1971/6412/1678 1972/6413/1678 1970/6414/1678
f 1971/6415/1679 1969/6416/1679 1957/6417/1679
f 1970/6418/1680 1972/6419/1680 1958/6420/1680
f 1971/6421/1681 1973/6422/1681 1974/6423/1681 1972/6424/1681
f 1973/6425/1682 1971/6426/1682 1957/6427/1682
f 1972/6428/1683 1974/6429/1683 1958/6430/1683
f 1973/6431/1684 1975/6432/1684 1976/6433/1684 1974/6434/1684
f 1975/6435/1685 1973/6436/1685 1957/6437/1685
f 1974/6438/1686 1976/6439/1686 1958/6440/1686
f 1975/6441/1687 1977/6442/1687 1978/6443/1687 1976/6444/1687
f 1977/6445/1688 1975/6446/1688 1957/6447/1688
f 1976/6448/1689 1978/6449/1689 1958/6450/1689
f 1977/6451/1690 1979/6452/1690 1980/6453/1690 1978/6454/1690
f 1979/6455/1691 1977/6456/1691 1957/6457/1691
f 1978/6458/1692 1980/6459/1692 1958/6460/1692
f 1979/6461/1693 1981/6462/1693 1982/6463/1693 1980/6464/1693
f 1981/6465/1694 1979/6466/1694 1957/6467/1694
f 1980/6468/1695 1982/6469/1695 1958/6470/1695
f 1981/6471/1696 1959/6472/1696 1960/6473/1696 1982/6474/1696
f 1959/6475/1697 1981/6476/1697 1957/6477/1697
f 1982/6478/1698 1960/6479/1698 1958/6480/1698
o Jug shadow opening
v -0.3125 1.169375 0.175
v -0.3125 1.106875 0.175
v -0.24375 1.169375 0.175
v -0.24375 1.106875 0.175
v -0.25296075348981983 1.169375 0.20937499999999998
v -0.25296075348981983 1.106875 0.20937499999999998
v -0.278125 1.169375 0.23453924651018015
v -0.278125 1.106875 0.23453924651018015
v -0.3125 1.169375 0.24375
v -0.3125 1.106875 0.24375
v -0.346875 1.169375 0.23453924651018015
v -0.346875 1.106875 0.23453924651018015
v -0.37203924651018017 1.169375 0.20937499999999998
v -0.37203924651018017 1.106875 0.20937499999999998
v -0.38125 1.169375 0.175
v -0.38125 1.106875 0.175
v -0.37203924651018017 1.169375 0.14062499999999997
v -0.37203924651018017 1.106875 0.14062499999999997
v -0.34687500000000004 1.169375 0.11546075348981985
v -0.34687500000000004 1.106875 0.11546075348981985
v -0.3125 1.169375 0.10624999999999998
v -0.3125 1.106875 0.10624999999999998
v -0.278125 1.169375 0.11546075348981982
v -0.278125 1.106875 0.11546075348981982
v -0.25296075348981983 1.169375 0.14062499999999994
v -0.25296075348981983 1.106875 0.14062499999999994
vt 0 1
vt 0 1
vt 0 1
vt 0 1
vt 0 1
vt 0 1
vt 0 1
vt 0 1
vt 0 1
vt 0 1
vt 0 1
vt 0 1
vt 0 1
vt 0 1
vt 0 1
vt 0 1
vt 0 1
vt 0 1
vt 0 1
vt 0 1
vt 0 1
vt 0 1
vt 0 1
vt 0 1
vt 0 1
vt 0 1
vt 0 1
vt 0 1
vt 0 1
vt 0 1
vt 0 1
vt 0 1
vt 0 1
vt 0 1
vt 0 1
vt 0 1
vt 0 1
vt 0 1
vt 0 1
vt 0 1
vt 0 1
vt 0 1
vt 0 1
vt 0 1
vt 0 1
vt 0 1
vt 0 1
vt 0 1
vt 0 1
vt 0 1
vt 0 1
vt 0 1
vt 0 1
vt 0 1
vt 0 1
vt 0 1
vt 0 1
vt 0 1
vt 0 1
vt 0 1
vt 0 1
vt 0 1
vt 0 1
vt 0 1
vt 0 1
vt 0 1
vt 0 1
vt 0 1
vt 0 1
vt 0 1
vt 0 1
vt 0 1
vt 0 1
vt 0 1
vt 0 1
vt 0 1
vt 0 1
vt 0 1
vt 0 1
vt 0 1
vt 0 1
vt 0 1
vt 0 1
vt 0 1
vt 0 1
vt 0 1
vt 0 1
vt 0 1
vt 0 1
vt 0 1
vt 0 1
vt 0 1
vt 0 1
vt 0 1
vt 0 1
vt 0 1
vt 0 1
vt 0 1
vt 0 1
vt 0 1
vt 0 1
vt 0 1
vt 0 1
vt 0 1
vt 0 1
vt 0 1
vt 0 1
vt 0 1
vt 0 1
vt 0 1
vt 0 1
vt 0 1
vt 0 1
vt 0 1
vt 0 1
vt 0 1
vt 0 1
vt 0 1
vt 0 1
vt 0 1
vn 0.9659258262890684 0 0.25881904510252074
vn 0 1 0
vn 0 -1 0
vn 0.7071067811865476 0 0.7071067811865475
vn 0 1 0
vn 0 -1 0
vn 0.25881904510252085 0 0.9659258262890683
vn 0 1 0
vn 0 -1 0
vn -0.25881904510252074 0 0.9659258262890684
vn 0 1 0
vn 0 -1 0
vn -0.7071067811865475 0 0.7071067811865476
vn 0 1 0
vn 0 -1 0
vn -0.9659258262890684 0 0.2588190451025208
vn 0 1 0
vn 0 -1 0
vn -0.9659258262890683 0 -0.25881904510252074
vn 0 1 0
vn 0 -1 0
vn -0.7071067811865477 0 -0.7071067811865475
vn 0 1 0
vn 0 -1 0
vn -0.25881904510252113 0 -0.9659258262890683
vn 0 1 0
vn 0 -1 0
vn 0.2588190451025207 0 -0.9659258262890683
vn 0 1 0
vn 0 -1 0
vn 0.7071067811865475 0 -0.7071067811865477
vn 0 1 0
vn 0 -1 0
vn 0.9659258262890683 0 -0.258819045102521
vn 0 1 0
vn 0 -1 0
usemtl m_b857fb66-1ffc-7849-b518-f1f88c078ca1
f 1985/6481/1699 1987/6482/1699 1988/6483/1699 1986/6484/1699
f 1987/6485/1700 1985/6486/1700 1983/6487/1700
f 1986/6488/1701 1988/6489/1701 1984/6490/1701
f 1987/6491/1702 1989/6492/1702 1990/6493/1702 1988/6494/1702
f 1989/6495/1703 1987/6496/1703 1983/6497/1703
f 1988/6498/1704 1990/6499/1704 1984/6500/1704
f 1989/6501/1705 1991/6502/1705 1992/6503/1705 1990/6504/1705
f 1991/6505/1706 1989/6506/1706 1983/6507/1706
f 1990/6508/1707 1992/6509/1707 1984/6510/1707
f 1991/6511/1708 1993/6512/1708 1994/6513/1708 1992/6514/1708
f 1993/6515/1709 1991/6516/1709 1983/6517/1709
f 1992/6518/1710 1994/6519/1710 1984/6520/1710
f 1993/6521/1711 1995/6522/1711 1996/6523/1711 1994/6524/1711
f 1995/6525/1712 1993/6526/1712 1983/6527/1712
f 1994/6528/1713 1996/6529/1713 1984/6530/1713
f 1995/6531/1714 1997/6532/1714 1998/6533/1714 1996/6534/1714
f 1997/6535/1715 1995/6536/1715 1983/6537/1715
f 1996/6538/1716 1998/6539/1716 1984/6540/1716
f 1997/6541/1717 1999/6542/1717 2000/6543/1717 1998/6544/1717
f 1999/6545/1718 1997/6546/1718 1983/6547/1718
f 1998/6548/1719 2000/6549/1719 1984/6550/1719
f 1999/6551/1720 2001/6552/1720 2002/6553/1720 2000/6554/1720
f 2001/6555/1721 1999/6556/1721 1983/6557/1721
f 2000/6558/1722 2002/6559/1722 1984/6560/1722
f 2001/6561/1723 2003/6562/1723 2004/6563/1723 2002/6564/1723
f 2003/6565/1724 2001/6566/1724 1983/6567/1724
f 2002/6568/1725 2004/6569/1725 1984/6570/1725
f 2003/6571/1726 2005/6572/1726 2006/6573/1726 2004/6574/1726
f 2005/6575/1727 2003/6576/1727 1983/6577/1727
f 2004/6578/1728 2006/6579/1728 1984/6580/1728
f 2005/6581/1729 2007/6582/1729 2008/6583/1729 2006/6584/1729
f 2007/6585/1730 2005/6586/1730 1983/6587/1730
f 2006/6588/1731 2008/6589/1731 1984/6590/1731
f 2007/6591/1732 1985/6592/1732 1986/6593/1732 2008/6594/1732
f 1985/6595/1733 2007/6596/1733 1983/6597/1733
f 2008/6598/1734 1986/6599/1734 1984/6600/1734
o Bottle rack base
v 0.6375 1.025 -0.265625
v 0.6375 1.025 -0.44375
v 0.6375 1.0031250000000003 -0.265625
v 0.6375 1.0031250000000003 -0.44375
v 0 1.025 -0.44375
v 0 1.025 -0.265625
v 0 1.0031250000000003 -0.44375
v 0 1.0031250000000003 -0.265625
vt 0 1
vt 0.6375 1
vt 0.6375 0.9781250000000001
vt 0 0.9781250000000001
vt 0 1
vt 0.17812499999999998 1
vt 0.17812499999999998 0.9781250000000001
vt 0 0.9781250000000001
vt 0 1
vt 0.6375 1
vt 0.6375 0.9781250000000001
vt 0 0.9781250000000001
vt 0 1
vt 0.17812499999999998 1
vt 0.17812499999999998 0.9781250000000001
vt 0 0.9781250000000001
vt 0 1
vt 0.6375 1
vt 0.6375 0.821875
vt 0 0.821875
vt 0 1
vt 0.6375 1
vt 0.6375 0.821875
vt 0 0.821875
vn 0 0 -1
vn 1 0 0
vn 0 0 1
vn -1 0 0
vn 0 1 0
vn 0 -1 0
usemtl m_b857fb66-1ffc-7849-b518-f1f88c078ca1
f 2012/6604/1735 2015/6603/1735 2013/6602/1735 2010/6601/1735
f 2011/6608/1736 2012/6607/1736 2010/6606/1736 2009/6605/1736
f 2016/6612/1737 2011/6611/1737 2009/6610/1737 2014/6609/1737
f 2015/6616/1738 2016/6615/1738 2014/6614/1738 2013/6613/1738
f 2014/6620/1739 2009/6619/1739 2010/6618/1739 2013/6617/1739
f 2015/6624/1740 2012/6623/1740 2011/6622/1740 2016/6621/1740
o Bottle rack rear rail
v 0.6375 1.0625 -0.428125
v 0.6375 1.0625 -0.44375
v 0.6375 1.025 -0.428125
v 0.6375 1.025 -0.44375
v 0 1.0625 -0.44375
v 0 1.0625 -0.428125
v 0 1.025 -0.44375
v 0 1.025 -0.428125
vt 0 1
vt 0.6375 1
vt 0.6375 0.9624999999999999
vt 0 0.9624999999999999
vt 0 1
vt 0.015625 1
vt 0.015625 0.9624999999999999
vt 0 0.9624999999999999
vt 0 1
vt 0.6375 1
vt 0.6375 0.9624999999999999
vt 0 0.9624999999999999
vt 0 1
vt 0.015625 1
vt 0.015625 0.9624999999999999
vt 0 0.9624999999999999
vt 0 1
vt 0.6375 1
vt 0.6375 0.984375
vt 0 0.984375
vt 0 1
vt 0.6375 1
vt 0.6375 0.984375
vt 0 0.984375
vn 0 0 -1
vn 1 0 0
vn 0 0 1
vn -1 0 0
vn 0 1 0
vn 0 -1 0
usemtl m_d8f9e20d-cb26-cbd2-2d92-4056c16cacbf
f 2020/6628/1741 2023/6627/1741 2021/6626/1741 2018/6625/1741
f 2019/6632/1742 2020/6631/1742 2018/6630/1742 2017/6629/1742
f 2024/6636/1743 2019/6635/1743 2017/6634/1743 2022/6633/1743
f 2023/6640/1744 2024/6639/1744 2022/6638/1744 2021/6637/1744
f 2022/6644/1745 2017/6643/1745 2018/6642/1745 2021/6641/1745
f 2023/6648/1746 2020/6647/1746 2019/6646/1746 2024/6645/1746
o Sunburst orange Juice body
v 0.14250000000000002 1.1600000000000001 -0.28875
v 0.14250000000000002 1.1600000000000001 -0.42375
v 0.14250000000000002 1.037375 -0.28875
v 0.14250000000000002 1.037375 -0.42375
v 0.007499999999999993 1.1600000000000001 -0.42375
v 0.007499999999999993 1.1600000000000001 -0.28875
v 0.007499999999999993 1.037375 -0.42375
v 0.007499999999999993 1.037375 -0.28875
vt 0.25 1
vt 0.5 1
vt 0.5 0.75
vt 0.25 0.75
vt 0.25 1
vt 0.5 1
vt 0.5 0.75
vt 0.25 0.75
vt 0.25 1
vt 0.5 1
vt 0.5 0.75
vt 0.25 0.75
vt 0.25 1
vt 0.5 1
vt 0.5 0.75
vt 0.25 0.75
vt 0.25 1
vt 0.5 1
vt 0.5 0.75
vt 0.25 0.75
vt 0.25 1
vt 0.5 1
vt 0.5 0.75
vt 0.25 0.75
vn 0 0 -1
vn 1 0 0
vn 0 0 1
vn -1 0 0
vn 0 1 0
vn 0 -1 0
usemtl m_cf1e1312-87d9-84d9-97b6-77896c5c9f97
f 2028/6652/1747 2031/6651/1747 2029/6650/1747 2026/6649/1747
f 2027/6656/1748 2028/6655/1748 2026/6654/1748 2025/6653/1748
f 2032/6660/1749 2027/6659/1749 2025/6658/1749 2030/6657/1749
f 2031/6664/1750 2032/6663/1750 2030/6662/1750 2029/6661/1750
f 2030/6668/1751 2025/6667/1751 2026/6666/1751 2029/6665/1751
f 2031/6672/1752 2028/6671/1752 2027/6670/1752 2032/6669/1752
o Sunburst orange Thick glass base
v 0.143625 1.037375 -0.287625
v 0.143625 1.037375 -0.424875
v 0.143625 1.025 -0.287625
v 0.143625 1.025 -0.424875
v 0.006375000000000006 1.037375 -0.424875
v 0.006375000000000006 1.037375 -0.287625
v 0.006375000000000006 1.025 -0.424875
v 0.006375000000000006 1.025 -0.287625
vt 0 1
vt 0.25 1
vt 0.25 0.75
vt 0 0.75
vt 0 1
vt 0.25 1
vt 0.25 0.75
vt 0 0.75
vt 0 1
vt 0.25 1
vt 0.25 0.75
vt 0 0.75
vt 0 1
vt 0.25 1
vt 0.25 0.75
vt 0 0.75
vt 0 1
vt 0.25 1
vt 0.25 0.75
vt 0 0.75
vt 0 1
vt 0.25 1
vt 0.25 0.75
vt 0 0.75
vn 0 0 -1
vn 1 0 0
vn 0 0 1
vn -1 0 0
vn 0 1 0
vn 0 -1 0
usemtl m_cf1e1312-87d9-84d9-97b6-77896c5c9f97
f 2036/6676/1753 2039/6675/1753 2037/6674/1753 2034/6673/1753
f 2035/6680/1754 2036/6679/1754 2034/6678/1754 2033/6677/1754
f 2040/6684/1755 2035/6683/1755 2033/6682/1755 2038/6681/1755
f 2039/6688/1756 2040/6687/1756 2038/6686/1756 2037/6685/1756
f 2038/6692/1757 2033/6691/1757 2034/6690/1757 2037/6689/1757
f 2039/6696/1758 2036/6695/1758 2035/6694/1758 2040/6693/1758
o Sunburst orange Juice shoulder wide
v 0.13124999999999998 1.178 -0.30000000000000004
v 0.13124999999999998 1.178 -0.4125
v 0.13124999999999998 1.1600000000000001 -0.30000000000000004
v 0.13124999999999998 1.1600000000000001 -0.4125
v 0.018749999999999996 1.178 -0.4125
v 0.018749999999999996 1.178 -0.30000000000000004
v 0.018749999999999996 1.1600000000000001 -0.4125
v 0.018749999999999996 1.1600000000000001 -0.30000000000000004
vt 0.25 1
vt 0.5 1
vt 0.5 0.75
vt 0.25 0.75
vt 0.25 1
vt 0.5 1
vt 0.5 0.75
vt 0.25 0.75
vt 0.25 1
vt 0.5 1
vt 0.5 0.75
vt 0.25 0.75
vt 0.25 1
vt 0.5 1
vt 0.5 0.75
vt 0.25 0.75
vt 0.25 1
vt 0.5 1
vt 0.5 0.75
vt 0.25 0.75
vt 0.25 1
vt 0.5 1
vt 0.5 0.75
vt 0.25 0.75
vn 0 0 -1
vn 1 0 0
vn 0 0 1
vn -1 0 0
vn 0 1 0
vn 0 -1 0
usemtl m_cf1e1312-87d9-84d9-97b6-77896c5c9f97
f 2044/6700/1759 2047/6699/1759 2045/6698/1759 2042/6697/1759
f 2043/6704/1760 2044/6703/1760 2042/6702/1760 2041/6701/1760
f 2048/6708/1761 2043/6707/1761 2041/6706/1761 2046/6705/1761
f 2047/6712/1762 2048/6711/1762 2046/6710/1762 2045/6709/1762
f 2046/6716/1763 2041/6715/1763 2042/6714/1763 2045/6713/1763
f 2047/6720/1764 2044/6719/1764 2043/6718/1764 2048/6717/1764
o Sunburst orange Glass shoulder step
v 0.12 1.1959999999999997 -0.31125
v 0.12 1.1959999999999997 -0.40125
v 0.12 1.178 -0.31125
v 0.12 1.178 -0.40125
v 0.03 1.1959999999999997 -0.40125
v 0.03 1.1959999999999997 -0.31125
v 0.03 1.178 -0.40125
v 0.03 1.178 -0.31125
vt 0 1
vt 0.25 1
vt 0.25 0.75
vt 0 0.75
vt 0 1
vt 0.25 1
vt 0.25 0.75
vt 0 0.75
vt 0 1
vt 0.25 1
vt 0.25 0.75
vt 0 0.75
vt 0 1
vt 0.25 1
vt 0.25 0.75
vt 0 0.75
vt 0 1
vt 0.25 1
vt 0.25 0.75
vt 0 0.75
vt 0 1
vt 0.25 1
vt 0.25 0.75
vt 0 0.75
vn 0 0 -1
vn 1 0 0
vn 0 0 1
vn -1 0 0
vn 0 1 0
vn 0 -1 0
usemtl m_cf1e1312-87d9-84d9-97b6-77896c5c9f97
f 2052/6724/1765 2055/6723/1765 2053/6722/1765 2050/6721/1765
f 2051/6728/1766 2052/6727/1766 2050/6726/1766 2049/6725/1766
f 2056/6732/1767 2051/6731/1767 2049/6730/1767 2054/6729/1767
f 2055/6736/1768 2056/6735/1768 2054/6734/1768 2053/6733/1768
f 2054/6740/1769 2049/6739/1769 2050/6738/1769 2053/6737/1769
f 2055/6744/1770 2052/6743/1770 2051/6742/1770 2056/6741/1770
o Sunburst orange Glass neck
v 0.0975 1.26575 -0.33375
v 0.0975 1.26575 -0.37875000000000003
v 0.0975 1.196 -0.33375
v 0.0975 1.196 -0.37875000000000003
v 0.05249999999999999 1.26575 -0.37875000000000003
v 0.05249999999999999 1.26575 -0.33375
v 0.05249999999999999 1.196 -0.37875000000000003
v 0.05249999999999999 1.196 -0.33375
vt 0 1
vt 0.25 1
vt 0.25 0.75
vt 0 0.75
vt 0 1
vt 0.25 1
vt 0.25 0.75
vt 0 0.75
vt 0 1
vt 0.25 1
vt 0.25 0.75
vt 0 0.75
vt 0 1
vt 0.25 1
vt 0.25 0.75
vt 0 0.75
vt 0 1
vt 0.25 1
vt 0.25 0.75
vt 0 0.75
vt 0 1
vt 0.25 1
vt 0.25 0.75
vt 0 0.75
vn 0 0 -1
vn 1 0 0
vn 0 0 1
vn -1 0 0
vn 0 1 0
vn 0 -1 0
usemtl m_cf1e1312-87d9-84d9-97b6-77896c5c9f97
f 2060/6748/1771 2063/6747/1771 2061/6746/1771 2058/6745/1771
f 2059/6752/1772 2060/6751/1772 2058/6750/1772 2057/6749/1772
f 2064/6756/1773 2059/6755/1773 2057/6754/1773 2062/6753/1773
f 2063/6760/1774 2064/6759/1774 2062/6758/1774 2061/6757/1774
f 2062/6764/1775 2057/6763/1775 2058/6762/1775 2061/6761/1775
f 2063/6768/1776 2060/6767/1776 2059/6766/1776 2064/6765/1776
o Sunburst orange Juice inside neck
v 0.09412499999999999 1.2342499999999998 -0.33285
v 0.09412499999999999 1.2342499999999998 -0.33465
v 0.09412499999999999 1.1948750000000001 -0.33285
v 0.09412499999999999 1.1948750000000001 -0.33465
v 0.05587500000000001 1.2342499999999998 -0.33465
v 0.05587500000000001 1.2342499999999998 -0.33285
v 0.05587500000000001 1.1948750000000001 -0.33465
v 0.05587500000000001 1.1948750000000001 -0.33285
vt 0.25 1
vt 0.5 1
vt 0.5 0.75
vt 0.25 0.75
vt 0.25 1
vt 0.5 1
vt 0.5 0.75
vt 0.25 0.75
vt 0.25 1
vt 0.5 1
vt 0.5 0.75
vt 0.25 0.75
vt 0.25 1
vt 0.5 1
vt 0.5 0.75
vt 0.25 0.75
vt 0.25 1
vt 0.5 1
vt 0.5 0.75
vt 0.25 0.75
vt 0.25 1
vt 0.5 1
vt 0.5 0.75
vt 0.25 0.75
vn 0 0 -1
vn 1 0 0
vn 0 0 1
vn -1 0 0
vn 0 1 0
vn 0 -1 0
usemtl m_cf1e1312-87d9-84d9-97b6-77896c5c9f97
f 2068/6772/1777 2071/6771/1777 2069/6770/1777 2066/6769/1777
f 2067/6776/1778 2068/6775/1778 2066/6774/1778 2065/6773/1778
f 2072/6780/1779 2067/6779/1779 2065/6778/1779 2070/6777/1779
f 2071/6784/1780 2072/6783/1780 2070/6782/1780 2069/6781/1780
f 2070/6788/1781 2065/6787/1781 2066/6786/1781 2069/6785/1781
f 2071/6792/1782 2068/6791/1782 2067/6790/1782 2072/6789/1782
o Sunburst orange Brass neck collar
v 0.10199999999999998 1.2657499999999997 -0.32924999999999993
v 0.10199999999999998 1.2657499999999997 -0.38325
v 0.10199999999999998 1.251125 -0.32924999999999993
v 0.10199999999999998 1.251125 -0.38325
v 0.04799999999999999 1.2657499999999997 -0.38325
v 0.04799999999999999 1.2657499999999997 -0.32924999999999993
v 0.04799999999999999 1.251125 -0.38325
v 0.04799999999999999 1.251125 -0.32924999999999993
vt 0 0.75
vt 0.25 0.75
vt 0.25 0.5
vt 0 0.5
vt 0 0.75
vt 0.25 0.75
vt 0.25 0.5
vt 0 0.5
vt 0 0.75
vt 0.25 0.75
vt 0.25 0.5
vt 0 0.5
vt 0 0.75
vt 0.25 0.75
vt 0.25 0.5
vt 0 0.5
vt 0 0.75
vt 0.25 0.75
vt 0.25 0.5
vt 0 0.5
vt 0 0.75
vt 0.25 0.75
vt 0.25 0.5
vt 0 0.5
vn 0 0 -1
vn 1 0 0
vn 0 0 1
vn -1 0 0
vn 0 1 0
vn 0 -1 0
usemtl m_cf1e1312-87d9-84d9-97b6-77896c5c9f97
f 2076/6796/1783 2079/6795/1783 2077/6794/1783 2074/6793/1783
f 2075/6800/1784 2076/6799/1784 2074/6798/1784 2073/6797/1784
f 2080/6804/1785 2075/6803/1785 2073/6802/1785 2078/6801/1785
f 2079/6808/1786 2080/6807/1786 2078/6806/1786 2077/6805/1786
f 2078/6812/1787 2073/6811/1787 2074/6810/1787 2077/6809/1787
f 2079/6816/1788 2076/6815/1788 2075/6814/1788 2080/6813/1788
o Sunburst orange Cork stopper
v 0.09614999999999999 1.296125 -0.3351
v 0.09614999999999999 1.296125 -0.3774
v 0.09614999999999999 1.2657499999999997 -0.3351
v 0.09614999999999999 1.2657499999999997 -0.3774
v 0.05384999999999998 1.296125 -0.3774
v 0.05384999999999998 1.296125 -0.3351
v 0.05384999999999998 1.2657499999999997 -0.3774
v 0.05384999999999998 1.2657499999999997 -0.3351
vt 0.75 1
vt 1 1
vt 1 0.75
vt 0.75 0.75
vt 0.75 1
vt 1 1
vt 1 0.75
vt 0.75 0.75
vt 0.75 1
vt 1 1
vt 1 0.75
vt 0.75 0.75
vt 0.75 1
vt 1 1
vt 1 0.75
vt 0.75 0.75
vt 0.75 1
vt 1 1
vt 1 0.75
vt 0.75 0.75
vt 0.75 1
vt 1 1
vt 1 0.75
vt 0.75 0.75
vn 0 0 -1
vn 1 0 0
vn 0 0 1
vn -1 0 0
vn 0 1 0
vn 0 -1 0
usemtl m_cf1e1312-87d9-84d9-97b6-77896c5c9f97
f 2084/6820/1789 2087/6819/1789 2085/6818/1789 2082/6817/1789
f 2083/6824/1790 2084/6823/1790 2082/6822/1790 2081/6821/1790
f 2088/6828/1791 2083/6827/1791 2081/6826/1791 2086/6825/1791
f 2087/6832/1792 2088/6831/1792 2086/6830/1792 2085/6829/1792
f 2086/6836/1793 2081/6835/1793 2082/6834/1793 2085/6833/1793
f 2087/6840/1794 2084/6839/1794 2083/6838/1794 2088/6837/1794
o Sunburst orange Cork top cap
v 0.09839999999999997 1.30175 -0.33285000000000003
v 0.09839999999999997 1.30175 -0.37965
v 0.09839999999999997 1.289375 -0.33285000000000003
v 0.09839999999999997 1.289375 -0.37965
v 0.05159999999999999 1.30175 -0.37965
v 0.05159999999999999 1.30175 -0.33285000000000003
v 0.05159999999999999 1.289375 -0.37965
v 0.05159999999999999 1.289375 -0.33285000000000003
vt 0.75 1
vt 1 1
vt 1 0.75
vt 0.75 0.75
vt 0.75 1
vt 1 1
vt 1 0.75
vt 0.75 0.75
vt 0.75 1
vt 1 1
vt 1 0.75
vt 0.75 0.75
vt 0.75 1
vt 1 1
vt 1 0.75
vt 0.75 0.75
vt 0.75 1
vt 1 1
vt 1 0.75
vt 0.75 0.75
vt 0.75 1
vt 1 1
vt 1 0.75
vt 0.75 0.75
vn 0 0 -1
vn 1 0 0
vn 0 0 1
vn -1 0 0
vn 0 1 0
vn 0 -1 0
usemtl m_cf1e1312-87d9-84d9-97b6-77896c5c9f97
f 2092/6844/1795 2095/6843/1795 2093/6842/1795 2090/6841/1795
f 2091/6848/1796 2092/6847/1796 2090/6846/1796 2089/6845/1796
f 2096/6852/1797 2091/6851/1797 2089/6850/1797 2094/6849/1797
f 2095/6856/1798 2096/6855/1798 2094/6854/1798 2093/6853/1798
f 2094/6860/1799 2089/6859/1799 2090/6858/1799 2093/6857/1799
f 2095/6864/1800 2092/6863/1800 2091/6862/1800 2096/6861/1800
o Sunburst orange Stopper wax band
v 0.099075 1.2803749999999998 -0.332175
v 0.099075 1.2803749999999998 -0.380325
v 0.099075 1.273625 -0.332175
v 0.099075 1.273625 -0.380325
v 0.050925 1.2803749999999998 -0.380325
v 0.050925 1.2803749999999998 -0.332175
v 0.050925 1.273625 -0.380325
v 0.050925 1.273625 -0.332175
vt 0 0.75
vt 0.25 0.75
vt 0.25 0.5
vt 0 0.5
vt 0 0.75
vt 0.25 0.75
vt 0.25 0.5
vt 0 0.5
vt 0 0.75
vt 0.25 0.75
vt 0.25 0.5
vt 0 0.5
vt 0 0.75
vt 0.25 0.75
vt 0.25 0.5
vt 0 0.5
vt 0 0.75
vt 0.25 0.75
vt 0.25 0.5
vt 0 0.5
vt 0 0.75
vt 0.25 0.75
vt 0.25 0.5
vt 0 0.5
vn 0 0 -1
vn 1 0 0
vn 0 0 1
vn -1 0 0
vn 0 1 0
vn 0 -1 0
usemtl m_cf1e1312-87d9-84d9-97b6-77896c5c9f97
f 2100/6868/1801 2103/6867/1801 2101/6866/1801 2098/6865/1801
f 2099/6872/1802 2100/6871/1802 2098/6870/1802 2097/6869/1802
f 2104/6876/1803 2099/6875/1803 2097/6874/1803 2102/6873/1803
f 2103/6880/1804 2104/6879/1804 2102/6878/1804 2101/6877/1804
f 2102/6884/1805 2097/6883/1805 2098/6882/1805 2101/6881/1805
f 2103/6888/1806 2100/6887/1806 2099/6886/1806 2104/6885/1806
o Sunburst orange Front fruit label
v 0.12449999999999997 1.1273749999999998 -0.2874
v 0.12449999999999997 1.1273749999999998 -0.28874999999999995
v 0.12449999999999997 1.06325 -0.2874
v 0.12449999999999997 1.06325 -0.28874999999999995
v 0.025499999999999995 1.1273749999999998 -0.28874999999999995
v 0.025499999999999995 1.1273749999999998 -0.2874
v 0.025499999999999995 1.06325 -0.28874999999999995
v 0.025499999999999995 1.06325 -0.2874
vt 0.5 1
vt 0.75 1
vt 0.75 0.75
vt 0.5 0.75
vt 0.5 1
vt 0.75 1
vt 0.75 0.75
vt 0.5 0.75
vt 0.5 1
vt 0.75 1
vt 0.75 0.75
vt 0.5 0.75
vt 0.5 1
vt 0.75 1
vt 0.75 0.75
vt 0.5 0.75
vt 0.5 1
vt 0.75 1
vt 0.75 0.75
vt 0.5 0.75
vt 0.5 1
vt 0.75 1
vt 0.75 0.75
vt 0.5 0.75
vn 0 0 -1
vn 1 0 0
vn 0 0 1
vn -1 0 0
vn 0 1 0
vn 0 -1 0
usemtl m_cf1e1312-87d9-84d9-97b6-77896c5c9f97
f 2108/6892/1807 2111/6891/1807 2109/6890/1807 2106/6889/1807
f 2107/6896/1808 2108/6895/1808 2106/6894/1808 2105/6893/1808
f 2112/6900/1809 2107/6899/1809 2105/6898/1809 2110/6897/1809
f 2111/6904/1810 2112/6903/1810 2110/6902/1810 2109/6901/1810
f 2110/6908/1811 2105/6907/1811 2106/6906/1811 2109/6905/1811
f 2111/6912/1812 2108/6911/1812 2107/6910/1812 2112/6909/1812
o Sunburst orange Back fruit label
v 0.12449999999999997 1.1273749999999998 -0.42375000000000007
v 0.12449999999999997 1.1273749999999998 -0.42510000000000003
v 0.12449999999999997 1.06325 -0.42375000000000007
v 0.12449999999999997 1.06325 -0.42510000000000003
v 0.025499999999999995 1.1273749999999998 -0.42510000000000003
v 0.025499999999999995 1.1273749999999998 -0.42375000000000007
v 0.025499999999999995 1.06325 -0.42510000000000003
v 0.025499999999999995 1.06325 -0.42375000000000007
vt 0.5 1
vt 0.75 1
vt 0.75 0.75
vt 0.5 0.75
vt 0.5 1
vt 0.75 1
vt 0.75 0.75
vt 0.5 0.75
vt 0.5 1
vt 0.75 1
vt 0.75 0.75
vt 0.5 0.75
vt 0.5 1
vt 0.75 1
vt 0.75 0.75
vt 0.5 0.75
vt 0.5 1
vt 0.75 1
vt 0.75 0.75
vt 0.5 0.75
vt 0.5 1
vt 0.75 1
vt 0.75 0.75
vt 0.5 0.75
vn 0 0 -1
vn 1 0 0
vn 0 0 1
vn -1 0 0
vn 0 1 0
vn 0 -1 0
usemtl m_cf1e1312-87d9-84d9-97b6-77896c5c9f97
f 2116/6916/1813 2119/6915/1813 2117/6914/1813 2114/6913/1813
f 2115/6920/1814 2116/6919/1814 2114/6918/1814 2113/6917/1814
f 2120/6924/1815 2115/6923/1815 2113/6922/1815 2118/6921/1815
f 2119/6928/1816 2120/6927/1816 2118/6926/1816 2117/6925/1816
f 2118/6932/1817 2113/6931/1817 2114/6930/1817 2117/6929/1817
f 2119/6936/1818 2116/6935/1818 2115/6934/1818 2120/6933/1818
o Sunburst orange Side glass glint
v 0.14385000000000003 1.1509999999999998 -0.29775
v 0.14385000000000003 1.1509999999999998 -0.303375
v 0.14385000000000003 1.13075 -0.29775
v 0.14385000000000003 1.13075 -0.303375
v 0.142725 1.1509999999999998 -0.303375
v 0.142725 1.1509999999999998 -0.29775
v 0.142725 1.13075 -0.303375
v 0.142725 1.13075 -0.29775
vt 0.25 0.75
vt 0.5 0.75
vt 0.5 0.5
vt 0.25 0.5
vt 0.25 0.75
vt 0.5 0.75
vt 0.5 0.5
vt 0.25 0.5
vt 0.25 0.75
vt 0.5 0.75
vt 0.5 0.5
vt 0.25 0.5
vt 0.25 0.75
vt 0.5 0.75
vt 0.5 0.5
vt 0.25 0.5
vt 0.25 0.75
vt 0.5 0.75
vt 0.5 0.5
vt 0.25 0.5
vt 0.25 0.75
vt 0.5 0.75
vt 0.5 0.5
vt 0.25 0.5
vn 0 0 -1
vn 1 0 0
vn 0 0 1
vn -1 0 0
vn 0 1 0
vn 0 -1 0
usemtl m_cf1e1312-87d9-84d9-97b6-77896c5c9f97
f 2124/6940/1819 2127/6939/1819 2125/6938/1819 2122/6937/1819
f 2123/6944/1820 2124/6943/1820 2122/6942/1820 2121/6941/1820
f 2128/6948/1821 2123/6947/1821 2121/6946/1821 2126/6945/1821
f 2127/6952/1822 2128/6951/1822 2126/6950/1822 2125/6949/1822
f 2126/6956/1823 2121/6955/1823 2122/6954/1823 2125/6953/1823
f 2127/6960/1824 2124/6959/1824 2123/6958/1824 2128/6957/1824
o Sunburst orange Neck reflection
v 0.05744999999999999 1.24775 -0.33262499999999995
v 0.05744999999999999 1.24775 -0.33375
v 0.05744999999999999 1.2184999999999997 -0.33262499999999995
v 0.05744999999999999 1.2184999999999997 -0.33375
v 0.053849999999999995 1.24775 -0.33375
v 0.053849999999999995 1.24775 -0.33262499999999995
v 0.053849999999999995 1.2184999999999997 -0.33375
v 0.053849999999999995 1.2184999999999997 -0.33262499999999995
vt 0.25 0.75
vt 0.5 0.75
vt 0.5 0.5
vt 0.25 0.5
vt 0.25 0.75
vt 0.5 0.75
vt 0.5 0.5
vt 0.25 0.5
vt 0.25 0.75
vt 0.5 0.75
vt 0.5 0.5
vt 0.25 0.5
vt 0.25 0.75
vt 0.5 0.75
vt 0.5 0.5
vt 0.25 0.5
vt 0.25 0.75
vt 0.5 0.75
vt 0.5 0.5
vt 0.25 0.5
vt 0.25 0.75
vt 0.5 0.75
vt 0.5 0.5
vt 0.25 0.5
vn 0 0 -1
vn 1 0 0
vn 0 0 1
vn -1 0 0
vn 0 1 0
vn 0 -1 0
usemtl m_cf1e1312-87d9-84d9-97b6-77896c5c9f97
f 2132/6964/1825 2135/6963/1825 2133/6962/1825 2130/6961/1825
f 2131/6968/1826 2132/6967/1826 2130/6966/1826 2129/6965/1826
f 2136/6972/1827 2131/6971/1827 2129/6970/1827 2134/6969/1827
f 2135/6976/1828 2136/6975/1828 2134/6974/1828 2133/6973/1828
f 2134/6980/1829 2129/6979/1829 2130/6978/1829 2133/6977/1829
f 2135/6984/1830 2132/6983/1830 2131/6982/1830 2136/6981/1830
o Sunburst orange Shoulder front glass trim
v 0.13124999999999998 1.165625 -0.298875
v 0.13124999999999998 1.165625 -0.3011250000000001
v 0.13124999999999998 1.1611249999999997 -0.298875
v 0.13124999999999998 1.1611249999999997 -0.3011250000000001
v 0.018749999999999996 1.165625 -0.3011250000000001
v 0.018749999999999996 1.165625 -0.298875
v 0.018749999999999996 1.1611249999999997 -0.3011250000000001
v 0.018749999999999996 1.1611249999999997 -0.298875
vt 0 1
vt 0.25 1
vt 0.25 0.75
vt 0 0.75
vt 0 1
vt 0.25 1
vt 0.25 0.75
vt 0 0.75
vt 0 1
vt 0.25 1
vt 0.25 0.75
vt 0 0.75
vt 0 1
vt 0.25 1
vt 0.25 0.75
vt 0 0.75
vt 0 1
vt 0.25 1
vt 0.25 0.75
vt 0 0.75
vt 0 1
vt 0.25 1
vt 0.25 0.75
vt 0 0.75
vn 0 0 -1
vn 1 0 0
vn 0 0 1
vn -1 0 0
vn 0 1 0
vn 0 -1 0
usemtl m_cf1e1312-87d9-84d9-97b6-77896c5c9f97
f 2140/6988/1831 2143/6987/1831 2141/6986/1831 2138/6985/1831
f 2139/6992/1832 2140/6991/1832 2138/6990/1832 2137/6989/1832
f 2144/6996/1833 2139/6995/1833 2137/6994/1833 2142/6993/1833
f 2143/7000/1834 2144/6999/1834 2142/6998/1834 2141/6997/1834
f 2142/7004/1835 2137/7003/1835 2138/7002/1835 2141/7001/1835
f 2143/7008/1836 2140/7007/1836 2139/7006/1836 2144/7005/1836
o Sunburst orange Label seal ribbon
v 0.12 1.1296249999999999 -0.28559999999999997
v 0.12 1.1296249999999999 -0.2874
v 0.12 1.061 -0.28559999999999997
v 0.12 1.061 -0.2874
v 0.112125 1.1296249999999999 -0.2874
v 0.112125 1.1296249999999999 -0.28559999999999997
v 0.112125 1.061 -0.2874
v 0.112125 1.061 -0.28559999999999997
vt 0 0.75
vt 0.25 0.75
vt 0.25 0.5
vt 0 0.5
vt 0 0.75
vt 0.25 0.75
vt 0.25 0.5
vt 0 0.5
vt 0 0.75
vt 0.25 0.75
vt 0.25 0.5
vt 0 0.5
vt 0 0.75
vt 0.25 0.75
vt 0.25 0.5
vt 0 0.5
vt 0 0.75
vt 0.25 0.75
vt 0.25 0.5
vt 0 0.5
vt 0 0.75
vt 0.25 0.75
vt 0.25 0.5
vt 0 0.5
vn 0 0 -1
vn 1 0 0
vn 0 0 1
vn -1 0 0
vn 0 1 0
vn 0 -1 0
usemtl m_cf1e1312-87d9-84d9-97b6-77896c5c9f97
f 2148/7012/1837 2151/7011/1837 2149/7010/1837 2146/7009/1837
f 2147/7016/1838 2148/7015/1838 2146/7014/1838 2145/7013/1838
f 2152/7020/1839 2147/7019/1839 2145/7018/1839 2150/7017/1839
f 2151/7024/1840 2152/7023/1840 2150/7022/1840 2149/7021/1840
f 2150/7028/1841 2145/7027/1841 2146/7026/1841 2149/7025/1841
f 2151/7032/1842 2148/7031/1842 2147/7030/1842 2152/7029/1842
o Sunburst orange Glass corner 5
v 0.014249999999999999 1.158875 -0.287625
v 0.014249999999999999 1.158875 -0.28964999999999996
v 0.014249999999999999 1.03625 -0.287625
v 0.014249999999999999 1.03625 -0.28964999999999996
v 0.007499999999999993 1.158875 -0.28964999999999996
v 0.007499999999999993 1.158875 -0.287625
v 0.007499999999999993 1.03625 -0.28964999999999996
v 0.007499999999999993 1.03625 -0.287625
vt 0 1
vt 0.25 1
vt 0.25 0.75
vt 0 0.75
vt 0 1
vt 0.25 1
vt 0.25 0.75
vt 0 0.75
vt 0 1
vt 0.25 1
vt 0.25 0.75
vt 0 0.75
vt 0 1
vt 0.25 1
vt 0.25 0.75
vt 0 0.75
vt 0 1
vt 0.25 1
vt 0.25 0.75
vt 0 0.75
vt 0 1
vt 0.25 1
vt 0.25 0.75
vt 0 0.75
vn 0 0 -1
vn 1 0 0
vn 0 0 1
vn -1 0 0
vn 0 1 0
vn 0 -1 0
usemtl m_cf1e1312-87d9-84d9-97b6-77896c5c9f97
f 2156/7036/1843 2159/7035/1843 2157/7034/1843 2154/7033/1843
f 2155/7040/1844 2156/7039/1844 2154/7038/1844 2153/7037/1844
f 2160/7044/1845 2155/7043/1845 2153/7042/1845 2158/7041/1845
f 2159/7048/1846 2160/7047/1846 2158/7046/1846 2157/7045/1846
f 2158/7052/1847 2153/7051/1847 2154/7050/1847 2157/7049/1847
f 2159/7056/1848 2156/7055/1848 2155/7054/1848 2160/7053/1848
o Sunburst orange Bright vertical reflection 5
v 0.011099999999999999 1.156625 -0.28650000000000003
v 0.011099999999999999 1.156625 -0.28785
v 0.011099999999999999 1.133 -0.28650000000000003
v 0.011099999999999999 1.133 -0.28785
v 0.008849999999999997 1.156625 -0.28785
v 0.008849999999999997 1.156625 -0.28650000000000003
v 0.008849999999999997 1.133 -0.28785
v 0.008849999999999997 1.133 -0.28650000000000003
vt 0.25 0.75
vt 0.5 0.75
vt 0.5 0.5
vt 0.25 0.5
vt 0.25 0.75
vt 0.5 0.75
vt 0.5 0.5
vt 0.25 0.5
vt 0.25 0.75
vt 0.5 0.75
vt 0.5 0.5
vt 0.25 0.5
vt 0.25 0.75
vt 0.5 0.75
vt 0.5 0.5
vt 0.25 0.5
vt 0.25 0.75
vt 0.5 0.75
vt 0.5 0.5
vt 0.25 0.5
vt 0.25 0.75
vt 0.5 0.75
vt 0.5 0.5
vt 0.25 0.5
vn 0 0 -1
vn 1 0 0
vn 0 0 1
vn -1 0 0
vn 0 1 0
vn 0 -1 0
usemtl m_cf1e1312-87d9-84d9-97b6-77896c5c9f97
f 2164/7060/1849 2167/7059/1849 2165/7058/1849 2162/7057/1849
f 2163/7064/1850 2164/7063/1850 2162/7062/1850 2161/7061/1850
f 2168/7068/1851 2163/7067/1851 2161/7066/1851 2166/7065/1851
f 2167/7072/1852 2168/7071/1852 2166/7070/1852 2165/7069/1852
f 2166/7076/1853 2161/7075/1853 2162/7074/1853 2165/7073/1853
f 2167/7080/1854 2164/7079/1854 2163/7078/1854 2168/7077/1854
o Sunburst orange Rear glass corner 5
v 0.014249999999999999 1.1600000000000001 -0.42285000000000006
v 0.014249999999999999 1.1600000000000001 -0.42464999999999997
v 0.014249999999999999 1.03625 -0.42285000000000006
v 0.014249999999999999 1.03625 -0.42464999999999997
v 0.007499999999999993 1.1600000000000001 -0.42464999999999997
v 0.007499999999999993 1.1600000000000001 -0.42285000000000006
v 0.007499999999999993 1.03625 -0.42464999999999997
v 0.007499999999999993 1.03625 -0.42285000000000006
vt 0 1
vt 0.25 1
vt 0.25 0.75
vt 0 0.75
vt 0 1
vt 0.25 1
vt 0.25 0.75
vt 0 0.75
vt 0 1
vt 0.25 1
vt 0.25 0.75
vt 0 0.75
vt 0 1
vt 0.25 1
vt 0.25 0.75
vt 0 0.75
vt 0 1
vt 0.25 1
vt 0.25 0.75
vt 0 0.75
vt 0 1
vt 0.25 1
vt 0.25 0.75
vt 0 0.75
vn 0 0 -1
vn 1 0 0
vn 0 0 1
vn -1 0 0
vn 0 1 0
vn 0 -1 0
usemtl m_cf1e1312-87d9-84d9-97b6-77896c5c9f97
f 2172/7084/1855 2175/7083/1855 2173/7082/1855 2170/7081/1855
f 2171/7088/1856 2172/7087/1856 2170/7086/1856 2169/7085/1856
f 2176/7092/1857 2171/7091/1857 2169/7090/1857 2174/7089/1857
f 2175/7096/1858 2176/7095/1858 2174/7094/1858 2173/7093/1858
f 2174/7100/1859 2169/7099/1859 2170/7098/1859 2173/7097/1859
f 2175/7104/1860 2172/7103/1860 2171/7102/1860 2176/7101/1860
o Sunburst orange Glass corner 10.7
v 0.14250000000000002 1.158875 -0.287625
v 0.14250000000000002 1.158875 -0.28964999999999996
v 0.14250000000000002 1.03625 -0.287625
v 0.14250000000000002 1.03625 -0.28964999999999996
v 0.13574999999999998 1.158875 -0.28964999999999996
v 0.13574999999999998 1.158875 -0.287625
v 0.13574999999999998 1.03625 -0.28964999999999996
v 0.13574999999999998 1.03625 -0.287625
vt 0 1
vt 0.25 1
vt 0.25 0.75
vt 0 0.75
vt 0 1
vt 0.25 1
vt 0.25 0.75
vt 0 0.75
vt 0 1
vt 0.25 1
vt 0.25 0.75
vt 0 0.75
vt 0 1
vt 0.25 1
vt 0.25 0.75
vt 0 0.75
vt 0 1
vt 0.25 1
vt 0.25 0.75
vt 0 0.75
vt 0 1
vt 0.25 1
vt 0.25 0.75
vt 0 0.75
vn 0 0 -1
vn 1 0 0
vn 0 0 1
vn -1 0 0
vn 0 1 0
vn 0 -1 0
usemtl m_cf1e1312-87d9-84d9-97b6-77896c5c9f97
f 2180/7108/1861 2183/7107/1861 2181/7106/1861 2178/7105/1861
f 2179/7112/1862 2180/7111/1862 2178/7110/1862 2177/7109/1862
f 2184/7116/1863 2179/7115/1863 2177/7114/1863 2182/7113/1863
f 2183/7120/1864 2184/7119/1864 2182/7118/1864 2181/7117/1864
f 2182/7124/1865 2177/7123/1865 2178/7122/1865 2181/7121/1865
f 2183/7128/1866 2180/7127/1866 2179/7126/1866 2184/7125/1866
o Sunburst orange Bright vertical reflection 10.7
v 0.13934999999999997 1.156625 -0.28650000000000003
v 0.13934999999999997 1.156625 -0.28785
v 0.13934999999999997 1.133 -0.28650000000000003
v 0.13934999999999997 1.133 -0.28785
v 0.1371 1.156625 -0.28785
v 0.1371 1.156625 -0.28650000000000003
v 0.1371 1.133 -0.28785
v 0.1371 1.133 -0.28650000000000003
vt 0.25 0.75
vt 0.5 0.75
vt 0.5 0.5
vt 0.25 0.5
vt 0.25 0.75
vt 0.5 0.75
vt 0.5 0.5
vt 0.25 0.5
vt 0.25 0.75
vt 0.5 0.75
vt 0.5 0.5
vt 0.25 0.5
vt 0.25 0.75
vt 0.5 0.75
vt 0.5 0.5
vt 0.25 0.5
vt 0.25 0.75
vt 0.5 0.75
vt 0.5 0.5
vt 0.25 0.5
vt 0.25 0.75
vt 0.5 0.75
vt 0.5 0.5
vt 0.25 0.5
vn 0 0 -1
vn 1 0 0
vn 0 0 1
vn -1 0 0
vn 0 1 0
vn 0 -1 0
usemtl m_cf1e1312-87d9-84d9-97b6-77896c5c9f97
f 2188/7132/1867 2191/7131/1867 2189/7130/1867 2186/7129/1867
f 2187/7136/1868 2188/7135/1868 2186/7134/1868 2185/7133/1868
f 2192/7140/1869 2187/7139/1869 2185/7138/1869 2190/7137/1869
f 2191/7144/1870 2192/7143/1870 2190/7142/1870 2189/7141/1870
f 2190/7148/1871 2185/7147/1871 2186/7146/1871 2189/7145/1871
f 2191/7152/1872 2188/7151/1872 2187/7150/1872 2192/7149/1872
o Sunburst orange Rear glass corner 10.7
v 0.14250000000000002 1.1600000000000001 -0.42285000000000006
v 0.14250000000000002 1.1600000000000001 -0.42464999999999997
v 0.14250000000000002 1.03625 -0.42285000000000006
v 0.14250000000000002 1.03625 -0.42464999999999997
v 0.13574999999999998 1.1600000000000001 -0.42464999999999997
v 0.13574999999999998 1.1600000000000001 -0.42285000000000006
v 0.13574999999999998 1.03625 -0.42464999999999997
v 0.13574999999999998 1.03625 -0.42285000000000006
vt 0 1
vt 0.25 1
vt 0.25 0.75
vt 0 0.75
vt 0 1
vt 0.25 1
vt 0.25 0.75
vt 0 0.75
vt 0 1
vt 0.25 1
vt 0.25 0.75
vt 0 0.75
vt 0 1
vt 0.25 1
vt 0.25 0.75
vt 0 0.75
vt 0 1
vt 0.25 1
vt 0.25 0.75
vt 0 0.75
vt 0 1
vt 0.25 1
vt 0.25 0.75
vt 0 0.75
vn 0 0 -1
vn 1 0 0
vn 0 0 1
vn -1 0 0
vn 0 1 0
vn 0 -1 0
usemtl m_cf1e1312-87d9-84d9-97b6-77896c5c9f97
f 2196/7156/1873 2199/7155/1873 2197/7154/1873 2194/7153/1873
f 2195/7160/1874 2196/7159/1874 2194/7158/1874 2193/7157/1874
f 2200/7164/1875 2195/7163/1875 2193/7162/1875 2198/7161/1875
f 2199/7168/1876 2200/7167/1876 2198/7166/1876 2197/7165/1876
f 2198/7172/1877 2193/7171/1877 2194/7170/1877 2197/7169/1877
f 2199/7176/1878 2196/7175/1878 2195/7174/1878 2200/7173/1878
o Ruby berry Juice body
v 0.301875 1.1600000000000001 -0.28875
v 0.301875 1.1600000000000001 -0.42375
v 0.301875 1.037375 -0.28875
v 0.301875 1.037375 -0.42375
v 0.166875 1.1600000000000001 -0.42375
v 0.166875 1.1600000000000001 -0.28875
v 0.166875 1.037375 -0.42375
v 0.166875 1.037375 -0.28875
vt 0.5 0.75
vt 0.75 0.75
vt 0.75 0.5
vt 0.5 0.5
vt 0.5 0.75
vt 0.75 0.75
vt 0.75 0.5
vt 0.5 0.5
vt 0.5 0.75
vt 0.75 0.75
vt 0.75 0.5
vt 0.5 0.5
vt 0.5 0.75
vt 0.75 0.75
vt 0.75 0.5
vt 0.5 0.5
vt 0.5 0.75
vt 0.75 0.75
vt 0.75 0.5
vt 0.5 0.5
vt 0.5 0.75
vt 0.75 0.75
vt 0.75 0.5
vt 0.5 0.5
vn 0 0 -1
vn 1 0 0
vn 0 0 1
vn -1 0 0
vn 0 1 0
vn 0 -1 0
usemtl m_cf1e1312-87d9-84d9-97b6-77896c5c9f97
f 2204/7180/1879 2207/7179/1879 2205/7178/1879 2202/7177/1879
f 2203/7184/1880 2204/7183/1880 2202/7182/1880 2201/7181/1880
f 2208/7188/1881 2203/7187/1881 2201/7186/1881 2206/7185/1881
f 2207/7192/1882 2208/7191/1882 2206/7190/1882 2205/7189/1882
f 2206/7196/1883 2201/7195/1883 2202/7194/1883 2205/7193/1883
f 2207/7200/1884 2204/7199/1884 2203/7198/1884 2208/7197/1884
o Ruby berry Thick glass base
v 0.30300000000000005 1.037375 -0.287625
v 0.30300000000000005 1.037375 -0.424875
v 0.30300000000000005 1.025 -0.287625
v 0.30300000000000005 1.025 -0.424875
v 0.16575 1.037375 -0.424875
v 0.16575 1.037375 -0.287625
v 0.16575 1.025 -0.424875
v 0.16575 1.025 -0.287625
vt 0 1
vt 0.25 1
vt 0.25 0.75
vt 0 0.75
vt 0 1
vt 0.25 1
vt 0.25 0.75
vt 0 0.75
vt 0 1
vt 0.25 1
vt 0.25 0.75
vt 0 0.75
vt 0 1
vt 0.25 1
vt 0.25 0.75
vt 0 0.75
vt 0 1
vt 0.25 1
vt 0.25 0.75
vt 0 0.75
vt 0 1
vt 0.25 1
vt 0.25 0.75
vt 0 0.75
vn 0 0 -1
vn 1 0 0
vn 0 0 1
vn -1 0 0
vn 0 1 0
vn 0 -1 0
usemtl m_cf1e1312-87d9-84d9-97b6-77896c5c9f97
f 2212/7204/1885 2215/7203/1885 2213/7202/1885 2210/7201/1885
f 2211/7208/1886 2212/7207/1886 2210/7206/1886 2209/7205/1886
f 2216/7212/1887 2211/7211/1887 2209/7210/1887 2214/7209/1887
f 2215/7216/1888 2216/7215/1888 2214/7214/1888 2213/7213/1888
f 2214/7220/1889 2209/7219/1889 2210/7218/1889 2213/7217/1889
f 2215/7224/1890 2212/7223/1890 2211/7222/1890 2216/7221/1890
o Ruby berry Juice shoulder wide
v 0.290625 1.178 -0.30000000000000004
v 0.290625 1.178 -0.4125
v 0.290625 1.1600000000000001 -0.30000000000000004
v 0.290625 1.1600000000000001 -0.4125
v 0.17812499999999998 1.178 -0.4125
v 0.17812499999999998 1.178 -0.30000000000000004
v 0.17812499999999998 1.1600000000000001 -0.4125
v 0.17812499999999998 1.1600000000000001 -0.30000000000000004
vt 0.5 0.75
vt 0.75 0.75
vt 0.75 0.5
vt 0.5 0.5
vt 0.5 0.75
vt 0.75 0.75
vt 0.75 0.5
vt 0.5 0.5
vt 0.5 0.75
vt 0.75 0.75
vt 0.75 0.5
vt 0.5 0.5
vt 0.5 0.75
vt 0.75 0.75
vt 0.75 0.5
vt 0.5 0.5
vt 0.5 0.75
vt 0.75 0.75
vt 0.75 0.5
vt 0.5 0.5
vt 0.5 0.75
vt 0.75 0.75
vt 0.75 0.5
vt 0.5 0.5
vn 0 0 -1
vn 1 0 0
vn 0 0 1
vn -1 0 0
vn 0 1 0
vn 0 -1 0
usemtl m_cf1e1312-87d9-84d9-97b6-77896c5c9f97
f 2220/7228/1891 2223/7227/1891 2221/7226/1891 2218/7225/1891
f 2219/7232/1892 2220/7231/1892 2218/7230/1892 2217/7229/1892
f 2224/7236/1893 2219/7235/1893 2217/7234/1893 2222/7233/1893
f 2223/7240/1894 2224/7239/1894 2222/7238/1894 2221/7237/1894
f 2222/7244/1895 2217/7243/1895 2218/7242/1895 2221/7241/1895
f 2223/7248/1896 2220/7247/1896 2219/7246/1896 2224/7245/1896
o Ruby berry Glass shoulder step
v 0.279375 1.1959999999999997 -0.31125
v 0.279375 1.1959999999999997 -0.40125
v 0.279375 1.178 -0.31125
v 0.279375 1.178 -0.40125
v 0.18937500000000002 1.1959999999999997 -0.40125
v 0.18937500000000002 1.1959999999999997 -0.31125
v 0.18937500000000002 1.178 -0.40125
v 0.18937500000000002 1.178 -0.31125
vt 0 1
vt 0.25 1
vt 0.25 0.75
vt 0 0.75
vt 0 1
vt 0.25 1
vt 0.25 0.75
vt 0 0.75
vt 0 1
vt 0.25 1
vt 0.25 0.75
vt 0 0.75
vt 0 1
vt 0.25 1
vt 0.25 0.75
vt 0 0.75
vt 0 1
vt 0.25 1
vt 0.25 0.75
vt 0 0.75
vt 0 1
vt 0.25 1
vt 0.25 0.75
vt 0 0.75
vn 0 0 -1
vn 1 0 0
vn 0 0 1
vn -1 0 0
vn 0 1 0
vn 0 -1 0
usemtl m_cf1e1312-87d9-84d9-97b6-77896c5c9f97
f 2228/7252/1897 2231/7251/1897 2229/7250/1897 2226/7249/1897
f 2227/7256/1898 2228/7255/1898 2226/7254/1898 2225/7253/1898
f 2232/7260/1899 2227/7259/1899 2225/7258/1899 2230/7257/1899
f 2231/7264/1900 2232/7263/1900 2230/7262/1900 2229/7261/1900
f 2230/7268/1901 2225/7267/1901 2226/7266/1901 2229/7265/1901
f 2231/7272/1902 2228/7271/1902 2227/7270/1902 2232/7269/1902
o Ruby berry Glass neck
v 0.256875 1.26575 -0.33375
v 0.256875 1.26575 -0.37875000000000003
v 0.256875 1.196 -0.33375
v 0.256875 1.196 -0.37875000000000003
v 0.21187499999999998 1.26575 -0.37875000000000003
v 0.21187499999999998 1.26575 -0.33375
v 0.21187499999999998 1.196 -0.37875000000000003
v 0.21187499999999998 1.196 -0.33375
vt 0 1
vt 0.25 1
vt 0.25 0.75
vt 0 0.75
vt 0 1
vt 0.25 1
vt 0.25 0.75
vt 0 0.75
vt 0 1
vt 0.25 1
vt 0.25 0.75
vt 0 0.75
vt 0 1
vt 0.25 1
vt 0.25 0.75
vt 0 0.75
vt 0 1
vt 0.25 1
vt 0.25 0.75
vt 0 0.75
vt 0 1
vt 0.25 1
vt 0.25 0.75
vt 0 0.75
vn 0 0 -1
vn 1 0 0
vn 0 0 1
vn -1 0 0
vn 0 1 0
vn 0 -1 0
usemtl m_cf1e1312-87d9-84d9-97b6-77896c5c9f97
f 2236/7276/1903 2239/7275/1903 2237/7274/1903 2234/7273/1903
f 2235/7280/1904 2236/7279/1904 2234/7278/1904 2233/7277/1904
f 2240/7284/1905 2235/7283/1905 2233/7282/1905 2238/7281/1905
f 2239/7288/1906 2240/7287/1906 2238/7286/1906 2237/7285/1906
f 2238/7292/1907 2233/7291/1907 2234/7290/1907 2237/7289/1907
f 2239/7296/1908 2236/7295/1908 2235/7294/1908 2240/7293/1908
o Ruby berry Juice inside neck
v 0.2535 1.2342499999999998 -0.33285
v 0.2535 1.2342499999999998 -0.33465
v 0.2535 1.1948750000000001 -0.33285
v 0.2535 1.1948750000000001 -0.33465
v 0.21525 1.2342499999999998 -0.33465
v 0.21525 1.2342499999999998 -0.33285
v 0.21525 1.1948750000000001 -0.33465
v 0.21525 1.1948750000000001 -0.33285
vt 0.5 0.75
vt 0.75 0.75
vt 0.75 0.5
vt 0.5 0.5
vt 0.5 0.75
vt 0.75 0.75
vt 0.75 0.5
vt 0.5 0.5
vt 0.5 0.75
vt 0.75 0.75
vt 0.75 0.5
vt 0.5 0.5
vt 0.5 0.75
vt 0.75 0.75
vt 0.75 0.5
vt 0.5 0.5
vt 0.5 0.75
vt 0.75 0.75
vt 0.75 0.5
vt 0.5 0.5
vt 0.5 0.75
vt 0.75 0.75
vt 0.75 0.5
vt 0.5 0.5
vn 0 0 -1
vn 1 0 0
vn 0 0 1
vn -1 0 0
vn 0 1 0
vn 0 -1 0
usemtl m_cf1e1312-87d9-84d9-97b6-77896c5c9f97
f 2244/7300/1909 2247/7299/1909 2245/7298/1909 2242/7297/1909
f 2243/7304/1910 2244/7303/1910 2242/7302/1910 2241/7301/1910
f 2248/7308/1911 2243/7307/1911 2241/7306/1911 2246/7305/1911
f 2247/7312/1912 2248/7311/1912 2246/7310/1912 2245/7309/1912
f 2246/7316/1913 2241/7315/1913 2242/7314/1913 2245/7313/1913
f 2247/7320/1914 2244/7319/1914 2243/7318/1914 2248/7317/1914
o Ruby berry Brass neck collar
v 0.26137499999999997 1.2657499999999997 -0.32924999999999993
v 0.26137499999999997 1.2657499999999997 -0.38325
v 0.26137499999999997 1.251125 -0.32924999999999993
v 0.26137499999999997 1.251125 -0.38325
v 0.20737500000000003 1.2657499999999997 -0.38325
v 0.20737500000000003 1.2657499999999997 -0.32924999999999993
v 0.20737500000000003 1.251125 -0.38325
v 0.20737500000000003 1.251125 -0.32924999999999993
vt 0 0.75
vt 0.25 0.75
vt 0.25 0.5
vt 0 0.5
vt 0 0.75
vt 0.25 0.75
vt 0.25 0.5
vt 0 0.5
vt 0 0.75
vt 0.25 0.75
vt 0.25 0.5
vt 0 0.5
vt 0 0.75
vt 0.25 0.75
vt 0.25 0.5
vt 0 0.5
vt 0 0.75
vt 0.25 0.75
vt 0.25 0.5
vt 0 0.5
vt 0 0.75
vt 0.25 0.75
vt 0.25 0.5
vt 0 0.5
vn 0 0 -1
vn 1 0 0
vn 0 0 1
vn -1 0 0
vn 0 1 0
vn 0 -1 0
usemtl m_cf1e1312-87d9-84d9-97b6-77896c5c9f97
f 2252/7324/1915 2255/7323/1915 2253/7322/1915 2250/7321/1915
f 2251/7328/1916 2252/7327/1916 2250/7326/1916 2249/7325/1916
f 2256/7332/1917 2251/7331/1917 2249/7330/1917 2254/7329/1917
f 2255/7336/1918 2256/7335/1918 2254/7334/1918 2253/7333/1918
f 2254/7340/1919 2249/7339/1919 2250/7338/1919 2253/7337/1919
f 2255/7344/1920 2252/7343/1920 2251/7342/1920 2256/7341/1920
o Ruby berry Cork stopper
v 0.255525 1.296125 -0.3351
v 0.255525 1.296125 -0.3774
v 0.255525 1.2657499999999997 -0.3351
v 0.255525 1.2657499999999997 -0.3774
v 0.213225 1.296125 -0.3774
v 0.213225 1.296125 -0.3351
v 0.213225 1.2657499999999997 -0.3774
v 0.213225 1.2657499999999997 -0.3351
vt 0.75 1
vt 1 1
vt 1 0.75
vt 0.75 0.75
vt 0.75 1
vt 1 1
vt 1 0.75
vt 0.75 0.75
vt 0.75 1
vt 1 1
vt 1 0.75
vt 0.75 0.75
vt 0.75 1
vt 1 1
vt 1 0.75
vt 0.75 0.75
vt 0.75 1
vt 1 1
vt 1 0.75
vt 0.75 0.75
vt 0.75 1
vt 1 1
vt 1 0.75
vt 0.75 0.75
vn 0 0 -1
vn 1 0 0
vn 0 0 1
vn -1 0 0
vn 0 1 0
vn 0 -1 0
usemtl m_cf1e1312-87d9-84d9-97b6-77896c5c9f97
f 2260/7348/1921 2263/7347/1921 2261/7346/1921 2258/7345/1921
f 2259/7352/1922 2260/7351/1922 2258/7350/1922 2257/7349/1922
f 2264/7356/1923 2259/7355/1923 2257/7354/1923 2262/7353/1923
f 2263/7360/1924 2264/7359/1924 2262/7358/1924 2261/7357/1924
f 2262/7364/1925 2257/7363/1925 2258/7362/1925 2261/7361/1925
f 2263/7368/1926 2260/7367/1926 2259/7366/1926 2264/7365/1926
o Ruby berry Cork top cap
v 0.257775 1.30175 -0.33285000000000003
v 0.257775 1.30175 -0.37965
v 0.257775 1.289375 -0.33285000000000003
v 0.257775 1.289375 -0.37965
v 0.21097500000000002 1.30175 -0.37965
v 0.21097500000000002 1.30175 -0.33285000000000003
v 0.21097500000000002 1.289375 -0.37965
v 0.21097500000000002 1.289375 -0.33285000000000003
vt 0.75 1
vt 1 1
vt 1 0.75
vt 0.75 0.75
vt 0.75 1
vt 1 1
vt 1 0.75
vt 0.75 0.75
vt 0.75 1
vt 1 1
vt 1 0.75
vt 0.75 0.75
vt 0.75 1
vt 1 1
vt 1 0.75
vt 0.75 0.75
vt 0.75 1
vt 1 1
vt 1 0.75
vt 0.75 0.75
vt 0.75 1
vt 1 1
vt 1 0.75
vt 0.75 0.75
vn 0 0 -1
vn 1 0 0
vn 0 0 1
vn -1 0 0
vn 0 1 0
vn 0 -1 0
usemtl m_cf1e1312-87d9-84d9-97b6-77896c5c9f97
f 2268/7372/1927 2271/7371/1927 2269/7370/1927 2266/7369/1927
f 2267/7376/1928 2268/7375/1928 2266/7374/1928 2265/7373/1928
f 2272/7380/1929 2267/7379/1929 2265/7378/1929 2270/7377/1929
f 2271/7384/1930 2272/7383/1930 2270/7382/1930 2269/7381/1930
f 2270/7388/1931 2265/7387/1931 2266/7386/1931 2269/7385/1931
f 2271/7392/1932 2268/7391/1932 2267/7390/1932 2272/7389/1932
o Ruby berry Stopper wax band
v 0.25845 1.2803749999999998 -0.332175
v 0.25845 1.2803749999999998 -0.380325
v 0.25845 1.273625 -0.332175
v 0.25845 1.273625 -0.380325
v 0.2103 1.2803749999999998 -0.380325
v 0.2103 1.2803749999999998 -0.332175
v 0.2103 1.273625 -0.380325
v 0.2103 1.273625 -0.332175
vt 0 0.75
vt 0.25 0.75
vt 0.25 0.5
vt 0 0.5
vt 0 0.75
vt 0.25 0.75
vt 0.25 0.5
vt 0 0.5
vt 0 0.75
vt 0.25 0.75
vt 0.25 0.5
vt 0 0.5
vt 0 0.75
vt 0.25 0.75
vt 0.25 0.5
vt 0 0.5
vt 0 0.75
vt 0.25 0.75
vt 0.25 0.5
vt 0 0.5
vt 0 0.75
vt 0.25 0.75
vt 0.25 0.5
vt 0 0.5
vn 0 0 -1
vn 1 0 0
vn 0 0 1
vn -1 0 0
vn 0 1 0
vn 0 -1 0
usemtl m_cf1e1312-87d9-84d9-97b6-77896c5c9f97
f 2276/7396/1933 2279/7395/1933 2277/7394/1933 2274/7393/1933
f 2275/7400/1934 2276/7399/1934 2274/7398/1934 2273/7397/1934
f 2280/7404/1935 2275/7403/1935 2273/7402/1935 2278/7401/1935
f 2279/7408/1936 2280/7407/1936 2278/7406/1936 2277/7405/1936
f 2278/7412/1937 2273/7411/1937 2274/7410/1937 2277/7409/1937
f 2279/7416/1938 2276/7415/1938 2275/7414/1938 2280/7413/1938
o Ruby berry Front fruit label
v 0.283875 1.1273749999999998 -0.2874
v 0.283875 1.1273749999999998 -0.28874999999999995
v 0.283875 1.06325 -0.2874
v 0.283875 1.06325 -0.28874999999999995
v 0.184875 1.1273749999999998 -0.28874999999999995
v 0.184875 1.1273749999999998 -0.2874
v 0.184875 1.06325 -0.28874999999999995
v 0.184875 1.06325 -0.2874
vt 0 0.25
vt 0.25 0.25
vt 0.25 0
vt 0 0
vt 0 0.25
vt 0.25 0.25
vt 0.25 0
vt 0 0
vt 0 0.25
vt 0.25 0.25
vt 0.25 0
vt 0 0
vt 0 0.25
vt 0.25 0.25
vt 0.25 0
vt 0 0
vt 0 0.25
vt 0.25 0.25
vt 0.25 0
vt 0 0
vt 0 0.25
vt 0.25 0.25
vt 0.25 0
vt 0 0
vn 0 0 -1
vn 1 0 0
vn 0 0 1
vn -1 0 0
vn 0 1 0
vn 0 -1 0
usemtl m_cf1e1312-87d9-84d9-97b6-77896c5c9f97
f 2284/7420/1939 2287/7419/1939 2285/7418/1939 2282/7417/1939
f 2283/7424/1940 2284/7423/1940 2282/7422/1940 2281/7421/1940
f 2288/7428/1941 2283/7427/1941 2281/7426/1941 2286/7425/1941
f 2287/7432/1942 2288/7431/1942 2286/7430/1942 2285/7429/1942
f 2286/7436/1943 2281/7435/1943 2282/7434/1943 2285/7433/1943
f 2287/7440/1944 2284/7439/1944 2283/7438/1944 2288/7437/1944
o Ruby berry Back fruit label
v 0.283875 1.1273749999999998 -0.42375000000000007
v 0.283875 1.1273749999999998 -0.42510000000000003
v 0.283875 1.06325 -0.42375000000000007
v 0.283875 1.06325 -0.42510000000000003
v 0.184875 1.1273749999999998 -0.42510000000000003
v 0.184875 1.1273749999999998 -0.42375000000000007
v 0.184875 1.06325 -0.42510000000000003
v 0.184875 1.06325 -0.42375000000000007
vt 0 0.25
vt 0.25 0.25
vt 0.25 0
vt 0 0
vt 0 0.25
vt 0.25 0.25
vt 0.25 0
vt 0 0
vt 0 0.25
vt 0.25 0.25
vt 0.25 0
vt 0 0
vt 0 0.25
vt 0.25 0.25
vt 0.25 0
vt 0 0
vt 0 0.25
vt 0.25 0.25
vt 0.25 0
vt 0 0
vt 0 0.25
vt 0.25 0.25
vt 0.25 0
vt 0 0
vn 0 0 -1
vn 1 0 0
vn 0 0 1
vn -1 0 0
vn 0 1 0
vn 0 -1 0
usemtl m_cf1e1312-87d9-84d9-97b6-77896c5c9f97
f 2292/7444/1945 2295/7443/1945 2293/7442/1945 2290/7441/1945
f 2291/7448/1946 2292/7447/1946 2290/7446/1946 2289/7445/1946
f 2296/7452/1947 2291/7451/1947 2289/7450/1947 2294/7449/1947
f 2295/7456/1948 2296/7455/1948 2294/7454/1948 2293/7453/1948
f 2294/7460/1949 2289/7459/1949 2290/7458/1949 2293/7457/1949
f 2295/7464/1950 2292/7463/1950 2291/7462/1950 2296/7461/1950
o Ruby berry Side glass glint
v 0.303225 1.1509999999999998 -0.29775
v 0.303225 1.1509999999999998 -0.303375
v 0.303225 1.13075 -0.29775
v 0.303225 1.13075 -0.303375
v 0.3021 1.1509999999999998 -0.303375
v 0.3021 1.1509999999999998 -0.29775
v 0.3021 1.13075 -0.303375
v 0.3021 1.13075 -0.29775
vt 0.25 0.75
vt 0.5 0.75
vt 0.5 0.5
vt 0.25 0.5
vt 0.25 0.75
vt 0.5 0.75
vt 0.5 0.5
vt 0.25 0.5
vt 0.25 0.75
vt 0.5 0.75
vt 0.5 0.5
vt 0.25 0.5
vt 0.25 0.75
vt 0.5 0.75
vt 0.5 0.5
vt 0.25 0.5
vt 0.25 0.75
vt 0.5 0.75
vt 0.5 0.5
vt 0.25 0.5
vt 0.25 0.75
vt 0.5 0.75
vt 0.5 0.5
vt 0.25 0.5
vn 0 0 -1
vn 1 0 0
vn 0 0 1
vn -1 0 0
vn 0 1 0
vn 0 -1 0
usemtl m_cf1e1312-87d9-84d9-97b6-77896c5c9f97
f 2300/7468/1951 2303/7467/1951 2301/7466/1951 2298/7465/1951
f 2299/7472/1952 2300/7471/1952 2298/7470/1952 2297/7469/1952
f 2304/7476/1953 2299/7475/1953 2297/7474/1953 2302/7473/1953
f 2303/7480/1954 2304/7479/1954 2302/7478/1954 2301/7477/1954
f 2302/7484/1955 2297/7483/1955 2298/7482/1955 2301/7481/1955
f 2303/7488/1956 2300/7487/1956 2299/7486/1956 2304/7485/1956
o Ruby berry Neck reflection
v 0.216825 1.24775 -0.33262499999999995
v 0.216825 1.24775 -0.33375
v 0.216825 1.2184999999999997 -0.33262499999999995
v 0.216825 1.2184999999999997 -0.33375
v 0.213225 1.24775 -0.33375
v 0.213225 1.24775 -0.33262499999999995
v 0.213225 1.2184999999999997 -0.33375
v 0.213225 1.2184999999999997 -0.33262499999999995
vt 0.25 0.75
vt 0.5 0.75
vt 0.5 0.5
vt 0.25 0.5
vt 0.25 0.75
vt 0.5 0.75
vt 0.5 0.5
vt 0.25 0.5
vt 0.25 0.75
vt 0.5 0.75
vt 0.5 0.5
vt 0.25 0.5
vt 0.25 0.75
vt 0.5 0.75
vt 0.5 0.5
vt 0.25 0.5
vt 0.25 0.75
vt 0.5 0.75
vt 0.5 0.5
vt 0.25 0.5
vt 0.25 0.75
vt 0.5 0.75
vt 0.5 0.5
vt 0.25 0.5
vn 0 0 -1
vn 1 0 0
vn 0 0 1
vn -1 0 0
vn 0 1 0
vn 0 -1 0
usemtl m_cf1e1312-87d9-84d9-97b6-77896c5c9f97
f 2308/7492/1957 2311/7491/1957 2309/7490/1957 2306/7489/1957
f 2307/7496/1958 2308/7495/1958 2306/7494/1958 2305/7493/1958
f 2312/7500/1959 2307/7499/1959 2305/7498/1959 2310/7497/1959
f 2311/7504/1960 2312/7503/1960 2310/7502/1960 2309/7501/1960
f 2310/7508/1961 2305/7507/1961 2306/7506/1961 2309/7505/1961
f 2311/7512/1962 2308/7511/1962 2307/7510/1962 2312/7509/1962
o Ruby berry Shoulder front glass trim
v 0.290625 1.165625 -0.298875
v 0.290625 1.165625 -0.3011250000000001
v 0.290625 1.1611249999999997 -0.298875
v 0.290625 1.1611249999999997 -0.3011250000000001
v 0.17812499999999998 1.165625 -0.3011250000000001
v 0.17812499999999998 1.165625 -0.298875
v 0.17812499999999998 1.1611249999999997 -0.3011250000000001
v 0.17812499999999998 1.1611249999999997 -0.298875
vt 0 1
vt 0.25 1
vt 0.25 0.75
vt 0 0.75
vt 0 1
vt 0.25 1
vt 0.25 0.75
vt 0 0.75
vt 0 1
vt 0.25 1
vt 0.25 0.75
vt 0 0.75
vt 0 1
vt 0.25 1
vt 0.25 0.75
vt 0 0.75
vt 0 1
vt 0.25 1
vt 0.25 0.75
vt 0 0.75
vt 0 1
vt 0.25 1
vt 0.25 0.75
vt 0 0.75
vn 0 0 -1
vn 1 0 0
vn 0 0 1
vn -1 0 0
vn 0 1 0
vn 0 -1 0
usemtl m_cf1e1312-87d9-84d9-97b6-77896c5c9f97
f 2316/7516/1963 2319/7515/1963 2317/7514/1963 2314/7513/1963
f 2315/7520/1964 2316/7519/1964 2314/7518/1964 2313/7517/1964
f 2320/7524/1965 2315/7523/1965 2313/7522/1965 2318/7521/1965
f 2319/7528/1966 2320/7527/1966 2318/7526/1966 2317/7525/1966
f 2318/7532/1967 2313/7531/1967 2314/7530/1967 2317/7529/1967
f 2319/7536/1968 2316/7535/1968 2315/7534/1968 2320/7533/1968
o Ruby berry Label seal ribbon
v 0.279375 1.1296249999999999 -0.28559999999999997
v 0.279375 1.1296249999999999 -0.2874
v 0.279375 1.061 -0.28559999999999997
v 0.279375 1.061 -0.2874
v 0.2715 1.1296249999999999 -0.2874
v 0.2715 1.1296249999999999 -0.28559999999999997
v 0.2715 1.061 -0.2874
v 0.2715 1.061 -0.28559999999999997
vt 0 0.75
vt 0.25 0.75
vt 0.25 0.5
vt 0 0.5
vt 0 0.75
vt 0.25 0.75
vt 0.25 0.5
vt 0 0.5
vt 0 0.75
vt 0.25 0.75
vt 0.25 0.5
vt 0 0.5
vt 0 0.75
vt 0.25 0.75
vt 0.25 0.5
vt 0 0.5
vt 0 0.75
vt 0.25 0.75
vt 0.25 0.5
vt 0 0.5
vt 0 0.75
vt 0.25 0.75
vt 0.25 0.5
vt 0 0.5
vn 0 0 -1
vn 1 0 0
vn 0 0 1
vn -1 0 0
vn 0 1 0
vn 0 -1 0
usemtl m_cf1e1312-87d9-84d9-97b6-77896c5c9f97
f 2324/7540/1969 2327/7539/1969 2325/7538/1969 2322/7537/1969
f 2323/7544/1970 2324/7543/1970 2322/7542/1970 2321/7541/1970
f 2328/7548/1971 2323/7547/1971 2321/7546/1971 2326/7545/1971
f 2327/7552/1972 2328/7551/1972 2326/7550/1972 2325/7549/1972
f 2326/7556/1973 2321/7555/1973 2322/7554/1973 2325/7553/1973
f 2327/7560/1974 2324/7559/1974 2323/7558/1974 2328/7557/1974
o Ruby berry Glass corner 5
v 0.17362500000000003 1.158875 -0.287625
v 0.17362500000000003 1.158875 -0.28964999999999996
v 0.17362500000000003 1.03625 -0.287625
v 0.17362500000000003 1.03625 -0.28964999999999996
v 0.166875 1.158875 -0.28964999999999996
v 0.166875 1.158875 -0.287625
v 0.166875 1.03625 -0.28964999999999996
v 0.166875 1.03625 -0.287625
vt 0 1
vt 0.25 1
vt 0.25 0.75
vt 0 0.75
vt 0 1
vt 0.25 1
vt 0.25 0.75
vt 0 0.75
vt 0 1
vt 0.25 1
vt 0.25 0.75
vt 0 0.75
vt 0 1
vt 0.25 1
vt 0.25 0.75
vt 0 0.75
vt 0 1
vt 0.25 1
vt 0.25 0.75
vt 0 0.75
vt 0 1
vt 0.25 1
vt 0.25 0.75
vt 0 0.75
vn 0 0 -1
vn 1 0 0
vn 0 0 1
vn -1 0 0
vn 0 1 0
vn 0 -1 0
usemtl m_cf1e1312-87d9-84d9-97b6-77896c5c9f97
f 2332/7564/1975 2335/7563/1975 2333/7562/1975 2330/7561/1975
f 2331/7568/1976 2332/7567/1976 2330/7566/1976 2329/7565/1976
f 2336/7572/1977 2331/7571/1977 2329/7570/1977 2334/7569/1977
f 2335/7576/1978 2336/7575/1978 2334/7574/1978 2333/7573/1978
f 2334/7580/1979 2329/7579/1979 2330/7578/1979 2333/7577/1979
f 2335/7584/1980 2332/7583/1980 2331/7582/1980 2336/7581/1980
o Ruby berry Bright vertical reflection 5
v 0.170475 1.156625 -0.28650000000000003
v 0.170475 1.156625 -0.28785
v 0.170475 1.133 -0.28650000000000003
v 0.170475 1.133 -0.28785
v 0.168225 1.156625 -0.28785
v 0.168225 1.156625 -0.28650000000000003
v 0.168225 1.133 -0.28785
v 0.168225 1.133 -0.28650000000000003
vt 0.25 0.75
vt 0.5 0.75
vt 0.5 0.5
vt 0.25 0.5
vt 0.25 0.75
vt 0.5 0.75
vt 0.5 0.5
vt 0.25 0.5
vt 0.25 0.75
vt 0.5 0.75
vt 0.5 0.5
vt 0.25 0.5
vt 0.25 0.75
vt 0.5 0.75
vt 0.5 0.5
vt 0.25 0.5
vt 0.25 0.75
vt 0.5 0.75
vt 0.5 0.5
vt 0.25 0.5
vt 0.25 0.75
vt 0.5 0.75
vt 0.5 0.5
vt 0.25 0.5
vn 0 0 -1
vn 1 0 0
vn 0 0 1
vn -1 0 0
vn 0 1 0
vn 0 -1 0
usemtl m_cf1e1312-87d9-84d9-97b6-77896c5c9f97
f 2340/7588/1981 2343/7587/1981 2341/7586/1981 2338/7585/1981
f 2339/7592/1982 2340/7591/1982 2338/7590/1982 2337/7589/1982
f 2344/7596/1983 2339/7595/1983 2337/7594/1983 2342/7593/1983
f 2343/7600/1984 2344/7599/1984 2342/7598/1984 2341/7597/1984
f 2342/7604/1985 2337/7603/1985 2338/7602/1985 2341/7601/1985
f 2343/7608/1986 2340/7607/1986 2339/7606/1986 2344/7605/1986
o Ruby berry Rear glass corner 5
v 0.17362500000000003 1.1600000000000001 -0.42285000000000006
v 0.17362500000000003 1.1600000000000001 -0.42464999999999997
v 0.17362500000000003 1.03625 -0.42285000000000006
v 0.17362500000000003 1.03625 -0.42464999999999997
v 0.166875 1.1600000000000001 -0.42464999999999997
v 0.166875 1.1600000000000001 -0.42285000000000006
v 0.166875 1.03625 -0.42464999999999997
v 0.166875 1.03625 -0.42285000000000006
vt 0 1
vt 0.25 1
vt 0.25 0.75
vt 0 0.75
vt 0 1
vt 0.25 1
vt 0.25 0.75
vt 0 0.75
vt 0 1
vt 0.25 1
vt 0.25 0.75
vt 0 0.75
vt 0 1
vt 0.25 1
vt 0.25 0.75
vt 0 0.75
vt 0 1
vt 0.25 1
vt 0.25 0.75
vt 0 0.75
vt 0 1
vt 0.25 1
vt 0.25 0.75
vt 0 0.75
vn 0 0 -1
vn 1 0 0
vn 0 0 1
vn -1 0 0
vn 0 1 0
vn 0 -1 0
usemtl m_cf1e1312-87d9-84d9-97b6-77896c5c9f97
f 2348/7612/1987 2351/7611/1987 2349/7610/1987 2346/7609/1987
f 2347/7616/1988 2348/7615/1988 2346/7614/1988 2345/7613/1988
f 2352/7620/1989 2347/7619/1989 2345/7618/1989 2350/7617/1989
f 2351/7624/1990 2352/7623/1990 2350/7622/1990 2349/7621/1990
f 2350/7628/1991 2345/7627/1991 2346/7626/1991 2349/7625/1991
f 2351/7632/1992 2348/7631/1992 2347/7630/1992 2352/7629/1992
o Ruby berry Glass corner 10.7
v 0.301875 1.158875 -0.287625
v 0.301875 1.158875 -0.28964999999999996
v 0.301875 1.03625 -0.287625
v 0.301875 1.03625 -0.28964999999999996
v 0.29512499999999997 1.158875 -0.28964999999999996
v 0.29512499999999997 1.158875 -0.287625
v 0.29512499999999997 1.03625 -0.28964999999999996
v 0.29512499999999997 1.03625 -0.287625
vt 0 1
vt 0.25 1
vt 0.25 0.75
vt 0 0.75
vt 0 1
vt 0.25 1
vt 0.25 0.75
vt 0 0.75
vt 0 1
vt 0.25 1
vt 0.25 0.75
vt 0 0.75
vt 0 1
vt 0.25 1
vt 0.25 0.75
vt 0 0.75
vt 0 1
vt 0.25 1
vt 0.25 0.75
vt 0 0.75
vt 0 1
vt 0.25 1
vt 0.25 0.75
vt 0 0.75
vn 0 0 -1
vn 1 0 0
vn 0 0 1
vn -1 0 0
vn 0 1 0
vn 0 -1 0
usemtl m_cf1e1312-87d9-84d9-97b6-77896c5c9f97
f 2356/7636/1993 2359/7635/1993 2357/7634/1993 2354/7633/1993
f 2355/7640/1994 2356/7639/1994 2354/7638/1994 2353/7637/1994
f 2360/7644/1995 2355/7643/1995 2353/7642/1995 2358/7641/1995
f 2359/7648/1996 2360/7647/1996 2358/7646/1996 2357/7645/1996
f 2358/7652/1997 2353/7651/1997 2354/7650/1997 2357/7649/1997
f 2359/7656/1998 2356/7655/1998 2355/7654/1998 2360/7653/1998
o Ruby berry Bright vertical reflection 10.7
v 0.298725 1.156625 -0.28650000000000003
v 0.298725 1.156625 -0.28785
v 0.298725 1.133 -0.28650000000000003
v 0.298725 1.133 -0.28785
v 0.29647499999999993 1.156625 -0.28785
v 0.29647499999999993 1.156625 -0.28650000000000003
v 0.29647499999999993 1.133 -0.28785
v 0.29647499999999993 1.133 -0.28650000000000003
vt 0.25 0.75
vt 0.5 0.75
vt 0.5 0.5
vt 0.25 0.5
vt 0.25 0.75
vt 0.5 0.75
vt 0.5 0.5
vt 0.25 0.5
vt 0.25 0.75
vt 0.5 0.75
vt 0.5 0.5
vt 0.25 0.5
vt 0.25 0.75
vt 0.5 0.75
vt 0.5 0.5
vt 0.25 0.5
vt 0.25 0.75
vt 0.5 0.75
vt 0.5 0.5
vt 0.25 0.5
vt 0.25 0.75
vt 0.5 0.75
vt 0.5 0.5
vt 0.25 0.5
vn 0 0 -1
vn 1 0 0
vn 0 0 1
vn -1 0 0
vn 0 1 0
vn 0 -1 0
usemtl m_cf1e1312-87d9-84d9-97b6-77896c5c9f97
f 2364/7660/1999 2367/7659/1999 2365/7658/1999 2362/7657/1999
f 2363/7664/2000 2364/7663/2000 2362/7662/2000 2361/7661/2000
f 2368/7668/2001 2363/7667/2001 2361/7666/2001 2366/7665/2001
f 2367/7672/2002 2368/7671/2002 2366/7670/2002 2365/7669/2002
f 2366/7676/2003 2361/7675/2003 2362/7674/2003 2365/7673/2003
f 2367/7680/2004 2364/7679/2004 2363/7678/2004 2368/7677/2004
o Ruby berry Rear glass corner 10.7
v 0.301875 1.1600000000000001 -0.42285000000000006
v 0.301875 1.1600000000000001 -0.42464999999999997
v 0.301875 1.03625 -0.42285000000000006
v 0.301875 1.03625 -0.42464999999999997
v 0.29512499999999997 1.1600000000000001 -0.42464999999999997
v 0.29512499999999997 1.1600000000000001 -0.42285000000000006
v 0.29512499999999997 1.03625 -0.42464999999999997
v 0.29512499999999997 1.03625 -0.42285000000000006
vt 0 1
vt 0.25 1
vt 0.25 0.75
vt 0 0.75
vt 0 1
vt 0.25 1
vt 0.25 0.75
vt 0 0.75
vt 0 1
vt 0.25 1
vt 0.25 0.75
vt 0 0.75
vt 0 1
vt 0.25 1
vt 0.25 0.75
vt 0 0.75
vt 0 1
vt 0.25 1
vt 0.25 0.75
vt 0 0.75
vt 0 1
vt 0.25 1
vt 0.25 0.75
vt 0 0.75
vn 0 0 -1
vn 1 0 0
vn 0 0 1
vn -1 0 0
vn 0 1 0
vn 0 -1 0
usemtl m_cf1e1312-87d9-84d9-97b6-77896c5c9f97
f 2372/7684/2005 2375/7683/2005 2373/7682/2005 2370/7681/2005
f 2371/7688/2006 2372/7687/2006 2370/7686/2006 2369/7685/2006
f 2376/7692/2007 2371/7691/2007 2369/7690/2007 2374/7689/2007
f 2375/7696/2008 2376/7695/2008 2374/7694/2008 2373/7693/2008
f 2374/7700/2009 2369/7699/2009 2370/7698/2009 2373/7697/2009
f 2375/7704/2010 2372/7703/2010 2371/7702/2010 2376/7701/2010
o Emerald herb Juice body
v 0.46125 1.1600000000000001 -0.28875
v 0.46125 1.1600000000000001 -0.42375
v 0.46125 1.037375 -0.28875
v 0.46125 1.037375 -0.42375
v 0.32625 1.1600000000000001 -0.42375
v 0.32625 1.1600000000000001 -0.28875
v 0.32625 1.037375 -0.42375
v 0.32625 1.037375 -0.28875
vt 0.75 0.75
vt 1 0.75
vt 1 0.5
vt 0.75 0.5
vt 0.75 0.75
vt 1 0.75
vt 1 0.5
vt 0.75 0.5
vt 0.75 0.75
vt 1 0.75
vt 1 0.5
vt 0.75 0.5
vt 0.75 0.75
vt 1 0.75
vt 1 0.5
vt 0.75 0.5
vt 0.75 0.75
vt 1 0.75
vt 1 0.5
vt 0.75 0.5
vt 0.75 0.75
vt 1 0.75
vt 1 0.5
vt 0.75 0.5
vn 0 0 -1
vn 1 0 0
vn 0 0 1
vn -1 0 0
vn 0 1 0
vn 0 -1 0
usemtl m_cf1e1312-87d9-84d9-97b6-77896c5c9f97
f 2380/7708/2011 2383/7707/2011 2381/7706/2011 2378/7705/2011
f 2379/7712/2012 2380/7711/2012 2378/7710/2012 2377/7709/2012
f 2384/7716/2013 2379/7715/2013 2377/7714/2013 2382/7713/2013
f 2383/7720/2014 2384/7719/2014 2382/7718/2014 2381/7717/2014
f 2382/7724/2015 2377/7723/2015 2378/7722/2015 2381/7721/2015
f 2383/7728/2016 2380/7727/2016 2379/7726/2016 2384/7725/2016
o Emerald herb Thick glass base
v 0.462375 1.037375 -0.287625
v 0.462375 1.037375 -0.424875
v 0.462375 1.025 -0.287625
v 0.462375 1.025 -0.424875
v 0.325125 1.037375 -0.424875
v 0.325125 1.037375 -0.287625
v 0.325125 1.025 -0.424875
v 0.325125 1.025 -0.287625
vt 0 1
vt 0.25 1
vt 0.25 0.75
vt 0 0.75
vt 0 1
vt 0.25 1
vt 0.25 0.75
vt 0 0.75
vt 0 1
vt 0.25 1
vt 0.25 0.75
vt 0 0.75
vt 0 1
vt 0.25 1
vt 0.25 0.75
vt 0 0.75
vt 0 1
vt 0.25 1
vt 0.25 0.75
vt 0 0.75
vt 0 1
vt 0.25 1
vt 0.25 0.75
vt 0 0.75
vn 0 0 -1
vn 1 0 0
vn 0 0 1
vn -1 0 0
vn 0 1 0
vn 0 -1 0
usemtl m_cf1e1312-87d9-84d9-97b6-77896c5c9f97
f 2388/7732/2017 2391/7731/2017 2389/7730/2017 2386/7729/2017
f 2387/7736/2018 2388/7735/2018 2386/7734/2018 2385/7733/2018
f 2392/7740/2019 2387/7739/2019 2385/7738/2019 2390/7737/2019
f 2391/7744/2020 2392/7743/2020 2390/7742/2020 2389/7741/2020
f 2390/7748/2021 2385/7747/2021 2386/7746/2021 2389/7745/2021
f 2391/7752/2022 2388/7751/2022 2387/7750/2022 2392/7749/2022
o Emerald herb Juice shoulder wide
v 0.44999999999999996 1.178 -0.30000000000000004
v 0.44999999999999996 1.178 -0.4125
v 0.44999999999999996 1.1600000000000001 -0.30000000000000004
v 0.44999999999999996 1.1600000000000001 -0.4125
v 0.3375 1.178 -0.4125
v 0.3375 1.178 -0.30000000000000004
v 0.3375 1.1600000000000001 -0.4125
v 0.3375 1.1600000000000001 -0.30000000000000004
vt 0.75 0.75
vt 1 0.75
vt 1 0.5
vt 0.75 0.5
vt 0.75 0.75
vt 1 0.75
vt 1 0.5
vt 0.75 0.5
vt 0.75 0.75
vt 1 0.75
vt 1 0.5
vt 0.75 0.5
vt 0.75 0.75
vt 1 0.75
vt 1 0.5
vt 0.75 0.5
vt 0.75 0.75
vt 1 0.75
vt 1 0.5
vt 0.75 0.5
vt 0.75 0.75
vt 1 0.75
vt 1 0.5
vt 0.75 0.5
vn 0 0 -1
vn 1 0 0
vn 0 0 1
vn -1 0 0
vn 0 1 0
vn 0 -1 0
usemtl m_cf1e1312-87d9-84d9-97b6-77896c5c9f97
f 2396/7756/2023 2399/7755/2023 2397/7754/2023 2394/7753/2023
f 2395/7760/2024 2396/7759/2024 2394/7758/2024 2393/7757/2024
f 2400/7764/2025 2395/7763/2025 2393/7762/2025 2398/7761/2025
f 2399/7768/2026 2400/7767/2026 2398/7766/2026 2397/7765/2026
f 2398/7772/2027 2393/7771/2027 2394/7770/2027 2397/7769/2027
f 2399/7776/2028 2396/7775/2028 2395/7774/2028 2400/7773/2028
o Emerald herb Glass shoulder step
v 0.43875 1.1959999999999997 -0.31125
v 0.43875 1.1959999999999997 -0.40125
v 0.43875 1.178 -0.31125
v 0.43875 1.178 -0.40125
v 0.34875 1.1959999999999997 -0.40125
v 0.34875 1.1959999999999997 -0.31125
v 0.34875 1.178 -0.40125
v 0.34875 1.178 -0.31125
vt 0 1
vt 0.25 1
vt 0.25 0.75
vt 0 0.75
vt 0 1
vt 0.25 1
vt 0.25 0.75
vt 0 0.75
vt 0 1
vt 0.25 1
vt 0.25 0.75
vt 0 0.75
vt 0 1
vt 0.25 1
vt 0.25 0.75
vt 0 0.75
vt 0 1
vt 0.25 1
vt 0.25 0.75
vt 0 0.75
vt 0 1
vt 0.25 1
vt 0.25 0.75
vt 0 0.75
vn 0 0 -1
vn 1 0 0
vn 0 0 1
vn -1 0 0
vn 0 1 0
vn 0 -1 0
usemtl m_cf1e1312-87d9-84d9-97b6-77896c5c9f97
f 2404/7780/2029 2407/7779/2029 2405/7778/2029 2402/7777/2029
f 2403/7784/2030 2404/7783/2030 2402/7782/2030 2401/7781/2030
f 2408/7788/2031 2403/7787/2031 2401/7786/2031 2406/7785/2031
f 2407/7792/2032 2408/7791/2032 2406/7790/2032 2405/7789/2032
f 2406/7796/2033 2401/7795/2033 2402/7794/2033 2405/7793/2033
f 2407/7800/2034 2404/7799/2034 2403/7798/2034 2408/7797/2034
o Emerald herb Glass neck
v 0.41625 1.26575 -0.33375
v 0.41625 1.26575 -0.37875000000000003
v 0.41625 1.196 -0.33375
v 0.41625 1.196 -0.37875000000000003
v 0.37124999999999997 1.26575 -0.37875000000000003
v 0.37124999999999997 1.26575 -0.33375
v 0.37124999999999997 1.196 -0.37875000000000003
v 0.37124999999999997 1.196 -0.33375
vt 0 1
vt 0.25 1
vt 0.25 0.75
vt 0 0.75
vt 0 1
vt 0.25 1
vt 0.25 0.75
vt 0 0.75
vt 0 1
vt 0.25 1
vt 0.25 0.75
vt 0 0.75
vt 0 1
vt 0.25 1
vt 0.25 0.75
vt 0 0.75
vt 0 1
vt 0.25 1
vt 0.25 0.75
vt 0 0.75
vt 0 1
vt 0.25 1
vt 0.25 0.75
vt 0 0.75
vn 0 0 -1
vn 1 0 0
vn 0 0 1
vn -1 0 0
vn 0 1 0
vn 0 -1 0
usemtl m_cf1e1312-87d9-84d9-97b6-77896c5c9f97
f 2412/7804/2035 2415/7803/2035 2413/7802/2035 2410/7801/2035
f 2411/7808/2036 2412/7807/2036 2410/7806/2036 2409/7805/2036
f 2416/7812/2037 2411/7811/2037 2409/7810/2037 2414/7809/2037
f 2415/7816/2038 2416/7815/2038 2414/7814/2038 2413/7813/2038
f 2414/7820/2039 2409/7819/2039 2410/7818/2039 2413/7817/2039
f 2415/7824/2040 2412/7823/2040 2411/7822/2040 2416/7821/2040
o Emerald herb Juice inside neck
v 0.412875 1.2342499999999998 -0.33285
v 0.412875 1.2342499999999998 -0.33465
v 0.412875 1.1948750000000001 -0.33285
v 0.412875 1.1948750000000001 -0.33465
v 0.374625 1.2342499999999998 -0.33465
v 0.374625 1.2342499999999998 -0.33285
v 0.374625 1.1948750000000001 -0.33465
v 0.374625 1.1948750000000001 -0.33285
vt 0.75 0.75
vt 1 0.75
vt 1 0.5
vt 0.75 0.5
vt 0.75 0.75
vt 1 0.75
vt 1 0.5
vt 0.75 0.5
vt 0.75 0.75
vt 1 0.75
vt 1 0.5
vt 0.75 0.5
vt 0.75 0.75
vt 1 0.75
vt 1 0.5
vt 0.75 0.5
vt 0.75 0.75
vt 1 0.75
vt 1 0.5
vt 0.75 0.5
vt 0.75 0.75
vt 1 0.75
vt 1 0.5
vt 0.75 0.5
vn 0 0 -1
vn 1 0 0
vn 0 0 1
vn -1 0 0
vn 0 1 0
vn 0 -1 0
usemtl m_cf1e1312-87d9-84d9-97b6-77896c5c9f97
f 2420/7828/2041 2423/7827/2041 2421/7826/2041 2418/7825/2041
f 2419/7832/2042 2420/7831/2042 2418/7830/2042 2417/7829/2042
f 2424/7836/2043 2419/7835/2043 2417/7834/2043 2422/7833/2043
f 2423/7840/2044 2424/7839/2044 2422/7838/2044 2421/7837/2044
f 2422/7844/2045 2417/7843/2045 2418/7842/2045 2421/7841/2045
f 2423/7848/2046 2420/7847/2046 2419/7846/2046 2424/7845/2046
o Emerald herb Brass neck collar
v 0.42074999999999996 1.2657499999999997 -0.32924999999999993
v 0.42074999999999996 1.2657499999999997 -0.38325
v 0.42074999999999996 1.251125 -0.32924999999999993
v 0.42074999999999996 1.251125 -0.38325
v 0.3667499999999999 1.2657499999999997 -0.38325
v 0.3667499999999999 1.2657499999999997 -0.32924999999999993
v 0.3667499999999999 1.251125 -0.38325
v 0.3667499999999999 1.251125 -0.32924999999999993
vt 0 0.75
vt 0.25 0.75
vt 0.25 0.5
vt 0 0.5
vt 0 0.75
vt 0.25 0.75
vt 0.25 0.5
vt 0 0.5
vt 0 0.75
vt 0.25 0.75
vt 0.25 0.5
vt 0 0.5
vt 0 0.75
vt 0.25 0.75
vt 0.25 0.5
vt 0 0.5
vt 0 0.75
vt 0.25 0.75
vt 0.25 0.5
vt 0 0.5
vt 0 0.75
vt 0.25 0.75
vt 0.25 0.5
vt 0 0.5
vn 0 0 -1
vn 1 0 0
vn 0 0 1
vn -1 0 0
vn 0 1 0
vn 0 -1 0
usemtl m_cf1e1312-87d9-84d9-97b6-77896c5c9f97
f 2428/7852/2047 2431/7851/2047 2429/7850/2047 2426/7849/2047
f 2427/7856/2048 2428/7855/2048 2426/7854/2048 2425/7853/2048
f 2432/7860/2049 2427/7859/2049 2425/7858/2049 2430/7857/2049
f 2431/7864/2050 2432/7863/2050 2430/7862/2050 2429/7861/2050
f 2430/7868/2051 2425/7867/2051 2426/7866/2051 2429/7865/2051
f 2431/7872/2052 2428/7871/2052 2427/7870/2052 2432/7869/2052
o Emerald herb Cork stopper
v 0.4149 1.296125 -0.3351
v 0.4149 1.296125 -0.3774
v 0.4149 1.2657499999999997 -0.3351
v 0.4149 1.2657499999999997 -0.3774
v 0.3726 1.296125 -0.3774
v 0.3726 1.296125 -0.3351
v 0.3726 1.2657499999999997 -0.3774
v 0.3726 1.2657499999999997 -0.3351
vt 0.75 1
vt 1 1
vt 1 0.75
vt 0.75 0.75
vt 0.75 1
vt 1 1
vt 1 0.75
vt 0.75 0.75
vt 0.75 1
vt 1 1
vt 1 0.75
vt 0.75 0.75
vt 0.75 1
vt 1 1
vt 1 0.75
vt 0.75 0.75
vt 0.75 1
vt 1 1
vt 1 0.75
vt 0.75 0.75
vt 0.75 1
vt 1 1
vt 1 0.75
vt 0.75 0.75
vn 0 0 -1
vn 1 0 0
vn 0 0 1
vn -1 0 0
vn 0 1 0
vn 0 -1 0
usemtl m_cf1e1312-87d9-84d9-97b6-77896c5c9f97
f 2436/7876/2053 2439/7875/2053 2437/7874/2053 2434/7873/2053
f 2435/7880/2054 2436/7879/2054 2434/7878/2054 2433/7877/2054
f 2440/7884/2055 2435/7883/2055 2433/7882/2055 2438/7881/2055
f 2439/7888/2056 2440/7887/2056 2438/7886/2056 2437/7885/2056
f 2438/7892/2057 2433/7891/2057 2434/7890/2057 2437/7889/2057
f 2439/7896/2058 2436/7895/2058 2435/7894/2058 2440/7893/2058
o Emerald herb Cork top cap
v 0.41714999999999997 1.30175 -0.33285000000000003
v 0.41714999999999997 1.30175 -0.37965
v 0.41714999999999997 1.289375 -0.33285000000000003
v 0.41714999999999997 1.289375 -0.37965
v 0.37035 1.30175 -0.37965
v 0.37035 1.30175 -0.33285000000000003
v 0.37035 1.289375 -0.37965
v 0.37035 1.289375 -0.33285000000000003
vt 0.75 1
vt 1 1
vt 1 0.75
vt 0.75 0.75
vt 0.75 1
vt 1 1
vt 1 0.75
vt 0.75 0.75
vt 0.75 1
vt 1 1
vt 1 0.75
vt 0.75 0.75
vt 0.75 1
vt 1 1
vt 1 0.75
vt 0.75 0.75
vt 0.75 1
vt 1 1
vt 1 0.75
vt 0.75 0.75
vt 0.75 1
vt 1 1
vt 1 0.75
vt 0.75 0.75
vn 0 0 -1
vn 1 0 0
vn 0 0 1
vn -1 0 0
vn 0 1 0
vn 0 -1 0
usemtl m_cf1e1312-87d9-84d9-97b6-77896c5c9f97
f 2444/7900/2059 2447/7899/2059 2445/7898/2059 2442/7897/2059
f 2443/7904/2060 2444/7903/2060 2442/7902/2060 2441/7901/2060
f 2448/7908/2061 2443/7907/2061 2441/7906/2061 2446/7905/2061
f 2447/7912/2062 2448/7911/2062 2446/7910/2062 2445/7909/2062
f 2446/7916/2063 2441/7915/2063 2442/7914/2063 2445/7913/2063
f 2447/7920/2064 2444/7919/2064 2443/7918/2064 2448/7917/2064
o Emerald herb Stopper wax band
v 0.417825 1.2803749999999998 -0.332175
v 0.417825 1.2803749999999998 -0.380325
v 0.417825 1.273625 -0.332175
v 0.417825 1.273625 -0.380325
v 0.369675 1.2803749999999998 -0.380325
v 0.369675 1.2803749999999998 -0.332175
v 0.369675 1.273625 -0.380325
v 0.369675 1.273625 -0.332175
vt 0 0.75
vt 0.25 0.75
vt 0.25 0.5
vt 0 0.5
vt 0 0.75
vt 0.25 0.75
vt 0.25 0.5
vt 0 0.5
vt 0 0.75
vt 0.25 0.75
vt 0.25 0.5
vt 0 0.5
vt 0 0.75
vt 0.25 0.75
vt 0.25 0.5
vt 0 0.5
vt 0 0.75
vt 0.25 0.75
vt 0.25 0.5
vt 0 0.5
vt 0 0.75
vt 0.25 0.75
vt 0.25 0.5
vt 0 0.5
vn 0 0 -1
vn 1 0 0
vn 0 0 1
vn -1 0 0
vn 0 1 0
vn 0 -1 0
usemtl m_cf1e1312-87d9-84d9-97b6-77896c5c9f97
f 2452/7924/2065 2455/7923/2065 2453/7922/2065 2450/7921/2065
f 2451/7928/2066 2452/7927/2066 2450/7926/2066 2449/7925/2066
f 2456/7932/2067 2451/7931/2067 2449/7930/2067 2454/7929/2067
f 2455/7936/2068 2456/7935/2068 2454/7934/2068 2453/7933/2068
f 2454/7940/2069 2449/7939/2069 2450/7938/2069 2453/7937/2069
f 2455/7944/2070 2452/7943/2070 2451/7942/2070 2456/7941/2070
o Emerald herb Front fruit label
v 0.44325 1.1273749999999998 -0.2874
v 0.44325 1.1273749999999998 -0.28874999999999995
v 0.44325 1.06325 -0.2874
v 0.44325 1.06325 -0.28874999999999995
v 0.34425 1.1273749999999998 -0.28874999999999995
v 0.34425 1.1273749999999998 -0.2874
v 0.34425 1.06325 -0.28874999999999995
v 0.34425 1.06325 -0.2874
vt 0.25 0.25
vt 0.5 0.25
vt 0.5 0
vt 0.25 0
vt 0.25 0.25
vt 0.5 0.25
vt 0.5 0
vt 0.25 0
vt 0.25 0.25
vt 0.5 0.25
vt 0.5 0
vt 0.25 0
vt 0.25 0.25
vt 0.5 0.25
vt 0.5 0
vt 0.25 0
vt 0.25 0.25
vt 0.5 0.25
vt 0.5 0
vt 0.25 0
vt 0.25 0.25
vt 0.5 0.25
vt 0.5 0
vt 0.25 0
vn 0 0 -1
vn 1 0 0
vn 0 0 1
vn -1 0 0
vn 0 1 0
vn 0 -1 0
usemtl m_cf1e1312-87d9-84d9-97b6-77896c5c9f97
f 2460/7948/2071 2463/7947/2071 2461/7946/2071 2458/7945/2071
f 2459/7952/2072 2460/7951/2072 2458/7950/2072 2457/7949/2072
f 2464/7956/2073 2459/7955/2073 2457/7954/2073 2462/7953/2073
f 2463/7960/2074 2464/7959/2074 2462/7958/2074 2461/7957/2074
f 2462/7964/2075 2457/7963/2075 2458/7962/2075 2461/7961/2075
f 2463/7968/2076 2460/7967/2076 2459/7966/2076 2464/7965/2076
o Emerald herb Back fruit label
v 0.44325 1.1273749999999998 -0.42375000000000007
v 0.44325 1.1273749999999998 -0.42510000000000003
v 0.44325 1.06325 -0.42375000000000007
v 0.44325 1.06325 -0.42510000000000003
v 0.34425 1.1273749999999998 -0.42510000000000003
v 0.34425 1.1273749999999998 -0.42375000000000007
v 0.34425 1.06325 -0.42510000000000003
v 0.34425 1.06325 -0.42375000000000007
vt 0.25 0.25
vt 0.5 0.25
vt 0.5 0
vt 0.25 0
vt 0.25 0.25
vt 0.5 0.25
vt 0.5 0
vt 0.25 0
vt 0.25 0.25
vt 0.5 0.25
vt 0.5 0
vt 0.25 0
vt 0.25 0.25
vt 0.5 0.25
vt 0.5 0
vt 0.25 0
vt 0.25 0.25
vt 0.5 0.25
vt 0.5 0
vt 0.25 0
vt 0.25 0.25
vt 0.5 0.25
vt 0.5 0
vt 0.25 0
vn 0 0 -1
vn 1 0 0
vn 0 0 1
vn -1 0 0
vn 0 1 0
vn 0 -1 0
usemtl m_cf1e1312-87d9-84d9-97b6-77896c5c9f97
f 2468/7972/2077 2471/7971/2077 2469/7970/2077 2466/7969/2077
f 2467/7976/2078 2468/7975/2078 2466/7974/2078 2465/7973/2078
f 2472/7980/2079 2467/7979/2079 2465/7978/2079 2470/7977/2079
f 2471/7984/2080 2472/7983/2080 2470/7982/2080 2469/7981/2080
f 2470/7988/2081 2465/7987/2081 2466/7986/2081 2469/7985/2081
f 2471/7992/2082 2468/7991/2082 2467/7990/2082 2472/7989/2082
o Emerald herb Side glass glint
v 0.4626 1.1509999999999998 -0.29775
v 0.4626 1.1509999999999998 -0.303375
v 0.4626 1.13075 -0.29775
v 0.4626 1.13075 -0.303375
v 0.46147499999999997 1.1509999999999998 -0.303375
v 0.46147499999999997 1.1509999999999998 -0.29775
v 0.46147499999999997 1.13075 -0.303375
v 0.46147499999999997 1.13075 -0.29775
vt 0.25 0.75
vt 0.5 0.75
vt 0.5 0.5
vt 0.25 0.5
vt 0.25 0.75
vt 0.5 0.75
vt 0.5 0.5
vt 0.25 0.5
vt 0.25 0.75
vt 0.5 0.75
vt 0.5 0.5
vt 0.25 0.5
vt 0.25 0.75
vt 0.5 0.75
vt 0.5 0.5
vt 0.25 0.5
vt 0.25 0.75
vt 0.5 0.75
vt 0.5 0.5
vt 0.25 0.5
vt 0.25 0.75
vt 0.5 0.75
vt 0.5 0.5
vt 0.25 0.5
vn 0 0 -1
vn 1 0 0
vn 0 0 1
vn -1 0 0
vn 0 1 0
vn 0 -1 0
usemtl m_cf1e1312-87d9-84d9-97b6-77896c5c9f97
f 2476/7996/2083 2479/7995/2083 2477/7994/2083 2474/7993/2083
f 2475/8000/2084 2476/7999/2084 2474/7998/2084 2473/7997/2084
f 2480/8004/2085 2475/8003/2085 2473/8002/2085 2478/8001/2085
f 2479/8008/2086 2480/8007/2086 2478/8006/2086 2477/8005/2086
f 2478/8012/2087 2473/8011/2087 2474/8010/2087 2477/8009/2087
f 2479/8016/2088 2476/8015/2088 2475/8014/2088 2480/8013/2088
o Emerald herb Neck reflection
v 0.3762 1.24775 -0.33262499999999995
v 0.3762 1.24775 -0.33375
v 0.3762 1.2184999999999997 -0.33262499999999995
v 0.3762 1.2184999999999997 -0.33375
v 0.37259999999999993 1.24775 -0.33375
v 0.37259999999999993 1.24775 -0.33262499999999995
v 0.37259999999999993 1.2184999999999997 -0.33375
v 0.37259999999999993 1.2184999999999997 -0.33262499999999995
vt 0.25 0.75
vt 0.5 0.75
vt 0.5 0.5
vt 0.25 0.5
vt 0.25 0.75
vt 0.5 0.75
vt 0.5 0.5
vt 0.25 0.5
vt 0.25 0.75
vt 0.5 0.75
vt 0.5 0.5
vt 0.25 0.5
vt 0.25 0.75
vt 0.5 0.75
vt 0.5 0.5
vt 0.25 0.5
vt 0.25 0.75
vt 0.5 0.75
vt 0.5 0.5
vt 0.25 0.5
vt 0.25 0.75
vt 0.5 0.75
vt 0.5 0.5
vt 0.25 0.5
vn 0 0 -1
vn 1 0 0
vn 0 0 1
vn -1 0 0
vn 0 1 0
vn 0 -1 0
usemtl m_cf1e1312-87d9-84d9-97b6-77896c5c9f97
f 2484/8020/2089 2487/8019/2089 2485/8018/2089 2482/8017/2089
f 2483/8024/2090 2484/8023/2090 2482/8022/2090 2481/8021/2090
f 2488/8028/2091 2483/8027/2091 2481/8026/2091 2486/8025/2091
f 2487/8032/2092 2488/8031/2092 2486/8030/2092 2485/8029/2092
f 2486/8036/2093 2481/8035/2093 2482/8034/2093 2485/8033/2093
f 2487/8040/2094 2484/8039/2094 2483/8038/2094 2488/8037/2094
o Emerald herb Shoulder front glass trim
v 0.44999999999999996 1.165625 -0.298875
v 0.44999999999999996 1.165625 -0.3011250000000001
v 0.44999999999999996 1.1611249999999997 -0.298875
v 0.44999999999999996 1.1611249999999997 -0.3011250000000001
v 0.3375 1.165625 -0.3011250000000001
v 0.3375 1.165625 -0.298875
v 0.3375 1.1611249999999997 -0.3011250000000001
v 0.3375 1.1611249999999997 -0.298875
vt 0 1
vt 0.25 1
vt 0.25 0.75
vt 0 0.75
vt 0 1
vt 0.25 1
vt 0.25 0.75
vt 0 0.75
vt 0 1
vt 0.25 1
vt 0.25 0.75
vt 0 0.75
vt 0 1
vt 0.25 1
vt 0.25 0.75
vt 0 0.75
vt 0 1
vt 0.25 1
vt 0.25 0.75
vt 0 0.75
vt 0 1
vt 0.25 1
vt 0.25 0.75
vt 0 0.75
vn 0 0 -1
vn 1 0 0
vn 0 0 1
vn -1 0 0
vn 0 1 0
vn 0 -1 0
usemtl m_cf1e1312-87d9-84d9-97b6-77896c5c9f97
f 2492/8044/2095 2495/8043/2095 2493/8042/2095 2490/8041/2095
f 2491/8048/2096 2492/8047/2096 2490/8046/2096 2489/8045/2096
f 2496/8052/2097 2491/8051/2097 2489/8050/2097 2494/8049/2097
f 2495/8056/2098 2496/8055/2098 2494/8054/2098 2493/8053/2098
f 2494/8060/2099 2489/8059/2099 2490/8058/2099 2493/8057/2099
f 2495/8064/2100 2492/8063/2100 2491/8062/2100 2496/8061/2100
o Emerald herb Label seal ribbon
v 0.43875 1.1296249999999999 -0.28559999999999997
v 0.43875 1.1296249999999999 -0.2874
v 0.43875 1.061 -0.28559999999999997
v 0.43875 1.061 -0.2874
v 0.430875 1.1296249999999999 -0.2874
v 0.430875 1.1296249999999999 -0.28559999999999997
v 0.430875 1.061 -0.2874
v 0.430875 1.061 -0.28559999999999997
vt 0 0.75
vt 0.25 0.75
vt 0.25 0.5
vt 0 0.5
vt 0 0.75
vt 0.25 0.75
vt 0.25 0.5
vt 0 0.5
vt 0 0.75
vt 0.25 0.75
vt 0.25 0.5
vt 0 0.5
vt 0 0.75
vt 0.25 0.75
vt 0.25 0.5
vt 0 0.5
vt 0 0.75
vt 0.25 0.75
vt 0.25 0.5
vt 0 0.5
vt 0 0.75
vt 0.25 0.75
vt 0.25 0.5
vt 0 0.5
vn 0 0 -1
vn 1 0 0
vn 0 0 1
vn -1 0 0
vn 0 1 0
vn 0 -1 0
usemtl m_cf1e1312-87d9-84d9-97b6-77896c5c9f97
f 2500/8068/2101 2503/8067/2101 2501/8066/2101 2498/8065/2101
f 2499/8072/2102 2500/8071/2102 2498/8070/2102 2497/8069/2102
f 2504/8076/2103 2499/8075/2103 2497/8074/2103 2502/8073/2103
f 2503/8080/2104 2504/8079/2104 2502/8078/2104 2501/8077/2104
f 2502/8084/2105 2497/8083/2105 2498/8082/2105 2501/8081/2105
f 2503/8088/2106 2500/8087/2106 2499/8086/2106 2504/8085/2106
o Emerald herb Glass corner 5
v 0.33299999999999996 1.158875 -0.287625
v 0.33299999999999996 1.158875 -0.28964999999999996
v 0.33299999999999996 1.03625 -0.287625
v 0.33299999999999996 1.03625 -0.28964999999999996
v 0.32624999999999993 1.158875 -0.28964999999999996
v 0.32624999999999993 1.158875 -0.287625
v 0.32624999999999993 1.03625 -0.28964999999999996
v 0.32624999999999993 1.03625 -0.287625
vt 0 1
vt 0.25 1
vt 0.25 0.75
vt 0 0.75
vt 0 1
vt 0.25 1
vt 0.25 0.75
vt 0 0.75
vt 0 1
vt 0.25 1
vt 0.25 0.75
vt 0 0.75
vt 0 1
vt 0.25 1
vt 0.25 0.75
vt 0 0.75
vt 0 1
vt 0.25 1
vt 0.25 0.75
vt 0 0.75
vt 0 1
vt 0.25 1
vt 0.25 0.75
vt 0 0.75
vn 0 0 -1
vn 1 0 0
vn 0 0 1
vn -1 0 0
vn 0 1 0
vn 0 -1 0
usemtl m_cf1e1312-87d9-84d9-97b6-77896c5c9f97
f 2508/8092/2107 2511/8091/2107 2509/8090/2107 2506/8089/2107
f 2507/8096/2108 2508/8095/2108 2506/8094/2108 2505/8093/2108
f 2512/8100/2109 2507/8099/2109 2505/8098/2109 2510/8097/2109
f 2511/8104/2110 2512/8103/2110 2510/8102/2110 2509/8101/2110
f 2510/8108/2111 2505/8107/2111 2506/8106/2111 2509/8105/2111
f 2511/8112/2112 2508/8111/2112 2507/8110/2112 2512/8109/2112
o Emerald herb Bright vertical reflection 5
v 0.32985 1.156625 -0.28650000000000003
v 0.32985 1.156625 -0.28785
v 0.32985 1.133 -0.28650000000000003
v 0.32985 1.133 -0.28785
v 0.3276 1.156625 -0.28785
v 0.3276 1.156625 -0.28650000000000003
v 0.3276 1.133 -0.28785
v 0.3276 1.133 -0.28650000000000003
vt 0.25 0.75
vt 0.5 0.75
vt 0.5 0.5
vt 0.25 0.5
vt 0.25 0.75
vt 0.5 0.75
vt 0.5 0.5
vt 0.25 0.5
vt 0.25 0.75
vt 0.5 0.75
vt 0.5 0.5
vt 0.25 0.5
vt 0.25 0.75
vt 0.5 0.75
vt 0.5 0.5
vt 0.25 0.5
vt 0.25 0.75
vt 0.5 0.75
vt 0.5 0.5
vt 0.25 0.5
vt 0.25 0.75
vt 0.5 0.75
vt 0.5 0.5
vt 0.25 0.5
vn 0 0 -1
vn 1 0 0
vn 0 0 1
vn -1 0 0
vn 0 1 0
vn 0 -1 0
usemtl m_cf1e1312-87d9-84d9-97b6-77896c5c9f97
f 2516/8116/2113 2519/8115/2113 2517/8114/2113 2514/8113/2113
f 2515/8120/2114 2516/8119/2114 2514/8118/2114 2513/8117/2114
f 2520/8124/2115 2515/8123/2115 2513/8122/2115 2518/8121/2115
f 2519/8128/2116 2520/8127/2116 2518/8126/2116 2517/8125/2116
f 2518/8132/2117 2513/8131/2117 2514/8130/2117 2517/8129/2117
f 2519/8136/2118 2516/8135/2118 2515/8134/2118 2520/8133/2118
o Emerald herb Rear glass corner 5
v 0.33299999999999996 1.1600000000000001 -0.42285000000000006
v 0.33299999999999996 1.1600000000000001 -0.42464999999999997
v 0.33299999999999996 1.03625 -0.42285000000000006
v 0.33299999999999996 1.03625 -0.42464999999999997
v 0.32624999999999993 1.1600000000000001 -0.42464999999999997
v 0.32624999999999993 1.1600000000000001 -0.42285000000000006
v 0.32624999999999993 1.03625 -0.42464999999999997
v 0.32624999999999993 1.03625 -0.42285000000000006
vt 0 1
vt 0.25 1
vt 0.25 0.75
vt 0 0.75
vt 0 1
vt 0.25 1
vt 0.25 0.75
vt 0 0.75
vt 0 1
vt 0.25 1
vt 0.25 0.75
vt 0 0.75
vt 0 1
vt 0.25 1
vt 0.25 0.75
vt 0 0.75
vt 0 1
vt 0.25 1
vt 0.25 0.75
vt 0 0.75
vt 0 1
vt 0.25 1
vt 0.25 0.75
vt 0 0.75
vn 0 0 -1
vn 1 0 0
vn 0 0 1
vn -1 0 0
vn 0 1 0
vn 0 -1 0
usemtl m_cf1e1312-87d9-84d9-97b6-77896c5c9f97
f 2524/8140/2119 2527/8139/2119 2525/8138/2119 2522/8137/2119
f 2523/8144/2120 2524/8143/2120 2522/8142/2120 2521/8141/2120
f 2528/8148/2121 2523/8147/2121 2521/8146/2121 2526/8145/2121
f 2527/8152/2122 2528/8151/2122 2526/8150/2122 2525/8149/2122
f 2526/8156/2123 2521/8155/2123 2522/8154/2123 2525/8153/2123
f 2527/8160/2124 2524/8159/2124 2523/8158/2124 2528/8157/2124
o Emerald herb Glass corner 10.7
v 0.46125 1.158875 -0.287625
v 0.46125 1.158875 -0.28964999999999996
v 0.46125 1.03625 -0.287625
v 0.46125 1.03625 -0.28964999999999996
v 0.45449999999999996 1.158875 -0.28964999999999996
v 0.45449999999999996 1.158875 -0.287625
v 0.45449999999999996 1.03625 -0.28964999999999996
v 0.45449999999999996 1.03625 -0.287625
vt 0 1
vt 0.25 1
vt 0.25 0.75
vt 0 0.75
vt 0 1
vt 0.25 1
vt 0.25 0.75
vt 0 0.75
vt 0 1
vt 0.25 1
vt 0.25 0.75
vt 0 0.75
vt 0 1
vt 0.25 1
vt 0.25 0.75
vt 0 0.75
vt 0 1
vt 0.25 1
vt 0.25 0.75
vt 0 0.75
vt 0 1
vt 0.25 1
vt 0.25 0.75
vt 0 0.75
vn 0 0 -1
vn 1 0 0
vn 0 0 1
vn -1 0 0
vn 0 1 0
vn 0 -1 0
usemtl m_cf1e1312-87d9-84d9-97b6-77896c5c9f97
f 2532/8164/2125 2535/8163/2125 2533/8162/2125 2530/8161/2125
f 2531/8168/2126 2532/8167/2126 2530/8166/2126 2529/8165/2126
f 2536/8172/2127 2531/8171/2127 2529/8170/2127 2534/8169/2127
f 2535/8176/2128 2536/8175/2128 2534/8174/2128 2533/8173/2128
f 2534/8180/2129 2529/8179/2129 2530/8178/2129 2533/8177/2129
f 2535/8184/2130 2532/8183/2130 2531/8182/2130 2536/8181/2130
o Emerald herb Bright vertical reflection 10.7
v 0.45809999999999995 1.156625 -0.28650000000000003
v 0.45809999999999995 1.156625 -0.28785
v 0.45809999999999995 1.133 -0.28650000000000003
v 0.45809999999999995 1.133 -0.28785
v 0.45585 1.156625 -0.28785
v 0.45585 1.156625 -0.28650000000000003
v 0.45585 1.133 -0.28785
v 0.45585 1.133 -0.28650000000000003
vt 0.25 0.75
vt 0.5 0.75
vt 0.5 0.5
vt 0.25 0.5
vt 0.25 0.75
vt 0.5 0.75
vt 0.5 0.5
vt 0.25 0.5
vt 0.25 0.75
vt 0.5 0.75
vt 0.5 0.5
vt 0.25 0.5
vt 0.25 0.75
vt 0.5 0.75
vt 0.5 0.5
vt 0.25 0.5
vt 0.25 0.75
vt 0.5 0.75
vt 0.5 0.5
vt 0.25 0.5
vt 0.25 0.75
vt 0.5 0.75
vt 0.5 0.5
vt 0.25 0.5
vn 0 0 -1
vn 1 0 0
vn 0 0 1
vn -1 0 0
vn 0 1 0
vn 0 -1 0
usemtl m_cf1e1312-87d9-84d9-97b6-77896c5c9f97
f 2540/8188/2131 2543/8187/2131 2541/8186/2131 2538/8185/2131
f 2539/8192/2132 2540/8191/2132 2538/8190/2132 2537/8189/2132
f 2544/8196/2133 2539/8195/2133 2537/8194/2133 2542/8193/2133
f 2543/8200/2134 2544/8199/2134 2542/8198/2134 2541/8197/2134
f 2542/8204/2135 2537/8203/2135 2538/8202/2135 2541/8201/2135
f 2543/8208/2136 2540/8207/2136 2539/8206/2136 2544/8205/2136
o Emerald herb Rear glass corner 10.7
v 0.46125 1.1600000000000001 -0.42285000000000006
v 0.46125 1.1600000000000001 -0.42464999999999997
v 0.46125 1.03625 -0.42285000000000006
v 0.46125 1.03625 -0.42464999999999997
v 0.45449999999999996 1.1600000000000001 -0.42464999999999997
v 0.45449999999999996 1.1600000000000001 -0.42285000000000006
v 0.45449999999999996 1.03625 -0.42464999999999997
v 0.45449999999999996 1.03625 -0.42285000000000006
vt 0 1
vt 0.25 1
vt 0.25 0.75
vt 0 0.75
vt 0 1
vt 0.25 1
vt 0.25 0.75
vt 0 0.75
vt 0 1
vt 0.25 1
vt 0.25 0.75
vt 0 0.75
vt 0 1
vt 0.25 1
vt 0.25 0.75
vt 0 0.75
vt 0 1
vt 0.25 1
vt 0.25 0.75
vt 0 0.75
vt 0 1
vt 0.25 1
vt 0.25 0.75
vt 0 0.75
vn 0 0 -1
vn 1 0 0
vn 0 0 1
vn -1 0 0
vn 0 1 0
vn 0 -1 0
usemtl m_cf1e1312-87d9-84d9-97b6-77896c5c9f97
f 2548/8212/2137 2551/8211/2137 2549/8210/2137 2546/8209/2137
f 2547/8216/2138 2548/8215/2138 2546/8214/2138 2545/8213/2138
f 2552/8220/2139 2547/8219/2139 2545/8218/2139 2550/8217/2139
f 2551/8224/2140 2552/8223/2140 2550/8222/2140 2549/8221/2140
f 2550/8228/2141 2545/8227/2141 2546/8226/2141 2549/8225/2141
f 2551/8232/2142 2548/8231/2142 2547/8230/2142 2552/8229/2142
o Moonberry Juice body
v 0.620625 1.1600000000000001 -0.28875
v 0.620625 1.1600000000000001 -0.42375
v 0.620625 1.037375 -0.28875
v 0.620625 1.037375 -0.42375
v 0.485625 1.1600000000000001 -0.42375
v 0.485625 1.1600000000000001 -0.28875
v 0.485625 1.037375 -0.42375
v 0.485625 1.037375 -0.28875
vt 0 0.5
vt 0.25 0.5
vt 0.25 0.25
vt 0 0.25
vt 0 0.5
vt 0.25 0.5
vt 0.25 0.25
vt 0 0.25
vt 0 0.5
vt 0.25 0.5
vt 0.25 0.25
vt 0 0.25
vt 0 0.5
vt 0.25 0.5
vt 0.25 0.25
vt 0 0.25
vt 0 0.5
vt 0.25 0.5
vt 0.25 0.25
vt 0 0.25
vt 0 0.5
vt 0.25 0.5
vt 0.25 0.25
vt 0 0.25
vn 0 0 -1
vn 1 0 0
vn 0 0 1
vn -1 0 0
vn 0 1 0
vn 0 -1 0
usemtl m_cf1e1312-87d9-84d9-97b6-77896c5c9f97
f 2556/8236/2143 2559/8235/2143 2557/8234/2143 2554/8233/2143
f 2555/8240/2144 2556/8239/2144 2554/8238/2144 2553/8237/2144
f 2560/8244/2145 2555/8243/2145 2553/8242/2145 2558/8241/2145
f 2559/8248/2146 2560/8247/2146 2558/8246/2146 2557/8245/2146
f 2558/8252/2147 2553/8251/2147 2554/8250/2147 2557/8249/2147
f 2559/8256/2148 2556/8255/2148 2555/8254/2148 2560/8253/2148
o Moonberry Thick glass base
v 0.62175 1.037375 -0.287625
v 0.62175 1.037375 -0.424875
v 0.62175 1.025 -0.287625
v 0.62175 1.025 -0.424875
v 0.48449999999999993 1.037375 -0.424875
v 0.48449999999999993 1.037375 -0.287625
v 0.48449999999999993 1.025 -0.424875
v 0.48449999999999993 1.025 -0.287625
vt 0 1
vt 0.25 1
vt 0.25 0.75
vt 0 0.75
vt 0 1
vt 0.25 1
vt 0.25 0.75
vt 0 0.75
vt 0 1
vt 0.25 1
vt 0.25 0.75
vt 0 0.75
vt 0 1
vt 0.25 1
vt 0.25 0.75
vt 0 0.75
vt 0 1
vt 0.25 1
vt 0.25 0.75
vt 0 0.75
vt 0 1
vt 0.25 1
vt 0.25 0.75
vt 0 0.75
vn 0 0 -1
vn 1 0 0
vn 0 0 1
vn -1 0 0
vn 0 1 0
vn 0 -1 0
usemtl m_cf1e1312-87d9-84d9-97b6-77896c5c9f97
f 2564/8260/2149 2567/8259/2149 2565/8258/2149 2562/8257/2149
f 2563/8264/2150 2564/8263/2150 2562/8262/2150 2561/8261/2150
f 2568/8268/2151 2563/8267/2151 2561/8266/2151 2566/8265/2151
f 2567/8272/2152 2568/8271/2152 2566/8270/2152 2565/8269/2152
f 2566/8276/2153 2561/8275/2153 2562/8274/2153 2565/8273/2153
f 2567/8280/2154 2564/8279/2154 2563/8278/2154 2568/8277/2154
o Moonberry Juice shoulder wide
v 0.609375 1.178 -0.30000000000000004
v 0.609375 1.178 -0.4125
v 0.609375 1.1600000000000001 -0.30000000000000004
v 0.609375 1.1600000000000001 -0.4125
v 0.49687499999999996 1.178 -0.4125
v 0.49687499999999996 1.178 -0.30000000000000004
v 0.49687499999999996 1.1600000000000001 -0.4125
v 0.49687499999999996 1.1600000000000001 -0.30000000000000004
vt 0 0.5
vt 0.25 0.5
vt 0.25 0.25
vt 0 0.25
vt 0 0.5
vt 0.25 0.5
vt 0.25 0.25
vt 0 0.25
vt 0 0.5
vt 0.25 0.5
vt 0.25 0.25
vt 0 0.25
vt 0 0.5
vt 0.25 0.5
vt 0.25 0.25
vt 0 0.25
vt 0 0.5
vt 0.25 0.5
vt 0.25 0.25
vt 0 0.25
vt 0 0.5
vt 0.25 0.5
vt 0.25 0.25
vt 0 0.25
vn 0 0 -1
vn 1 0 0
vn 0 0 1
vn -1 0 0
vn 0 1 0
vn 0 -1 0
usemtl m_cf1e1312-87d9-84d9-97b6-77896c5c9f97
f 2572/8284/2155 2575/8283/2155 2573/8282/2155 2570/8281/2155
f 2571/8288/2156 2572/8287/2156 2570/8286/2156 2569/8285/2156
f 2576/8292/2157 2571/8291/2157 2569/8290/2157 2574/8289/2157
f 2575/8296/2158 2576/8295/2158 2574/8294/2158 2573/8293/2158
f 2574/8300/2159 2569/8299/2159 2570/8298/2159 2573/8297/2159
f 2575/8304/2160 2572/8303/2160 2571/8302/2160 2576/8301/2160
o Moonberry Glass shoulder step
v 0.598125 1.1959999999999997 -0.31125
v 0.598125 1.1959999999999997 -0.40125
v 0.598125 1.178 -0.31125
v 0.598125 1.178 -0.40125
v 0.5081249999999999 1.1959999999999997 -0.40125
v 0.5081249999999999 1.1959999999999997 -0.31125
v 0.5081249999999999 1.178 -0.40125
v 0.5081249999999999 1.178 -0.31125
vt 0 1
vt 0.25 1
vt 0.25 0.75
vt 0 0.75
vt 0 1
vt 0.25 1
vt 0.25 0.75
vt 0 0.75
vt 0 1
vt 0.25 1
vt 0.25 0.75
vt 0 0.75
vt 0 1
vt 0.25 1
vt 0.25 0.75
vt 0 0.75
vt 0 1
vt 0.25 1
vt 0.25 0.75
vt 0 0.75
vt 0 1
vt 0.25 1
vt 0.25 0.75
vt 0 0.75
vn 0 0 -1
vn 1 0 0
vn 0 0 1
vn -1 0 0
vn 0 1 0
vn 0 -1 0
usemtl m_cf1e1312-87d9-84d9-97b6-77896c5c9f97
f 2580/8308/2161 2583/8307/2161 2581/8306/2161 2578/8305/2161
f 2579/8312/2162 2580/8311/2162 2578/8310/2162 2577/8309/2162
f 2584/8316/2163 2579/8315/2163 2577/8314/2163 2582/8313/2163
f 2583/8320/2164 2584/8319/2164 2582/8318/2164 2581/8317/2164
f 2582/8324/2165 2577/8323/2165 2578/8322/2165 2581/8321/2165
f 2583/8328/2166 2580/8327/2166 2579/8326/2166 2584/8325/2166
o Moonberry Glass neck
v 0.5756249999999999 1.26575 -0.33375
v 0.5756249999999999 1.26575 -0.37875000000000003
v 0.5756249999999999 1.196 -0.33375
v 0.5756249999999999 1.196 -0.37875000000000003
v 0.530625 1.26575 -0.37875000000000003
v 0.530625 1.26575 -0.33375
v 0.530625 1.196 -0.37875000000000003
v 0.530625 1.196 -0.33375
vt 0 1
vt 0.25 1
vt 0.25 0.75
vt 0 0.75
vt 0 1
vt 0.25 1
vt 0.25 0.75
vt 0 0.75
vt 0 1
vt 0.25 1
vt 0.25 0.75
vt 0 0.75
vt 0 1
vt 0.25 1
vt 0.25 0.75
vt 0 0.75
vt 0 1
vt 0.25 1
vt 0.25 0.75
vt 0 0.75
vt 0 1
vt 0.25 1
vt 0.25 0.75
vt 0 0.75
vn 0 0 -1
vn 1 0 0
vn 0 0 1
vn -1 0 0
vn 0 1 0
vn 0 -1 0
usemtl m_cf1e1312-87d9-84d9-97b6-77896c5c9f97
f 2588/8332/2167 2591/8331/2167 2589/8330/2167 2586/8329/2167
f 2587/8336/2168 2588/8335/2168 2586/8334/2168 2585/8333/2168
f 2592/8340/2169 2587/8339/2169 2585/8338/2169 2590/8337/2169
f 2591/8344/2170 2592/8343/2170 2590/8342/2170 2589/8341/2170
f 2590/8348/2171 2585/8347/2171 2586/8346/2171 2589/8345/2171
f 2591/8352/2172 2588/8351/2172 2587/8350/2172 2592/8349/2172
o Moonberry Juice inside neck
v 0.5722499999999999 1.2342499999999998 -0.33285
v 0.5722499999999999 1.2342499999999998 -0.33465
v 0.5722499999999999 1.1948750000000001 -0.33285
v 0.5722499999999999 1.1948750000000001 -0.33465
v 0.534 1.2342499999999998 -0.33465
v 0.534 1.2342499999999998 -0.33285
v 0.534 1.1948750000000001 -0.33465
v 0.534 1.1948750000000001 -0.33285
vt 0 0.5
vt 0.25 0.5
vt 0.25 0.25
vt 0 0.25
vt 0 0.5
vt 0.25 0.5
vt 0.25 0.25
vt 0 0.25
vt 0 0.5
vt 0.25 0.5
vt 0.25 0.25
vt 0 0.25
vt 0 0.5
vt 0.25 0.5
vt 0.25 0.25
vt 0 0.25
vt 0 0.5
vt 0.25 0.5
vt 0.25 0.25
vt 0 0.25
vt 0 0.5
vt 0.25 0.5
vt 0.25 0.25
vt 0 0.25
vn 0 0 -1
vn 1 0 0
vn 0 0 1
vn -1 0 0
vn 0 1 0
vn 0 -1 0
usemtl m_cf1e1312-87d9-84d9-97b6-77896c5c9f97
f 2596/8356/2173 2599/8355/2173 2597/8354/2173 2594/8353/2173
f 2595/8360/2174 2596/8359/2174 2594/8358/2174 2593/8357/2174
f 2600/8364/2175 2595/8363/2175 2593/8362/2175 2598/8361/2175
f 2599/8368/2176 2600/8367/2176 2598/8366/2176 2597/8365/2176
f 2598/8372/2177 2593/8371/2177 2594/8370/2177 2597/8369/2177
f 2599/8376/2178 2596/8375/2178 2595/8374/2178 2600/8373/2178
o Moonberry Brass neck collar
v 0.580125 1.2657499999999997 -0.32924999999999993
v 0.580125 1.2657499999999997 -0.38325
v 0.580125 1.251125 -0.32924999999999993
v 0.580125 1.251125 -0.38325
v 0.526125 1.2657499999999997 -0.38325
v 0.526125 1.2657499999999997 -0.32924999999999993
v 0.526125 1.251125 -0.38325
v 0.526125 1.251125 -0.32924999999999993
vt 0 0.75
vt 0.25 0.75
vt 0.25 0.5
vt 0 0.5
vt 0 0.75
vt 0.25 0.75
vt 0.25 0.5
vt 0 0.5
vt 0 0.75
vt 0.25 0.75
vt 0.25 0.5
vt 0 0.5
vt 0 0.75
vt 0.25 0.75
vt 0.25 0.5
vt 0 0.5
vt 0 0.75
vt 0.25 0.75
vt 0.25 0.5
vt 0 0.5
vt 0 0.75
vt 0.25 0.75
vt 0.25 0.5
vt 0 0.5
vn 0 0 -1
vn 1 0 0
vn 0 0 1
vn -1 0 0
vn 0 1 0
vn 0 -1 0
usemtl m_cf1e1312-87d9-84d9-97b6-77896c5c9f97
f 2604/8380/2179 2607/8379/2179 2605/8378/2179 2602/8377/2179
f 2603/8384/2180 2604/8383/2180 2602/8382/2180 2601/8381/2180
f 2608/8388/2181 2603/8387/2181 2601/8386/2181 2606/8385/2181
f 2607/8392/2182 2608/8391/2182 2606/8390/2182 2605/8389/2182
f 2606/8396/2183 2601/8395/2183 2602/8394/2183 2605/8393/2183
f 2607/8400/2184 2604/8399/2184 2603/8398/2184 2608/8397/2184
o Moonberry Cork stopper
v 0.574275 1.296125 -0.3351
v 0.574275 1.296125 -0.3774
v 0.574275 1.2657499999999997 -0.3351
v 0.574275 1.2657499999999997 -0.3774
v 0.531975 1.296125 -0.3774
v 0.531975 1.296125 -0.3351
v 0.531975 1.2657499999999997 -0.3774
v 0.531975 1.2657499999999997 -0.3351
vt 0.75 1
vt 1 1
vt 1 0.75
vt 0.75 0.75
vt 0.75 1
vt 1 1
vt 1 0.75
vt 0.75 0.75
vt 0.75 1
vt 1 1
vt 1 0.75
vt 0.75 0.75
vt 0.75 1
vt 1 1
vt 1 0.75
vt 0.75 0.75
vt 0.75 1
vt 1 1
vt 1 0.75
vt 0.75 0.75
vt 0.75 1
vt 1 1
vt 1 0.75
vt 0.75 0.75
vn 0 0 -1
vn 1 0 0
vn 0 0 1
vn -1 0 0
vn 0 1 0
vn 0 -1 0
usemtl m_cf1e1312-87d9-84d9-97b6-77896c5c9f97
f 2612/8404/2185 2615/8403/2185 2613/8402/2185 2610/8401/2185
f 2611/8408/2186 2612/8407/2186 2610/8406/2186 2609/8405/2186
f 2616/8412/2187 2611/8411/2187 2609/8410/2187 2614/8409/2187
f 2615/8416/2188 2616/8415/2188 2614/8414/2188 2613/8413/2188
f 2614/8420/2189 2609/8419/2189 2610/8418/2189 2613/8417/2189
f 2615/8424/2190 2612/8423/2190 2611/8422/2190 2616/8421/2190
o Moonberry Cork top cap
v 0.576525 1.30175 -0.33285000000000003
v 0.576525 1.30175 -0.37965
v 0.576525 1.289375 -0.33285000000000003
v 0.576525 1.289375 -0.37965
v 0.529725 1.30175 -0.37965
v 0.529725 1.30175 -0.33285000000000003
v 0.529725 1.289375 -0.37965
v 0.529725 1.289375 -0.33285000000000003
vt 0.75 1
vt 1 1
vt 1 0.75
vt 0.75 0.75
vt 0.75 1
vt 1 1
vt 1 0.75
vt 0.75 0.75
vt 0.75 1
vt 1 1
vt 1 0.75
vt 0.75 0.75
vt 0.75 1
vt 1 1
vt 1 0.75
vt 0.75 0.75
vt 0.75 1
vt 1 1
vt 1 0.75
vt 0.75 0.75
vt 0.75 1
vt 1 1
vt 1 0.75
vt 0.75 0.75
vn 0 0 -1
vn 1 0 0
vn 0 0 1
vn -1 0 0
vn 0 1 0
vn 0 -1 0
usemtl m_cf1e1312-87d9-84d9-97b6-77896c5c9f97
f 2620/8428/2191 2623/8427/2191 2621/8426/2191 2618/8425/2191
f 2619/8432/2192 2620/8431/2192 2618/8430/2192 2617/8429/2192
f 2624/8436/2193 2619/8435/2193 2617/8434/2193 2622/8433/2193
f 2623/8440/2194 2624/8439/2194 2622/8438/2194 2621/8437/2194
f 2622/8444/2195 2617/8443/2195 2618/8442/2195 2621/8441/2195
f 2623/8448/2196 2620/8447/2196 2619/8446/2196 2624/8445/2196
o Moonberry Stopper wax band
v 0.5771999999999999 1.2803749999999998 -0.332175
v 0.5771999999999999 1.2803749999999998 -0.380325
v 0.5771999999999999 1.273625 -0.332175
v 0.5771999999999999 1.273625 -0.380325
v 0.52905 1.2803749999999998 -0.380325
v 0.52905 1.2803749999999998 -0.332175
v 0.52905 1.273625 -0.380325
v 0.52905 1.273625 -0.332175
vt 0 0.75
vt 0.25 0.75
vt 0.25 0.5
vt 0 0.5
vt 0 0.75
vt 0.25 0.75
vt 0.25 0.5
vt 0 0.5
vt 0 0.75
vt 0.25 0.75
vt 0.25 0.5
vt 0 0.5
vt 0 0.75
vt 0.25 0.75
vt 0.25 0.5
vt 0 0.5
vt 0 0.75
vt 0.25 0.75
vt 0.25 0.5
vt 0 0.5
vt 0 0.75
vt 0.25 0.75
vt 0.25 0.5
vt 0 0.5
vn 0 0 -1
vn 1 0 0
vn 0 0 1
vn -1 0 0
vn 0 1 0
vn 0 -1 0
usemtl m_cf1e1312-87d9-84d9-97b6-77896c5c9f97
f 2628/8452/2197 2631/8451/2197 2629/8450/2197 2626/8449/2197
f 2627/8456/2198 2628/8455/2198 2626/8454/2198 2625/8453/2198
f 2632/8460/2199 2627/8459/2199 2625/8458/2199 2630/8457/2199
f 2631/8464/2200 2632/8463/2200 2630/8462/2200 2629/8461/2200
f 2630/8468/2201 2625/8467/2201 2626/8466/2201 2629/8465/2201
f 2631/8472/2202 2628/8471/2202 2627/8470/2202 2632/8469/2202
o Moonberry Front fruit label
v 0.602625 1.1273749999999998 -0.2874
v 0.602625 1.1273749999999998 -0.28874999999999995
v 0.602625 1.06325 -0.2874
v 0.602625 1.06325 -0.28874999999999995
v 0.503625 1.1273749999999998 -0.28874999999999995
v 0.503625 1.1273749999999998 -0.2874
v 0.503625 1.06325 -0.28874999999999995
v 0.503625 1.06325 -0.2874
vt 0.5 0.25
vt 0.75 0.25
vt 0.75 0
vt 0.5 0
vt 0.5 0.25
vt 0.75 0.25
vt 0.75 0
vt 0.5 0
vt 0.5 0.25
vt 0.75 0.25
vt 0.75 0
vt 0.5 0
vt 0.5 0.25
vt 0.75 0.25
vt 0.75 0
vt 0.5 0
vt 0.5 0.25
vt 0.75 0.25
vt 0.75 0
vt 0.5 0
vt 0.5 0.25
vt 0.75 0.25
vt 0.75 0
vt 0.5 0
vn 0 0 -1
vn 1 0 0
vn 0 0 1
vn -1 0 0
vn 0 1 0
vn 0 -1 0
usemtl m_cf1e1312-87d9-84d9-97b6-77896c5c9f97
f 2636/8476/2203 2639/8475/2203 2637/8474/2203 2634/8473/2203
f 2635/8480/2204 2636/8479/2204 2634/8478/2204 2633/8477/2204
f 2640/8484/2205 2635/8483/2205 2633/8482/2205 2638/8481/2205
f 2639/8488/2206 2640/8487/2206 2638/8486/2206 2637/8485/2206
f 2638/8492/2207 2633/8491/2207 2634/8490/2207 2637/8489/2207
f 2639/8496/2208 2636/8495/2208 2635/8494/2208 2640/8493/2208
o Moonberry Back fruit label
v 0.602625 1.1273749999999998 -0.42375000000000007
v 0.602625 1.1273749999999998 -0.42510000000000003
v 0.602625 1.06325 -0.42375000000000007
v 0.602625 1.06325 -0.42510000000000003
v 0.503625 1.1273749999999998 -0.42510000000000003
v 0.503625 1.1273749999999998 -0.42375000000000007
v 0.503625 1.06325 -0.42510000000000003
v 0.503625 1.06325 -0.42375000000000007
vt 0.5 0.25
vt 0.75 0.25
vt 0.75 0
vt 0.5 0
vt 0.5 0.25
vt 0.75 0.25
vt 0.75 0
vt 0.5 0
vt 0.5 0.25
vt 0.75 0.25
vt 0.75 0
vt 0.5 0
vt 0.5 0.25
vt 0.75 0.25
vt 0.75 0
vt 0.5 0
vt 0.5 0.25
vt 0.75 0.25
vt 0.75 0
vt 0.5 0
vt 0.5 0.25
vt 0.75 0.25
vt 0.75 0
vt 0.5 0
vn 0 0 -1
vn 1 0 0
vn 0 0 1
vn -1 0 0
vn 0 1 0
vn 0 -1 0
usemtl m_cf1e1312-87d9-84d9-97b6-77896c5c9f97
f 2644/8500/2209 2647/8499/2209 2645/8498/2209 2642/8497/2209
f 2643/8504/2210 2644/8503/2210 2642/8502/2210 2641/8501/2210
f 2648/8508/2211 2643/8507/2211 2641/8506/2211 2646/8505/2211
f 2647/8512/2212 2648/8511/2212 2646/8510/2212 2645/8509/2212
f 2646/8516/2213 2641/8515/2213 2642/8514/2213 2645/8513/2213
f 2647/8520/2214 2644/8519/2214 2643/8518/2214 2648/8517/2214
o Moonberry Side glass glint
v 0.621975 1.1509999999999998 -0.29775
v 0.621975 1.1509999999999998 -0.303375
v 0.621975 1.13075 -0.29775
v 0.621975 1.13075 -0.303375
v 0.6208499999999999 1.1509999999999998 -0.303375
v 0.6208499999999999 1.1509999999999998 -0.29775
v 0.6208499999999999 1.13075 -0.303375
v 0.6208499999999999 1.13075 -0.29775
vt 0.25 0.75
vt 0.5 0.75
vt 0.5 0.5
vt 0.25 0.5
vt 0.25 0.75
vt 0.5 0.75
vt 0.5 0.5
vt 0.25 0.5
vt 0.25 0.75
vt 0.5 0.75
vt 0.5 0.5
vt 0.25 0.5
vt 0.25 0.75
vt 0.5 0.75
vt 0.5 0.5
vt 0.25 0.5
vt 0.25 0.75
vt 0.5 0.75
vt 0.5 0.5
vt 0.25 0.5
vt 0.25 0.75
vt 0.5 0.75
vt 0.5 0.5
vt 0.25 0.5
vn 0 0 -1
vn 1 0 0
vn 0 0 1
vn -1 0 0
vn 0 1 0
vn 0 -1 0
usemtl m_cf1e1312-87d9-84d9-97b6-77896c5c9f97
f 2652/8524/2215 2655/8523/2215 2653/8522/2215 2650/8521/2215
f 2651/8528/2216 2652/8527/2216 2650/8526/2216 2649/8525/2216
f 2656/8532/2217 2651/8531/2217 2649/8530/2217 2654/8529/2217
f 2655/8536/2218 2656/8535/2218 2654/8534/2218 2653/8533/2218
f 2654/8540/2219 2649/8539/2219 2650/8538/2219 2653/8537/2219
f 2655/8544/2220 2652/8543/2220 2651/8542/2220 2656/8541/2220
o Moonberry Neck reflection
v 0.535575 1.24775 -0.33262499999999995
v 0.535575 1.24775 -0.33375
v 0.535575 1.2184999999999997 -0.33262499999999995
v 0.535575 1.2184999999999997 -0.33375
v 0.531975 1.24775 -0.33375
v 0.531975 1.24775 -0.33262499999999995
v 0.531975 1.2184999999999997 -0.33375
v 0.531975 1.2184999999999997 -0.33262499999999995
vt 0.25 0.75
vt 0.5 0.75
vt 0.5 0.5
vt 0.25 0.5
vt 0.25 0.75
vt 0.5 0.75
vt 0.5 0.5
vt 0.25 0.5
vt 0.25 0.75
vt 0.5 0.75
vt 0.5 0.5
vt 0.25 0.5
vt 0.25 0.75
vt 0.5 0.75
vt 0.5 0.5
vt 0.25 0.5
vt 0.25 0.75
vt 0.5 0.75
vt 0.5 0.5
vt 0.25 0.5
vt 0.25 0.75
vt 0.5 0.75
vt 0.5 0.5
vt 0.25 0.5
vn 0 0 -1
vn 1 0 0
vn 0 0 1
vn -1 0 0
vn 0 1 0
vn 0 -1 0
usemtl m_cf1e1312-87d9-84d9-97b6-77896c5c9f97
f 2660/8548/2221 2663/8547/2221 2661/8546/2221 2658/8545/2221
f 2659/8552/2222 2660/8551/2222 2658/8550/2222 2657/8549/2222
f 2664/8556/2223 2659/8555/2223 2657/8554/2223 2662/8553/2223
f 2663/8560/2224 2664/8559/2224 2662/8558/2224 2661/8557/2224
f 2662/8564/2225 2657/8563/2225 2658/8562/2225 2661/8561/2225
f 2663/8568/2226 2660/8567/2226 2659/8566/2226 2664/8565/2226
o Moonberry Shoulder front glass trim
v 0.609375 1.165625 -0.298875
v 0.609375 1.165625 -0.3011250000000001
v 0.609375 1.1611249999999997 -0.298875
v 0.609375 1.1611249999999997 -0.3011250000000001
v 0.49687499999999996 1.165625 -0.3011250000000001
v 0.49687499999999996 1.165625 -0.298875
v 0.49687499999999996 1.1611249999999997 -0.3011250000000001
v 0.49687499999999996 1.1611249999999997 -0.298875
vt 0 1
vt 0.25 1
vt 0.25 0.75
vt 0 0.75
vt 0 1
vt 0.25 1
vt 0.25 0.75
vt 0 0.75
vt 0 1
vt 0.25 1
vt 0.25 0.75
vt 0 0.75
vt 0 1
vt 0.25 1
vt 0.25 0.75
vt 0 0.75
vt 0 1
vt 0.25 1
vt 0.25 0.75
vt 0 0.75
vt 0 1
vt 0.25 1
vt 0.25 0.75
vt 0 0.75
vn 0 0 -1
vn 1 0 0
vn 0 0 1
vn -1 0 0
vn 0 1 0
vn 0 -1 0
usemtl m_cf1e1312-87d9-84d9-97b6-77896c5c9f97
f 2668/8572/2227 2671/8571/2227 2669/8570/2227 2666/8569/2227
f 2667/8576/2228 2668/8575/2228 2666/8574/2228 2665/8573/2228
f 2672/8580/2229 2667/8579/2229 2665/8578/2229 2670/8577/2229
f 2671/8584/2230 2672/8583/2230 2670/8582/2230 2669/8581/2230
f 2670/8588/2231 2665/8587/2231 2666/8586/2231 2669/8585/2231
f 2671/8592/2232 2668/8591/2232 2667/8590/2232 2672/8589/2232
o Moonberry Label seal ribbon
v 0.598125 1.1296249999999999 -0.28559999999999997
v 0.598125 1.1296249999999999 -0.2874
v 0.598125 1.061 -0.28559999999999997
v 0.598125 1.061 -0.2874
v 0.5902499999999999 1.1296249999999999 -0.2874
v 0.5902499999999999 1.1296249999999999 -0.28559999999999997
v 0.5902499999999999 1.061 -0.2874
v 0.5902499999999999 1.061 -0.28559999999999997
vt 0 0.75
vt 0.25 0.75
vt 0.25 0.5
vt 0 0.5
vt 0 0.75
vt 0.25 0.75
vt 0.25 0.5
vt 0 0.5
vt 0 0.75
vt 0.25 0.75
vt 0.25 0.5
vt 0 0.5
vt 0 0.75
vt 0.25 0.75
vt 0.25 0.5
vt 0 0.5
vt 0 0.75
vt 0.25 0.75
vt 0.25 0.5
vt 0 0.5
vt 0 0.75
vt 0.25 0.75
vt 0.25 0.5
vt 0 0.5
vn 0 0 -1
vn 1 0 0
vn 0 0 1
vn -1 0 0
vn 0 1 0
vn 0 -1 0
usemtl m_cf1e1312-87d9-84d9-97b6-77896c5c9f97
f 2676/8596/2233 2679/8595/2233 2677/8594/2233 2674/8593/2233
f 2675/8600/2234 2676/8599/2234 2674/8598/2234 2673/8597/2234
f 2680/8604/2235 2675/8603/2235 2673/8602/2235 2678/8601/2235
f 2679/8608/2236 2680/8607/2236 2678/8606/2236 2677/8605/2236
f 2678/8612/2237 2673/8611/2237 2674/8610/2237 2677/8609/2237
f 2679/8616/2238 2676/8615/2238 2675/8614/2238 2680/8613/2238
o Moonberry Glass corner 5
v 0.492375 1.158875 -0.287625
v 0.492375 1.158875 -0.28964999999999996
v 0.492375 1.03625 -0.287625
v 0.492375 1.03625 -0.28964999999999996
v 0.485625 1.158875 -0.28964999999999996
v 0.485625 1.158875 -0.287625
v 0.485625 1.03625 -0.28964999999999996
v 0.485625 1.03625 -0.287625
vt 0 1
vt 0.25 1
vt 0.25 0.75
vt 0 0.75
vt 0 1
vt 0.25 1
vt 0.25 0.75
vt 0 0.75
vt 0 1
vt 0.25 1
vt 0.25 0.75
vt 0 0.75
vt 0 1
vt 0.25 1
vt 0.25 0.75
vt 0 0.75
vt 0 1
vt 0.25 1
vt 0.25 0.75
vt 0 0.75
vt 0 1
vt 0.25 1
vt 0.25 0.75
vt 0 0.75
vn 0 0 -1
vn 1 0 0
vn 0 0 1
vn -1 0 0
vn 0 1 0
vn 0 -1 0
usemtl m_cf1e1312-87d9-84d9-97b6-77896c5c9f97
f 2684/8620/2239 2687/8619/2239 2685/8618/2239 2682/8617/2239
f 2683/8624/2240 2684/8623/2240 2682/8622/2240 2681/8621/2240
f 2688/8628/2241 2683/8627/2241 2681/8626/2241 2686/8625/2241
f 2687/8632/2242 2688/8631/2242 2686/8630/2242 2685/8629/2242
f 2686/8636/2243 2681/8635/2243 2682/8634/2243 2685/8633/2243
f 2687/8640/2244 2684/8639/2244 2683/8638/2244 2688/8637/2244
o Moonberry Bright vertical reflection 5
v 0.48922499999999997 1.156625 -0.28650000000000003
v 0.48922499999999997 1.156625 -0.28785
v 0.48922499999999997 1.133 -0.28650000000000003
v 0.48922499999999997 1.133 -0.28785
v 0.486975 1.156625 -0.28785
v 0.486975 1.156625 -0.28650000000000003
v 0.486975 1.133 -0.28785
v 0.486975 1.133 -0.28650000000000003
vt 0.25 0.75
vt 0.5 0.75
vt 0.5 0.5
vt 0.25 0.5
vt 0.25 0.75
vt 0.5 0.75
vt 0.5 0.5
vt 0.25 0.5
vt 0.25 0.75
vt 0.5 0.75
vt 0.5 0.5
vt 0.25 0.5
vt 0.25 0.75
vt 0.5 0.75
vt 0.5 0.5
vt 0.25 0.5
vt 0.25 0.75
vt 0.5 0.75
vt 0.5 0.5
vt 0.25 0.5
vt 0.25 0.75
vt 0.5 0.75
vt 0.5 0.5
vt 0.25 0.5
vn 0 0 -1
vn 1 0 0
vn 0 0 1
vn -1 0 0
vn 0 1 0
vn 0 -1 0
usemtl m_cf1e1312-87d9-84d9-97b6-77896c5c9f97
f 2692/8644/2245 2695/8643/2245 2693/8642/2245 2690/8641/2245
f 2691/8648/2246 2692/8647/2246 2690/8646/2246 2689/8645/2246
f 2696/8652/2247 2691/8651/2247 2689/8650/2247 2694/8649/2247
f 2695/8656/2248 2696/8655/2248 2694/8654/2248 2693/8653/2248
f 2694/8660/2249 2689/8659/2249 2690/8658/2249 2693/8657/2249
f 2695/8664/2250 2692/8663/2250 2691/8662/2250 2696/8661/2250
o Moonberry Rear glass corner 5
v 0.492375 1.1600000000000001 -0.42285000000000006
v 0.492375 1.1600000000000001 -0.42464999999999997
v 0.492375 1.03625 -0.42285000000000006
v 0.492375 1.03625 -0.42464999999999997
v 0.485625 1.1600000000000001 -0.42464999999999997
v 0.485625 1.1600000000000001 -0.42285000000000006
v 0.485625 1.03625 -0.42464999999999997
v 0.485625 1.03625 -0.42285000000000006
vt 0 1
vt 0.25 1
vt 0.25 0.75
vt 0 0.75
vt 0 1
vt 0.25 1
vt 0.25 0.75
vt 0 0.75
vt 0 1
vt 0.25 1
vt 0.25 0.75
vt 0 0.75
vt 0 1
vt 0.25 1
vt 0.25 0.75
vt 0 0.75
vt 0 1
vt 0.25 1
vt 0.25 0.75
vt 0 0.75
vt 0 1
vt 0.25 1
vt 0.25 0.75
vt 0 0.75
vn 0 0 -1
vn 1 0 0
vn 0 0 1
vn -1 0 0
vn 0 1 0
vn 0 -1 0
usemtl m_cf1e1312-87d9-84d9-97b6-77896c5c9f97
f 2700/8668/2251 2703/8667/2251 2701/8666/2251 2698/8665/2251
f 2699/8672/2252 2700/8671/2252 2698/8670/2252 2697/8669/2252
f 2704/8676/2253 2699/8675/2253 2697/8674/2253 2702/8673/2253
f 2703/8680/2254 2704/8679/2254 2702/8678/2254 2701/8677/2254
f 2702/8684/2255 2697/8683/2255 2698/8682/2255 2701/8681/2255
f 2703/8688/2256 2700/8687/2256 2699/8686/2256 2704/8685/2256
o Moonberry Glass corner 10.7
v 0.620625 1.158875 -0.287625
v 0.620625 1.158875 -0.28964999999999996
v 0.620625 1.03625 -0.287625
v 0.620625 1.03625 -0.28964999999999996
v 0.613875 1.158875 -0.28964999999999996
v 0.613875 1.158875 -0.287625
v 0.613875 1.03625 -0.28964999999999996
v 0.613875 1.03625 -0.287625
vt 0 1
vt 0.25 1
vt 0.25 0.75
vt 0 0.75
vt 0 1
vt 0.25 1
vt 0.25 0.75
vt 0 0.75
vt 0 1
vt 0.25 1
vt 0.25 0.75
vt 0 0.75
vt 0 1
vt 0.25 1
vt 0.25 0.75
vt 0 0.75
vt 0 1
vt 0.25 1
vt 0.25 0.75
vt 0 0.75
vt 0 1
vt 0.25 1
vt 0.25 0.75
vt 0 0.75
vn 0 0 -1
vn 1 0 0
vn 0 0 1
vn -1 0 0
vn 0 1 0
vn 0 -1 0
usemtl m_cf1e1312-87d9-84d9-97b6-77896c5c9f97
f 2708/8692/2257 2711/8691/2257 2709/8690/2257 2706/8689/2257
f 2707/8696/2258 2708/8695/2258 2706/8694/2258 2705/8693/2258
f 2712/8700/2259 2707/8699/2259 2705/8698/2259 2710/8697/2259
f 2711/8704/2260 2712/8703/2260 2710/8702/2260 2709/8701/2260
f 2710/8708/2261 2705/8707/2261 2706/8706/2261 2709/8705/2261
f 2711/8712/2262 2708/8711/2262 2707/8710/2262 2712/8709/2262
o Moonberry Bright vertical reflection 10.7
v 0.617475 1.156625 -0.28650000000000003
v 0.617475 1.156625 -0.28785
v 0.617475 1.133 -0.28650000000000003
v 0.617475 1.133 -0.28785
v 0.6152249999999999 1.156625 -0.28785
v 0.6152249999999999 1.156625 -0.28650000000000003
v 0.6152249999999999 1.133 -0.28785
v 0.6152249999999999 1.133 -0.28650000000000003
vt 0.25 0.75
vt 0.5 0.75
vt 0.5 0.5
vt 0.25 0.5
vt 0.25 0.75
vt 0.5 0.75
vt 0.5 0.5
vt 0.25 0.5
vt 0.25 0.75
vt 0.5 0.75
vt 0.5 0.5
vt 0.25 0.5
vt 0.25 0.75
vt 0.5 0.75
vt 0.5 0.5
vt 0.25 0.5
vt 0.25 0.75
vt 0.5 0.75
vt 0.5 0.5
vt 0.25 0.5
vt 0.25 0.75
vt 0.5 0.75
vt 0.5 0.5
vt 0.25 0.5
vn 0 0 -1
vn 1 0 0
vn 0 0 1
vn -1 0 0
vn 0 1 0
vn 0 -1 0
usemtl m_cf1e1312-87d9-84d9-97b6-77896c5c9f97
f 2716/8716/2263 2719/8715/2263 2717/8714/2263 2714/8713/2263
f 2715/8720/2264 2716/8719/2264 2714/8718/2264 2713/8717/2264
f 2720/8724/2265 2715/8723/2265 2713/8722/2265 2718/8721/2265
f 2719/8728/2266 2720/8727/2266 2718/8726/2266 2717/8725/2266
f 2718/8732/2267 2713/8731/2267 2714/8730/2267 2717/8729/2267
f 2719/8736/2268 2716/8735/2268 2715/8734/2268 2720/8733/2268
o Moonberry Rear glass corner 10.7
v 0.620625 1.1600000000000001 -0.42285000000000006
v 0.620625 1.1600000000000001 -0.42464999999999997
v 0.620625 1.03625 -0.42285000000000006
v 0.620625 1.03625 -0.42464999999999997
v 0.613875 1.1600000000000001 -0.42464999999999997
v 0.613875 1.1600000000000001 -0.42285000000000006
v 0.613875 1.03625 -0.42464999999999997
v 0.613875 1.03625 -0.42285000000000006
vt 0 1
vt 0.25 1
vt 0.25 0.75
vt 0 0.75
vt 0 1
vt 0.25 1
vt 0.25 0.75
vt 0 0.75
vt 0 1
vt 0.25 1
vt 0.25 0.75
vt 0 0.75
vt 0 1
vt 0.25 1
vt 0.25 0.75
vt 0 0.75
vt 0 1
vt 0.25 1
vt 0.25 0.75
vt 0 0.75
vt 0 1
vt 0.25 1
vt 0.25 0.75
vt 0 0.75
vn 0 0 -1
vn 1 0 0
vn 0 0 1
vn -1 0 0
vn 0 1 0
vn 0 -1 0
usemtl m_cf1e1312-87d9-84d9-97b6-77896c5c9f97
f 2724/8740/2269 2727/8739/2269 2725/8738/2269 2722/8737/2269
f 2723/8744/2270 2724/8743/2270 2722/8742/2270 2721/8741/2270
f 2728/8748/2271 2723/8747/2271 2721/8746/2271 2726/8745/2271
f 2727/8752/2272 2728/8751/2272 2726/8750/2272 2725/8749/2272
f 2726/8756/2273 2721/8755/2273 2722/8754/2273 2725/8753/2273
f 2727/8760/2274 2724/8759/2274 2723/8758/2274 2728/8757/2274
o Crate floor
v -0.36249999999999993 1.021875 0.48124999999999996
v -0.36249999999999993 1.021875 0.21874999999999997
v -0.36249999999999993 1.0031250000000003 0.48124999999999996
v -0.36249999999999993 1.0031250000000003 0.21874999999999997
v -0.6625 1.021875 0.21874999999999997
v -0.6625 1.021875 0.48124999999999996
v -0.6625 1.0031250000000003 0.21874999999999997
v -0.6625 1.0031250000000003 0.48124999999999996
vt 0 1
vt 0.3 1
vt 0.3 0.98125
vt 0 0.98125
vt 0 1
vt 0.2625 1
vt 0.2625 0.98125
vt 0 0.98125
vt 0 1
vt 0.3 1
vt 0.3 0.98125
vt 0 0.98125
vt 0 1
vt 0.2625 1
vt 0.2625 0.98125
vt 0 0.98125
vt 0 1
vt 0.3 1
vt 0.3 0.7375
vt 0 0.7375
vt 0 1
vt 0.3 1
vt 0.3 0.7375
vt 0 0.7375
vn 0 0 -1
vn 1 0 0
vn 0 0 1
vn -1 0 0
vn 0 1 0
vn 0 -1 0
usemtl m_b857fb66-1ffc-7849-b518-f1f88c078ca1
f 2732/8764/2275 2735/8763/2275 2733/8762/2275 2730/8761/2275
f 2731/8768/2276 2732/8767/2276 2730/8766/2276 2729/8765/2276
f 2736/8772/2277 2731/8771/2277 2729/8770/2277 2734/8769/2277
f 2735/8776/2278 2736/8775/2278 2734/8774/2278 2733/8773/2278
f 2734/8780/2279 2729/8779/2279 2730/8778/2279 2733/8777/2279
f 2735/8784/2280 2732/8783/2280 2731/8782/2280 2736/8781/2280
o Crate corner -10.63.5
v -0.640625 1.18125 0.24375000000000002
v -0.640625 1.18125 0.21875
v -0.640625 1.0187500000000003 0.24375000000000002
v -0.640625 1.0187500000000003 0.21875
v -0.6625000000000001 1.18125 0.21875
v -0.6625000000000001 1.18125 0.24375000000000002
v -0.6625000000000001 1.0187500000000003 0.21875
v -0.6625000000000001 1.0187500000000003 0.24375000000000002
vt 0 1
vt 0.021874999999999978 1
vt 0.021874999999999978 0.8375000000000001
vt 0 0.8375000000000001
vt 0 1
vt 0.024999999999999994 1
vt 0.024999999999999994 0.8375000000000001
vt 0 0.8375000000000001
vt 0 1
vt 0.021874999999999978 1
vt 0.021874999999999978 0.8375000000000001
vt 0 0.8375000000000001
vt 0 1
vt 0.024999999999999994 1
vt 0.024999999999999994 0.8375000000000001
vt 0 0.8375000000000001
vt 0 1
vt 0.021874999999999978 1
vt 0.021874999999999978 0.975
vt 0 0.975
vt 0 1
vt 0.021874999999999978 1
vt 0.021874999999999978 0.975
vt 0 0.975
vn 0 0 -1
vn 1 0 0
vn 0 0 1
vn -1 0 0
vn 0 1 0
vn 0 -1 0
usemtl m_b857fb66-1ffc-7849-b518-f1f88c078ca1
f 2740/8788/2281 2743/8787/2281 2741/8786/2281 2738/8785/2281
f 2739/8792/2282 2740/8791/2282 2738/8790/2282 2737/8789/2282
f 2744/8796/2283 2739/8795/2283 2737/8794/2283 2742/8793/2283
f 2743/8800/2284 2744/8799/2284 2742/8798/2284 2741/8797/2284
f 2742/8804/2285 2737/8803/2285 2738/8802/2285 2741/8801/2285
f 2743/8808/2286 2740/8807/2286 2739/8806/2286 2744/8805/2286
o Crate corner -10.67.3
v -0.640625 1.18125 0.48125
v -0.640625 1.18125 0.45625
v -0.640625 1.0187500000000003 0.48125
v -0.640625 1.0187500000000003 0.45625
v -0.6625000000000001 1.18125 0.45625
v -0.6625000000000001 1.18125 0.48125
v -0.6625000000000001 1.0187500000000003 0.45625
v -0.6625000000000001 1.0187500000000003 0.48125
vt 0 1
vt 0.021874999999999978 1
vt 0.021874999999999978 0.8375000000000001
vt 0 0.8375000000000001
vt 0 1
vt 0.025000000000000022 1
vt 0.025000000000000022 0.8375000000000001
vt 0 0.8375000000000001
vt 0 1
vt 0.021874999999999978 1
vt 0.021874999999999978 0.8375000000000001
vt 0 0.8375000000000001
vt 0 1
vt 0.025000000000000022 1
vt 0.025000000000000022 0.8375000000000001
vt 0 0.8375000000000001
vt 0 1
vt 0.021874999999999978 1
vt 0.021874999999999978 0.975
vt 0 0.975
vt 0 1
vt 0.021874999999999978 1
vt 0.021874999999999978 0.975
vt 0 0.975
vn 0 0 -1
vn 1 0 0
vn 0 0 1
vn -1 0 0
vn 0 1 0
vn 0 -1 0
usemtl m_b857fb66-1ffc-7849-b518-f1f88c078ca1
f 2748/8812/2287 2751/8811/2287 2749/8810/2287 2746/8809/2287
f 2747/8816/2288 2748/8815/2288 2746/8814/2288 2745/8813/2288
f 2752/8820/2289 2747/8819/2289 2745/8818/2289 2750/8817/2289
f 2751/8824/2290 2752/8823/2290 2750/8822/2290 2749/8821/2290
f 2750/8828/2291 2745/8827/2291 2746/8826/2291 2749/8825/2291
f 2751/8832/2292 2748/8831/2292 2747/8830/2292 2752/8829/2292
o Crate corner -6.153.5
v -0.36250000000000004 1.18125 0.24375000000000002
v -0.36250000000000004 1.18125 0.21875
v -0.36250000000000004 1.0187500000000003 0.24375000000000002
v -0.36250000000000004 1.0187500000000003 0.21875
v -0.384375 1.18125 0.21875
v -0.384375 1.18125 0.24375000000000002
v -0.384375 1.0187500000000003 0.21875
v -0.384375 1.0187500000000003 0.24375000000000002
vt 0 1
vt 0.021874999999999978 1
vt 0.021874999999999978 0.8375000000000001
vt 0 0.8375000000000001
vt 0 1
vt 0.024999999999999994 1
vt 0.024999999999999994 0.8375000000000001
vt 0 0.8375000000000001
vt 0 1
vt 0.021874999999999978 1
vt 0.021874999999999978 0.8375000000000001
vt 0 0.8375000000000001
vt 0 1
vt 0.024999999999999994 1
vt 0.024999999999999994 0.8375000000000001
vt 0 0.8375000000000001
vt 0 1
vt 0.021874999999999978 1
vt 0.021874999999999978 0.975
vt 0 0.975
vt 0 1
vt 0.021874999999999978 1
vt 0.021874999999999978 0.975
vt 0 0.975
vn 0 0 -1
vn 1 0 0
vn 0 0 1
vn -1 0 0
vn 0 1 0
vn 0 -1 0
usemtl m_b857fb66-1ffc-7849-b518-f1f88c078ca1
f 2756/8836/2293 2759/8835/2293 2757/8834/2293 2754/8833/2293
f 2755/8840/2294 2756/8839/2294 2754/8838/2294 2753/8837/2294
f 2760/8844/2295 2755/8843/2295 2753/8842/2295 2758/8841/2295
f 2759/8848/2296 2760/8847/2296 2758/8846/2296 2757/8845/2296
f 2758/8852/2297 2753/8851/2297 2754/8850/2297 2757/8849/2297
f 2759/8856/2298 2756/8855/2298 2755/8854/2298 2760/8853/2298
o Crate corner -6.157.3
v -0.36250000000000004 1.18125 0.48125
v -0.36250000000000004 1.18125 0.45625
v -0.36250000000000004 1.0187500000000003 0.48125
v -0.36250000000000004 1.0187500000000003 0.45625
v -0.384375 1.18125 0.45625
v -0.384375 1.18125 0.48125
v -0.384375 1.0187500000000003 0.45625
v -0.384375 1.0187500000000003 0.48125
vt 0 1
vt 0.021874999999999978 1
vt 0.021874999999999978 0.8375000000000001
vt 0 0.8375000000000001
vt 0 1
vt 0.025000000000000022 1
vt 0.025000000000000022 0.8375000000000001
vt 0 0.8375000000000001
vt 0 1
vt 0.021874999999999978 1
vt 0.021874999999999978 0.8375000000000001
vt 0 0.8375000000000001
vt 0 1
vt 0.025000000000000022 1
vt 0.025000000000000022 0.8375000000000001
vt 0 0.8375000000000001
vt 0 1
vt 0.021874999999999978 1
vt 0.021874999999999978 0.975
vt 0 0.975
vt 0 1
vt 0.021874999999999978 1
vt 0.021874999999999978 0.975
vt 0 0.975
vn 0 0 -1
vn 1 0 0
vn 0 0 1
vn -1 0 0
vn 0 1 0
vn 0 -1 0
usemtl m_b857fb66-1ffc-7849-b518-f1f88c078ca1
f 2764/8860/2299 2767/8859/2299 2765/8858/2299 2762/8857/2299
f 2763/8864/2300 2764/8863/2300 2762/8862/2300 2761/8861/2300
f 2768/8868/2301 2763/8867/2301 2761/8866/2301 2766/8865/2301
f 2767/8872/2302 2768/8871/2302 2766/8870/2302 2765/8869/2302
f 2766/8876/2303 2761/8875/2303 2762/8874/2303 2765/8873/2303
f 2767/8880/2304 2764/8879/2304 2763/8878/2304 2768/8877/2304
o Crate slat 16.43.5
v -0.36249999999999993 1.0625 0.2375
v -0.36249999999999993 1.0625 0.21875
v -0.36249999999999993 1.025 0.2375
v -0.36249999999999993 1.025 0.21875
v -0.6625 1.0625 0.21875
v -0.6625 1.0625 0.2375
v -0.6625 1.025 0.21875
v -0.6625 1.025 0.2375
vt 0 1
vt 0.3 1
vt 0.3 0.9624999999999999
vt 0 0.9624999999999999
vt 0 1
vt 0.01874999999999999 1
vt 0.01874999999999999 0.9624999999999999
vt 0 0.9624999999999999
vt 0 1
vt 0.3 1
vt 0.3 0.9624999999999999
vt 0 0.9624999999999999
vt 0 1
vt 0.01874999999999999 1
vt 0.01874999999999999 0.9624999999999999
vt 0 0.9624999999999999
vt 0 1
vt 0.3 1
vt 0.3 0.98125
vt 0 0.98125
vt 0 1
vt 0.3 1
vt 0.3 0.98125
vt 0 0.98125
vn 0 0 -1
vn 1 0 0
vn 0 0 1
vn -1 0 0
vn 0 1 0
vn 0 -1 0
usemtl m_1538f866-b198-6ddc-70f1-145addbfa7ab
f 2772/8884/2305 2775/8883/2305 2773/8882/2305 2770/8881/2305
f 2771/8888/2306 2772/8887/2306 2770/8886/2306 2769/8885/2306
f 2776/8892/2307 2771/8891/2307 2769/8890/2307 2774/8889/2307
f 2775/8896/2308 2776/8895/2308 2774/8894/2308 2773/8893/2308
f 2774/8900/2309 2769/8899/2309 2770/8898/2309 2773/8897/2309
f 2775/8904/2310 2772/8903/2310 2771/8902/2310 2776/8901/2310
o Crate slat 16.47.4
v -0.36249999999999993 1.0625 0.48125000000000007
v -0.36249999999999993 1.0625 0.4625
v -0.36249999999999993 1.025 0.48125000000000007
v -0.36249999999999993 1.025 0.4625
v -0.6625 1.0625 0.4625
v -0.6625 1.0625 0.48125000000000007
v -0.6625 1.025 0.4625
v -0.6625 1.025 0.48125000000000007
vt 0 1
vt 0.3 1
vt 0.3 0.9624999999999999
vt 0 0.9624999999999999
vt 0 1
vt 0.01874999999999999 1
vt 0.01874999999999999 0.9624999999999999
vt 0 0.9624999999999999
vt 0 1
vt 0.3 1
vt 0.3 0.9624999999999999
vt 0 0.9624999999999999
vt 0 1
vt 0.01874999999999999 1
vt 0.01874999999999999 0.9624999999999999
vt 0 0.9624999999999999
vt 0 1
vt 0.3 1
vt 0.3 0.98125
vt 0 0.98125
vt 0 1
vt 0.3 1
vt 0.3 0.98125
vt 0 0.98125
vn 0 0 -1
vn 1 0 0
vn 0 0 1
vn -1 0 0
vn 0 1 0
vn 0 -1 0
usemtl m_1538f866-b198-6ddc-70f1-145addbfa7ab
f 2780/8908/2311 2783/8907/2311 2781/8906/2311 2778/8905/2311
f 2779/8912/2312 2780/8911/2312 2778/8910/2312 2777/8909/2312
f 2784/8916/2313 2779/8915/2313 2777/8914/2313 2782/8913/2313
f 2783/8920/2314 2784/8919/2314 2782/8918/2314 2781/8917/2314
f 2782/8924/2315 2777/8923/2315 2778/8922/2315 2781/8921/2315
f 2783/8928/2316 2780/8927/2316 2779/8926/2316 2784/8925/2316
o Crate end slat 16.4-10.6
v -0.6437499999999999 1.0625 0.4625
v -0.6437499999999999 1.0625 0.23749999999999996
v -0.6437499999999999 1.025 0.4625
v -0.6437499999999999 1.025 0.23749999999999996
v -0.6625 1.0625 0.23749999999999996
v -0.6625 1.0625 0.4625
v -0.6625 1.025 0.23749999999999996
v -0.6625 1.025 0.4625
vt 0 1
vt 0.018750000000000044 1
vt 0.018750000000000044 0.9624999999999999
vt 0 0.9624999999999999
vt 0 1
vt 0.22500000000000003 1
vt 0.22500000000000003 0.9624999999999999
vt 0 0.9624999999999999
vt 0 1
vt 0.018750000000000044 1
vt 0.018750000000000044 0.9624999999999999
vt 0 0.9624999999999999
vt 0 1
vt 0.22500000000000003 1
vt 0.22500000000000003 0.9624999999999999
vt 0 0.9624999999999999
vt 0 1
vt 0.018750000000000044 1
vt 0.018750000000000044 0.7749999999999999
vt 0 0.7749999999999999
vt 0 1
vt 0.018750000000000044 1
vt 0.018750000000000044 0.7749999999999999
vt 0 0.7749999999999999
vn 0 0 -1
vn 1 0 0
vn 0 0 1
vn -1 0 0
vn 0 1 0
vn 0 -1 0
usemtl m_1538f866-b198-6ddc-70f1-145addbfa7ab
f 2788/8932/2317 2791/8931/2317 2789/8930/2317 2786/8929/2317
f 2787/8936/2318 2788/8935/2318 2786/8934/2318 2785/8933/2318
f 2792/8940/2319 2787/8939/2319 2785/8938/2319 2790/8937/2319
f 2791/8944/2320 2792/8943/2320 2790/8942/2320 2789/8941/2320
f 2790/8948/2321 2785/8947/2321 2786/8946/2321 2789/8945/2321
f 2791/8952/2322 2788/8951/2322 2787/8950/2322 2792/8949/2322
o Crate end slat 16.4-6.1
v -0.36249999999999993 1.0625 0.4625
v -0.36249999999999993 1.0625 0.23749999999999996
v -0.36249999999999993 1.025 0.4625
v -0.36249999999999993 1.025 0.23749999999999996
v -0.38125 1.0625 0.23749999999999996
v -0.38125 1.0625 0.4625
v -0.38125 1.025 0.23749999999999996
v -0.38125 1.025 0.4625
vt 0 1
vt 0.01874999999999999 1
vt 0.01874999999999999 0.9624999999999999
vt 0 0.9624999999999999
vt 0 1
vt 0.22500000000000003 1
vt 0.22500000000000003 0.9624999999999999
vt 0 0.9624999999999999
vt 0 1
vt 0.01874999999999999 1
vt 0.01874999999999999 0.9624999999999999
vt 0 0.9624999999999999
vt 0 1
vt 0.22500000000000003 1
vt 0.22500000000000003 0.9624999999999999
vt 0 0.9624999999999999
vt 0 1
vt 0.01874999999999999 1
vt 0.01874999999999999 0.7749999999999999
vt 0 0.7749999999999999
vt 0 1
vt 0.01874999999999999 1
vt 0.01874999999999999 0.7749999999999999
vt 0 0.7749999999999999
vn 0 0 -1
vn 1 0 0
vn 0 0 1
vn -1 0 0
vn 0 1 0
vn 0 -1 0
usemtl m_1538f866-b198-6ddc-70f1-145addbfa7ab
f 2796/8956/2323 2799/8955/2323 2797/8954/2323 2794/8953/2323
f 2795/8960/2324 2796/8959/2324 2794/8958/2324 2793/8957/2324
f 2800/8964/2325 2795/8963/2325 2793/8962/2325 2798/8961/2325
f 2799/8968/2326 2800/8967/2326 2798/8966/2326 2797/8965/2326
f 2798/8972/2327 2793/8971/2327 2794/8970/2327 2797/8969/2327
f 2799/8976/2328 2796/8975/2328 2795/8974/2328 2800/8973/2328
o Crate slat 17.253.5
v -0.36249999999999993 1.115625 0.2375
v -0.36249999999999993 1.115625 0.21875
v -0.36249999999999993 1.078125 0.2375
v -0.36249999999999993 1.078125 0.21875
v -0.6625 1.115625 0.21875
v -0.6625 1.115625 0.2375
v -0.6625 1.078125 0.21875
v -0.6625 1.078125 0.2375
vt 0 1
vt 0.3 1
vt 0.3 0.9624999999999999
vt 0 0.9624999999999999
vt 0 1
vt 0.01874999999999999 1
vt 0.01874999999999999 0.9624999999999999
vt 0 0.9624999999999999
vt 0 1
vt 0.3 1
vt 0.3 0.9624999999999999
vt 0 0.9624999999999999
vt 0 1
vt 0.01874999999999999 1
vt 0.01874999999999999 0.9624999999999999
vt 0 0.9624999999999999
vt 0 1
vt 0.3 1
vt 0.3 0.98125
vt 0 0.98125
vt 0 1
vt 0.3 1
vt 0.3 0.98125
vt 0 0.98125
vn 0 0 -1
vn 1 0 0
vn 0 0 1
vn -1 0 0
vn 0 1 0
vn 0 -1 0
usemtl m_1538f866-b198-6ddc-70f1-145addbfa7ab
f 2804/8980/2329 2807/8979/2329 2805/8978/2329 2802/8977/2329
f 2803/8984/2330 2804/8983/2330 2802/8982/2330 2801/8981/2330
f 2808/8988/2331 2803/8987/2331 2801/8986/2331 2806/8985/2331
f 2807/8992/2332 2808/8991/2332 2806/8990/2332 2805/8989/2332
f 2806/8996/2333 2801/8995/2333 2802/8994/2333 2805/8993/2333
f 2807/9000/2334 2804/8999/2334 2803/8998/2334 2808/8997/2334
o Crate slat 17.257.4
v -0.36249999999999993 1.115625 0.48125000000000007
v -0.36249999999999993 1.115625 0.4625
v -0.36249999999999993 1.078125 0.48125000000000007
v -0.36249999999999993 1.078125 0.4625
v -0.6625 1.115625 0.4625
v -0.6625 1.115625 0.48125000000000007
v -0.6625 1.078125 0.4625
v -0.6625 1.078125 0.48125000000000007
vt 0 1
vt 0.3 1
vt 0.3 0.9624999999999999
vt 0 0.9624999999999999
vt 0 1
vt 0.01874999999999999 1
vt 0.01874999999999999 0.9624999999999999
vt 0 0.9624999999999999
vt 0 1
vt 0.3 1
vt 0.3 0.9624999999999999
vt 0 0.9624999999999999
vt 0 1
vt 0.01874999999999999 1
vt 0.01874999999999999 0.9624999999999999
vt 0 0.9624999999999999
vt 0 1
vt 0.3 1
vt 0.3 0.98125
vt 0 0.98125
vt 0 1
vt 0.3 1
vt 0.3 0.98125
vt 0 0.98125
vn 0 0 -1
vn 1 0 0
vn 0 0 1
vn -1 0 0
vn 0 1 0
vn 0 -1 0
usemtl m_1538f866-b198-6ddc-70f1-145addbfa7ab
f 2812/9004/2335 2815/9003/2335 2813/9002/2335 2810/9001/2335
f 2811/9008/2336 2812/9007/2336 2810/9006/2336 2809/9005/2336
f 2816/9012/2337 2811/9011/2337 2809/9010/2337 2814/9009/2337
f 2815/9016/2338 2816/9015/2338 2814/9014/2338 2813/9013/2338
f 2814/9020/2339 2809/9019/2339 2810/9018/2339 2813/9017/2339
f 2815/9024/2340 2812/9023/2340 2811/9022/2340 2816/9021/2340
o Crate end slat 17.25-10.6
v -0.6437499999999999 1.115625 0.4625
v -0.6437499999999999 1.115625 0.23749999999999996
v -0.6437499999999999 1.078125 0.4625
v -0.6437499999999999 1.078125 0.23749999999999996
v -0.6625 1.115625 0.23749999999999996
v -0.6625 1.115625 0.4625
v -0.6625 1.078125 0.23749999999999996
v -0.6625 1.078125 0.4625
vt 0 1
vt 0.018750000000000044 1
vt 0.018750000000000044 0.9624999999999999
vt 0 0.9624999999999999
vt 0 1
vt 0.22500000000000003 1
vt 0.22500000000000003 0.9624999999999999
vt 0 0.9624999999999999
vt 0 1
vt 0.018750000000000044 1
vt 0.018750000000000044 0.9624999999999999
vt 0 0.9624999999999999
vt 0 1
vt 0.22500000000000003 1
vt 0.22500000000000003 0.9624999999999999
vt 0 0.9624999999999999
vt 0 1
vt 0.018750000000000044 1
vt 0.018750000000000044 0.7749999999999999
vt 0 0.7749999999999999
vt 0 1
vt 0.018750000000000044 1
vt 0.018750000000000044 0.7749999999999999
vt 0 0.7749999999999999
vn 0 0 -1
vn 1 0 0
vn 0 0 1
vn -1 0 0
vn 0 1 0
vn 0 -1 0
usemtl m_1538f866-b198-6ddc-70f1-145addbfa7ab
f 2820/9028/2341 2823/9027/2341 2821/9026/2341 2818/9025/2341
f 2819/9032/2342 2820/9031/2342 2818/9030/2342 2817/9029/2342
f 2824/9036/2343 2819/9035/2343 2817/9034/2343 2822/9033/2343
f 2823/9040/2344 2824/9039/2344 2822/9038/2344 2821/9037/2344
f 2822/9044/2345 2817/9043/2345 2818/9042/2345 2821/9041/2345
f 2823/9048/2346 2820/9047/2346 2819/9046/2346 2824/9045/2346
o Crate end slat 17.25-6.1
v -0.36249999999999993 1.115625 0.4625
v -0.36249999999999993 1.115625 0.23749999999999996
v -0.36249999999999993 1.078125 0.4625
v -0.36249999999999993 1.078125 0.23749999999999996
v -0.38125 1.115625 0.23749999999999996
v -0.38125 1.115625 0.4625
v -0.38125 1.078125 0.23749999999999996
v -0.38125 1.078125 0.4625
vt 0 1
vt 0.01874999999999999 1
vt 0.01874999999999999 0.9624999999999999
vt 0 0.9624999999999999
vt 0 1
vt 0.22500000000000003 1
vt 0.22500000000000003 0.9624999999999999
vt 0 0.9624999999999999
vt 0 1
vt 0.01874999999999999 1
vt 0.01874999999999999 0.9624999999999999
vt 0 0.9624999999999999
vt 0 1
vt 0.22500000000000003 1
vt 0.22500000000000003 0.9624999999999999
vt 0 0.9624999999999999
vt 0 1
vt 0.01874999999999999 1
vt 0.01874999999999999 0.7749999999999999
vt 0 0.7749999999999999
vt 0 1
vt 0.01874999999999999 1
vt 0.01874999999999999 0.7749999999999999
vt 0 0.7749999999999999
vn 0 0 -1
vn 1 0 0
vn 0 0 1
vn -1 0 0
vn 0 1 0
vn 0 -1 0
usemtl m_1538f866-b198-6ddc-70f1-145addbfa7ab
f 2828/9052/2347 2831/9051/2347 2829/9050/2347 2826/9049/2347
f 2827/9056/2348 2828/9055/2348 2826/9054/2348 2825/9053/2348
f 2832/9060/2349 2827/9059/2349 2825/9058/2349 2830/9057/2349
f 2831/9064/2350 2832/9063/2350 2830/9062/2350 2829/9061/2350
f 2830/9068/2351 2825/9067/2351 2826/9066/2351 2829/9065/2351
f 2831/9072/2352 2828/9071/2352 2827/9070/2352 2832/9069/2352
o Crate slat 18.13.5
v -0.36249999999999993 1.1687500000000002 0.2375
v -0.36249999999999993 1.1687500000000002 0.21875
v -0.36249999999999993 1.13125 0.2375
v -0.36249999999999993 1.13125 0.21875
v -0.6625 1.1687500000000002 0.21875
v -0.6625 1.1687500000000002 0.2375
v -0.6625 1.13125 0.21875
v -0.6625 1.13125 0.2375
vt 0 1
vt 0.3 1
vt 0.3 0.9624999999999999
vt 0 0.9624999999999999
vt 0 1
vt 0.01874999999999999 1
vt 0.01874999999999999 0.9624999999999999
vt 0 0.9624999999999999
vt 0 1
vt 0.3 1
vt 0.3 0.9624999999999999
vt 0 0.9624999999999999
vt 0 1
vt 0.01874999999999999 1
vt 0.01874999999999999 0.9624999999999999
vt 0 0.9624999999999999
vt 0 1
vt 0.3 1
vt 0.3 0.98125
vt 0 0.98125
vt 0 1
vt 0.3 1
vt 0.3 0.98125
vt 0 0.98125
vn 0 0 -1
vn 1 0 0
vn 0 0 1
vn -1 0 0
vn 0 1 0
vn 0 -1 0
usemtl m_1538f866-b198-6ddc-70f1-145addbfa7ab
f 2836/9076/2353 2839/9075/2353 2837/9074/2353 2834/9073/2353
f 2835/9080/2354 2836/9079/2354 2834/9078/2354 2833/9077/2354
f 2840/9084/2355 2835/9083/2355 2833/9082/2355 2838/9081/2355
f 2839/9088/2356 2840/9087/2356 2838/9086/2356 2837/9085/2356
f 2838/9092/2357 2833/9091/2357 2834/9090/2357 2837/9089/2357
f 2839/9096/2358 2836/9095/2358 2835/9094/2358 2840/9093/2358
o Crate slat 18.17.4
v -0.36249999999999993 1.1687500000000002 0.48125000000000007
v -0.36249999999999993 1.1687500000000002 0.4625
v -0.36249999999999993 1.13125 0.48125000000000007
v -0.36249999999999993 1.13125 0.4625
v -0.6625 1.1687500000000002 0.4625
v -0.6625 1.1687500000000002 0.48125000000000007
v -0.6625 1.13125 0.4625
v -0.6625 1.13125 0.48125000000000007
vt 0 1
vt 0.3 1
vt 0.3 0.9624999999999999
vt 0 0.9624999999999999
vt 0 1
vt 0.01874999999999999 1
vt 0.01874999999999999 0.9624999999999999
vt 0 0.9624999999999999
vt 0 1
vt 0.3 1
vt 0.3 0.9624999999999999
vt 0 0.9624999999999999
vt 0 1
vt 0.01874999999999999 1
vt 0.01874999999999999 0.9624999999999999
vt 0 0.9624999999999999
vt 0 1
vt 0.3 1
vt 0.3 0.98125
vt 0 0.98125
vt 0 1
vt 0.3 1
vt 0.3 0.98125
vt 0 0.98125
vn 0 0 -1
vn 1 0 0
vn 0 0 1
vn -1 0 0
vn 0 1 0
vn 0 -1 0
usemtl m_1538f866-b198-6ddc-70f1-145addbfa7ab
f 2844/9100/2359 2847/9099/2359 2845/9098/2359 2842/9097/2359
f 2843/9104/2360 2844/9103/2360 2842/9102/2360 2841/9101/2360
f 2848/9108/2361 2843/9107/2361 2841/9106/2361 2846/9105/2361
f 2847/9112/2362 2848/9111/2362 2846/9110/2362 2845/9109/2362
f 2846/9116/2363 2841/9115/2363 2842/9114/2363 2845/9113/2363
f 2847/9120/2364 2844/9119/2364 2843/9118/2364 2848/9117/2364
o Crate end slat 18.1-10.6
v -0.6437499999999999 1.1687500000000002 0.4625
v -0.6437499999999999 1.1687500000000002 0.23749999999999996
v -0.6437499999999999 1.13125 0.4625
v -0.6437499999999999 1.13125 0.23749999999999996
v -0.6625 1.1687500000000002 0.23749999999999996
v -0.6625 1.1687500000000002 0.4625
v -0.6625 1.13125 0.23749999999999996
v -0.6625 1.13125 0.4625
vt 0 1
vt 0.018750000000000044 1
vt 0.018750000000000044 0.9624999999999999
vt 0 0.9624999999999999
vt 0 1
vt 0.22500000000000003 1
vt 0.22500000000000003 0.9624999999999999
vt 0 0.9624999999999999
vt 0 1
vt 0.018750000000000044 1
vt 0.018750000000000044 0.9624999999999999
vt 0 0.9624999999999999
vt 0 1
vt 0.22500000000000003 1
vt 0.22500000000000003 0.9624999999999999
vt 0 0.9624999999999999
vt 0 1
vt 0.018750000000000044 1
vt 0.018750000000000044 0.7749999999999999
vt 0 0.7749999999999999
vt 0 1
vt 0.018750000000000044 1
vt 0.018750000000000044 0.7749999999999999
vt 0 0.7749999999999999
vn 0 0 -1
vn 1 0 0
vn 0 0 1
vn -1 0 0
vn 0 1 0
vn 0 -1 0
usemtl m_1538f866-b198-6ddc-70f1-145addbfa7ab
f 2852/9124/2365 2855/9123/2365 2853/9122/2365 2850/9121/2365
f 2851/9128/2366 2852/9127/2366 2850/9126/2366 2849/9125/2366
f 2856/9132/2367 2851/9131/2367 2849/9130/2367 2854/9129/2367
f 2855/9136/2368 2856/9135/2368 2854/9134/2368 2853/9133/2368
f 2854/9140/2369 2849/9139/2369 2850/9138/2369 2853/9137/2369
f 2855/9144/2370 2852/9143/2370 2851/9142/2370 2856/9141/2370
o Crate end slat 18.1-6.1
v -0.36249999999999993 1.1687500000000002 0.4625
v -0.36249999999999993 1.1687500000000002 0.23749999999999996
v -0.36249999999999993 1.13125 0.4625
v -0.36249999999999993 1.13125 0.23749999999999996
v -0.38125 1.1687500000000002 0.23749999999999996
v -0.38125 1.1687500000000002 0.4625
v -0.38125 1.13125 0.23749999999999996
v -0.38125 1.13125 0.4625
vt 0 1
vt 0.01874999999999999 1
vt 0.01874999999999999 0.9624999999999999
vt 0 0.9624999999999999
vt 0 1
vt 0.22500000000000003 1
vt 0.22500000000000003 0.9624999999999999
vt 0 0.9624999999999999
vt 0 1
vt 0.01874999999999999 1
vt 0.01874999999999999 0.9624999999999999
vt 0 0.9624999999999999
vt 0 1
vt 0.22500000000000003 1
vt 0.22500000000000003 0.9624999999999999
vt 0 0.9624999999999999
vt 0 1
vt 0.01874999999999999 1
vt 0.01874999999999999 0.7749999999999999
vt 0 0.7749999999999999
vt 0 1
vt 0.01874999999999999 1
vt 0.01874999999999999 0.7749999999999999
vt 0 0.7749999999999999
vn 0 0 -1
vn 1 0 0
vn 0 0 1
vn -1 0 0
vn 0 1 0
vn 0 -1 0
usemtl m_1538f866-b198-6ddc-70f1-145addbfa7ab
f 2860/9148/2371 2863/9147/2371 2861/9146/2371 2858/9145/2371
f 2859/9152/2372 2860/9151/2372 2858/9150/2372 2857/9149/2372
f 2864/9156/2373 2859/9155/2373 2857/9154/2373 2862/9153/2373
f 2863/9160/2374 2864/9159/2374 2862/9158/2374 2861/9157/2374
f 2862/9164/2375 2857/9163/2375 2858/9162/2375 2861/9161/2375
f 2863/9168/2376 2860/9167/2376 2859/9166/2376 2864/9165/2376
o Sunburst orange juice fruit 0
v -0.6193135621484341 1.1875 0.3193135621484342
v -0.5880635621484341 1.2068135621484342 0.33125
v -0.6016081945074458 1.2094156755220025 0.3
v -0.6 1.1755635621484342 0.3505635621484342
v -0.6219156755220024 1.15625 0.33285819450744586
v -0.56875 1.1891081945074458 0.3531656755220025
v -0.56875 1.21875 0.3
v -0.5494364378515658 1.2068135621484342 0.33125
v -0.5358918054925541 1.2094156755220025 0.3
v -0.5880635621484341 1.2068135621484342 0.26875
v -0.5494364378515658 1.2068135621484342 0.26875
v -0.56875 1.1891081945074458 0.2468343244779975
v -0.6193135621484341 1.1875 0.2806864378515658
v -0.6 1.1755635621484342 0.24943643785156577
v -0.6219156755220024 1.15625 0.2671418054925541
v -0.63125 1.15625 0.3
v -0.5181864378515658 1.1875 0.3193135621484342
v -0.5375 1.1755635621484342 0.3505635621484342
v -0.5155843244779975 1.15625 0.33285819450744586
v -0.56875 1.15625 0.3625
v -0.6 1.1369364378515658 0.3505635621484342
v -0.56875 1.1233918054925542 0.3531656755220025
v -0.6193135621484341 1.125 0.3193135621484342
v -0.6193135621484341 1.125 0.2806864378515658
v -0.6016081945074458 1.1030843244779975 0.3
v -0.6 1.1369364378515658 0.24943643785156577
v -0.56875 1.15625 0.2375
v -0.56875 1.1233918054925542 0.2468343244779975
v -0.5375 1.1755635621484342 0.24943643785156577
v -0.5181864378515658 1.1875 0.2806864378515658
v -0.5155843244779975 1.15625 0.2671418054925541
v -0.5181864378515658 1.125 0.3193135621484342
v -0.5494364378515658 1.1056864378515658 0.33125
v -0.5358918054925541 1.1030843244779975 0.3
v -0.5375 1.1369364378515658 0.3505635621484342
v -0.56875 1.09375 0.3
v -0.5880635621484341 1.1056864378515658 0.33125
v -0.5494364378515658 1.1056864378515658 0.26875
v -0.5880635621484341 1.1056864378515658 0.26875
v -0.5181864378515658 1.125 0.2806864378515658
v -0.5375 1.1369364378515658 0.24943643785156577
v -0.50625 1.15625 0.3
vt 0 0.9718259538424412
vt 0.03862712429686842 0.9718259538424412
vt 0.019313562148434212 1
vt 0 0.9665479290837728
vt 0.03862712429686842 0.9665479290837728
vt 0.01931356214843421 1
vt 0 0.968140045919154
vt 0.034158316114083966 0.968140045919154
vt 0.01231803091878232 1
vt 0 0.968140045919154
vt 0.034158316114083966 0.968140045919154
vt 0.02184028519530164 1
vt 0 0.9718259538424412
vt 0.03862712429686842 0.9718259538424412
vt 0.01931356214843421 1
vt 0 0.9665479290837728
vt 0.03862712429686842 0.9665479290837728
vt 0.01931356214843421 1
vt 0 0.968140045919154
vt 0.03415831611408397 0.968140045919154
vt 0.01231803091878232 1
vt 0 0.968140045919154
vt 0.03415831611408396 0.968140045919154
vt 0.021840285195301644 1
vt 0 0.9718259538424412
vt 0.03862712429686842 0.9718259538424412
vt 0.019313562148434205 1
vt 0 0.9665479290837728
vt 0.03862712429686842 0.9665479290837728
vt 0.01931356214843421 1
vt 0 0.968140045919154
vt 0.03415831611408396 0.968140045919154
vt 0.012318030918782316 1
vt 0 0.968140045919154
vt 0.03415831611408397 0.968140045919154
vt 0.021840285195301647 1
vt 0 0.9718259538424412
vt 0.03862712429686842 0.9718259538424412
vt 0.01931356214843421 1
vt 0 0.9665479290837728
vt 0.03862712429686842 0.9665479290837728
vt 0.01931356214843421 1
vt 0 0.968140045919154
vt 0.034158316114083966 0.968140045919154
vt 0.012318030918782318 1
vt 0 0.968140045919154
vt 0.034158316114083966 0.968140045919154
vt 0.021840285195301644 1
vt 0 0.9718259538424412
vt 0.03862712429686842 0.9718259538424412
vt 0.01931356214843421 1
vt 0 0.9665479290837728
vt 0.03862712429686842 0.9665479290837728
vt 0.01931356214843421 1
vt 0 0.968140045919154
vt 0.03415831611408396 0.968140045919154
vt 0.012318030918782316 1
vt 0 0.968140045919154
vt 0.03415831611408396 0.968140045919154
vt 0.021840285195301644 1
vt 0 0.9718259538424412
vt 0.03862712429686842 0.9718259538424412
vt 0.01931356214843421 1
vt 0 0.9665479290837728
vt 0.03862712429686842 0.9665479290837728
vt 0.01931356214843421 1
vt 0 0.968140045919154
vt 0.034158316114083966 0.968140045919154
vt 0.012318030918782318 1
vt 0 0.968140045919154
vt 0.034158316114083966 0.968140045919154
vt 0.021840285195301644 1
vt 0 0.9718259538424412
vt 0.03862712429686842 0.9718259538424412
vt 0.019313562148434212 1
vt 0 0.9665479290837728
vt 0.03862712429686842 0.9665479290837728
vt 0.01931356214843421 1
vt 0 0.968140045919154
vt 0.034158316114083966 0.968140045919154
vt 0.01231803091878232 1
vt 0 0.968140045919154
vt 0.034158316114083966 0.968140045919154
vt 0.021840285195301644 1
vt 0 0.9718259538424412
vt 0.03862712429686842 0.9718259538424412
vt 0.019313562148434205 1
vt 0 0.9665479290837728
vt 0.03862712429686842 0.9665479290837728
vt 0.01931356214843421 1
vt 0 0.968140045919154
vt 0.03415831611408396 0.968140045919154
vt 0.012318030918782316 1
vt 0 0.968140045919154
vt 0.03415831611408396 0.968140045919154
vt 0.02184028519530164 1
vt 0 0.9718259538424412
vt 0.03862712429686842 0.9718259538424412
vt 0.01931356214843421 1
vt 0 0.9665479290837728
vt 0.03862712429686842 0.9665479290837728
vt 0.01931356214843421 1
vt 0 0.968140045919154
vt 0.03415831611408396 0.968140045919154
vt 0.012318030918782316 1
vt 0 0.968140045919154
vt 0.03415831611408396 0.968140045919154
vt 0.021840285195301644 1
vt 0 0.9718259538424412
vt 0.03862712429686842 0.9718259538424412
vt 0.019313562148434212 1
vt 0 0.9665479290837728
vt 0.03862712429686842 0.9665479290837728
vt 0.01931356214843421 1
vt 0 0.968140045919154
vt 0.03415831611408396 0.968140045919154
vt 0.012318030918782318 1
vt 0 0.968140045919154
vt 0.03415831611408396 0.968140045919154
vt 0.021840285195301644 1
vt 0 0.9718259538424412
vt 0.03862712429686842 0.9718259538424412
vt 0.019313562148434212 1
vt 0 0.9665479290837728
vt 0.03862712429686842 0.9665479290837728
vt 0.01931356214843421 1
vt 0 0.968140045919154
vt 0.034158316114083966 0.968140045919154
vt 0.01231803091878232 1
vt 0 0.968140045919154
vt 0.034158316114083966 0.968140045919154
vt 0.02184028519530164 1
vt 0 0.9718259538424412
vt 0.03862712429686842 0.9718259538424412
vt 0.01931356214843421 1
vt 0 0.9665479290837728
vt 0.03862712429686842 0.9665479290837728
vt 0.01931356214843421 1
vt 0 0.968140045919154
vt 0.03415831611408397 0.968140045919154
vt 0.01231803091878232 1
vt 0 0.968140045919154
vt 0.03415831611408396 0.968140045919154
vt 0.021840285195301644 1
vt 0 0.9718259538424412
vt 0.03862712429686842 0.9718259538424412
vt 0.019313562148434205 1
vt 0 0.9665479290837728
vt 0.03862712429686842 0.9665479290837728
vt 0.01931356214843421 1
vt 0 0.968140045919154
vt 0.03415831611408396 0.968140045919154
vt 0.012318030918782316 1
vt 0 0.968140045919154
vt 0.03415831611408397 0.968140045919154
vt 0.021840285195301647 1
vt 0 0.9718259538424412
vt 0.03862712429686842 0.9718259538424412
vt 0.01931356214843421 1
vt 0 0.9665479290837728
vt 0.03862712429686842 0.9665479290837728
vt 0.01931356214843421 1
vt 0 0.968140045919154
vt 0.034158316114083966 0.968140045919154
vt 0.012318030918782318 1
vt 0 0.968140045919154
vt 0.034158316114083966 0.968140045919154
vt 0.021840285195301644 1
vt 0 0.9718259538424412
vt 0.03862712429686842 0.9718259538424412
vt 0.01931356214843421 1
vt 0 0.9665479290837728
vt 0.03862712429686842 0.9665479290837728
vt 0.01931356214843421 1
vt 0 0.968140045919154
vt 0.03415831611408396 0.968140045919154
vt 0.012318030918782316 1
vt 0 0.968140045919154
vt 0.03415831611408396 0.968140045919154
vt 0.021840285195301644 1
vt 0 0.9718259538424412
vt 0.03862712429686842 0.9718259538424412
vt 0.019313562148434212 1
vt 0 0.9665479290837728
vt 0.03862712429686842 0.9665479290837728
vt 0.01931356214843421 1
vt 0 0.968140045919154
vt 0.034158316114083966 0.968140045919154
vt 0.01231803091878232 1
vt 0 0.968140045919154
vt 0.034158316114083966 0.968140045919154
vt 0.021840285195301644 1
vt 0 0.9718259538424412
vt 0.03862712429686842 0.9718259538424412
vt 0.01931356214843421 1
vt 0 0.9665479290837728
vt 0.03862712429686842 0.9665479290837728
vt 0.01931356214843421 1
vt 0 0.968140045919154
vt 0.034158316114083966 0.968140045919154
vt 0.012318030918782318 1
vt 0 0.968140045919154
vt 0.034158316114083966 0.968140045919154
vt 0.021840285195301644 1
vt 0 0.9718259538424412
vt 0.03862712429686842 0.9718259538424412
vt 0.019313562148434212 1
vt 0 0.9665479290837728
vt 0.03862712429686842 0.9665479290837728
vt 0.01931356214843421 1
vt 0 0.968140045919154
vt 0.03415831611408396 0.968140045919154
vt 0.012318030918782318 1
vt 0 0.968140045919154
vt 0.03415831611408396 0.968140045919154
vt 0.021840285195301644 1
vt 0 0.9718259538424412
vt 0.03862712429686842 0.9718259538424412
vt 0.01931356214843421 1
vt 0 0.9665479290837728
vt 0.03862712429686842 0.9665479290837728
vt 0.01931356214843421 1
vt 0 0.968140045919154
vt 0.03415831611408396 0.968140045919154
vt 0.012318030918782316 1
vt 0 0.968140045919154
vt 0.03415831611408396 0.968140045919154
vt 0.021840285195301644 1
vt 0 0.9718259538424412
vt 0.03862712429686842 0.9718259538424412
vt 0.019313562148434205 1
vt 0 0.9665479290837728
vt 0.03862712429686842 0.9665479290837728
vt 0.01931356214843421 1
vt 0 0.968140045919154
vt 0.03415831611408396 0.968140045919154
vt 0.012318030918782316 1
vt 0 0.968140045919154
vt 0.03415831611408396 0.968140045919154
vt 0.02184028519530164 1
vn -0.583128783201597 0.7487834503693296 0.3150939013291544
vn -0.5773502691896257 0.5773502691896257 0.5773502691896257
vn -0.7487834503693295 0.3150939013291543 0.5831287832015969
vn -0.3150939013291543 0.5831287832015969 0.7487834503693296
vn -0.26803488187244257 0.9435221910385526 0.1947387406692231
vn 0 0.9341723589627158 0.35682208977309
vn 0 0.77786752387082 0.6284282897093982
vn 0.26803488187244257 0.9435221910385526 0.1947387406692231
vn -0.26803488187244257 0.9435221910385526 -0.1947387406692231
vn 0 0.9341723589627158 -0.35682208977309
vn 0.26803488187244257 0.9435221910385526 -0.1947387406692231
vn 0 0.77786752387082 -0.6284282897093982
vn -0.5831287832015969 0.7487834503693296 -0.3150939013291543
vn -0.5773502691896257 0.5773502691896257 -0.5773502691896257
vn -0.3150939013291544 0.583128783201597 -0.7487834503693296
vn -0.7487834503693295 0.3150939013291543 -0.5831287832015969
vn -0.77786752387082 0.6284282897093982 0
vn -0.9341723589627158 0.35682208977309 0
vn -0.9435221910385526 0.1947387406692231 -0.26803488187244257
vn -0.9435221910385526 0.1947387406692231 0.26803488187244257
vn 0.5831287832015969 0.7487834503693296 0.3150939013291543
vn 0.5773502691896257 0.5773502691896257 0.5773502691896257
vn 0.3150939013291544 0.583128783201597 0.7487834503693296
vn 0.7487834503693295 0.3150939013291543 0.5831287832015969
vn -0.1947387406692231 0.26803488187244257 0.9435221910385526
vn -0.35682208977309 0 0.9341723589627158
vn -0.6284282897093982 0 0.77786752387082
vn -0.1947387406692231 -0.26803488187244257 0.9435221910385526
vn -0.9435221910385526 -0.1947387406692231 0.26803488187244257
vn -0.9341723589627158 -0.35682208977309 0
vn -0.9435221910385526 -0.1947387406692231 -0.26803488187244257
vn -0.77786752387082 -0.6284282897093982 0
vn -0.6284282897093982 0 -0.77786752387082
vn -0.35682208977309 0 -0.9341723589627158
vn -0.1947387406692231 0.26803488187244257 -0.9435221910385526
vn -0.1947387406692231 -0.26803488187244257 -0.9435221910385526
vn 0.3150939013291544 0.583128783201597 -0.7487834503693296
vn 0.5773502691896257 0.5773502691896257 -0.5773502691896257
vn 0.583128783201597 0.7487834503693296 -0.3150939013291544
vn 0.7487834503693296 0.3150939013291543 -0.5831287832015969
vn 0.583128783201597 -0.7487834503693296 0.3150939013291544
vn 0.5773502691896257 -0.5773502691896257 0.5773502691896257
vn 0.7487834503693295 -0.3150939013291543 0.5831287832015969
vn 0.3150939013291543 -0.5831287832015969 0.7487834503693296
vn 0.26803488187244257 -0.9435221910385526 0.1947387406692231
vn 0 -0.9341723589627158 0.35682208977309
vn 0 -0.77786752387082 0.6284282897093982
vn -0.26803488187244257 -0.9435221910385526 0.1947387406692231
vn 0.26803488187244257 -0.9435221910385526 -0.1947387406692231
vn 0 -0.9341723589627158 -0.35682208977309
vn -0.26803488187244257 -0.9435221910385526 -0.1947387406692231
vn 0 -0.77786752387082 -0.6284282897093982
vn 0.5831287832015969 -0.7487834503693296 -0.3150939013291543
vn 0.5773502691896257 -0.5773502691896257 -0.5773502691896257
vn 0.3150939013291544 -0.583128783201597 -0.7487834503693296
vn 0.7487834503693295 -0.3150939013291543 -0.5831287832015969
vn 0.77786752387082 -0.6284282897093982 0
vn 0.9341723589627158 -0.35682208977309 0
vn 0.9435221910385526 -0.1947387406692231 -0.26803488187244257
vn 0.9435221910385526 -0.1947387406692231 0.26803488187244257
vn 0.1947387406692231 -0.26803488187244257 0.9435221910385526
vn 0.35682208977309 0 0.9341723589627158
vn 0.6284282897093982 0 0.77786752387082
vn 0.1947387406692231 0.26803488187244257 0.9435221910385526
vn -0.5831287832015969 -0.7487834503693296 0.3150939013291543
vn -0.5773502691896257 -0.5773502691896257 0.5773502691896257
vn -0.3150939013291544 -0.583128783201597 0.7487834503693296
vn -0.7487834503693295 -0.3150939013291543 0.5831287832015969
vn -0.3150939013291544 -0.583128783201597 -0.7487834503693296
vn -0.5773502691896257 -0.5773502691896257 -0.5773502691896257
vn -0.583128783201597 -0.7487834503693296 -0.3150939013291544
vn -0.7487834503693296 -0.3150939013291543 -0.5831287832015969
vn 0.6284282897093982 0 -0.77786752387082
vn 0.35682208977309 0 -0.9341723589627158
vn 0.1947387406692231 -0.26803488187244257 -0.9435221910385526
vn 0.1947387406692231 0.26803488187244257 -0.9435221910385526
vn 0.9435221910385526 0.1947387406692231 0.26803488187244257
vn 0.9341723589627158 0.35682208977309 0
vn 0.9435221910385526 0.1947387406692231 -0.26803488187244257
vn 0.77786752387082 0.6284282897093982 0
usemtl m_719a2801-c655-ef30-226f-ce277e99db15
f 2865/9169/2377 2866/9170/2377 2867/9171/2377
f 2865/9172/2378 2868/9173/2378 2866/9174/2378
f 2869/9175/2379 2868/9176/2379 2865/9177/2379
f 2868/9178/2380 2870/9179/2380 2866/9180/2380
f 2866/9181/2381 2871/9182/2381 2867/9183/2381
f 2866/9184/2382 2872/9185/2382 2871/9186/2382
f 2870/9187/2383 2872/9188/2383 2866/9189/2383
f 2872/9190/2384 2873/9191/2384 2871/9192/2384
f 2871/9193/2385 2874/9194/2385 2867/9195/2385
f 2871/9196/2386 2875/9197/2386 2874/9198/2386
f 2873/9199/2387 2875/9200/2387 2871/9201/2387
f 2875/9202/2388 2876/9203/2388 2874/9204/2388
f 2874/9205/2389 2877/9206/2389 2867/9207/2389
f 2874/9208/2390 2878/9209/2390 2877/9210/2390
f 2876/9211/2391 2878/9212/2391 2874/9213/2391
f 2878/9214/2392 2879/9215/2392 2877/9216/2392
f 2877/9217/2393 2865/9218/2393 2867/9219/2393
f 2877/9220/2394 2880/9221/2394 2865/9222/2394
f 2879/9223/2395 2880/9224/2395 2877/9225/2395
f 2880/9226/2396 2869/9227/2396 2865/9228/2396
f 2872/9229/2397 2881/9230/2397 2873/9231/2397
f 2872/9232/2398 2882/9233/2398 2881/9234/2398
f 2870/9235/2399 2882/9236/2399 2872/9237/2399
f 2882/9238/2400 2883/9239/2400 2881/9240/2400
f 2868/9241/2401 2884/9242/2401 2870/9243/2401
f 2868/9244/2402 2885/9245/2402 2884/9246/2402
f 2869/9247/2403 2885/9248/2403 2868/9249/2403
f 2885/9250/2404 2886/9251/2404 2884/9252/2404
f 2880/9253/2405 2887/9254/2405 2869/9255/2405
f 2880/9256/2406 2888/9257/2406 2887/9258/2406
f 2879/9259/2407 2888/9260/2407 2880/9261/2407
f 2888/9262/2408 2889/9263/2408 2887/9264/2408
f 2878/9265/2409 2890/9266/2409 2879/9267/2409
f 2878/9268/2410 2891/9269/2410 2890/9270/2410
f 2876/9271/2411 2891/9272/2411 2878/9273/2411
f 2891/9274/2412 2892/9275/2412 2890/9276/2412
f 2875/9277/2413 2893/9278/2413 2876/9279/2413
f 2875/9280/2414 2894/9281/2414 2893/9282/2414
f 2873/9283/2415 2894/9284/2415 2875/9285/2415
f 2894/9286/2416 2895/9287/2416 2893/9288/2416
f 2896/9289/2417 2897/9290/2417 2898/9291/2417
f 2896/9292/2418 2899/9293/2418 2897/9294/2418
f 2883/9295/2419 2899/9296/2419 2896/9297/2419
f 2899/9298/2420 2886/9299/2420 2897/9300/2420
f 2897/9301/2421 2900/9302/2421 2898/9303/2421
f 2897/9304/2422 2901/9305/2422 2900/9306/2422
f 2886/9307/2423 2901/9308/2423 2897/9309/2423
f 2901/9310/2424 2889/9311/2424 2900/9312/2424
f 2900/9313/2425 2902/9314/2425 2898/9315/2425
f 2900/9316/2426 2903/9317/2426 2902/9318/2426
f 2889/9319/2427 2903/9320/2427 2900/9321/2427
f 2903/9322/2428 2892/9323/2428 2902/9324/2428
f 2902/9325/2429 2904/9326/2429 2898/9327/2429
f 2902/9328/2430 2905/9329/2430 2904/9330/2430
f 2892/9331/2431 2905/9332/2431 2902/9333/2431
f 2905/9334/2432 2895/9335/2432 2904/9336/2432
f 2904/9337/2433 2896/9338/2433 2898/9339/2433
f 2904/9340/2434 2906/9341/2434 2896/9342/2434
f 2895/9343/2435 2906/9344/2435 2904/9345/2435
f 2906/9346/2436 2883/9347/2436 2896/9348/2436
f 2899/9349/2437 2884/9350/2437 2886/9351/2437
f 2899/9352/2438 2882/9353/2438 2884/9354/2438
f 2883/9355/2439 2882/9356/2439 2899/9357/2439
f 2882/9358/2440 2870/9359/2440 2884/9360/2440
f 2901/9361/2441 2887/9362/2441 2889/9363/2441
f 2901/9364/2442 2885/9365/2442 2887/9366/2442
f 2886/9367/2443 2885/9368/2443 2901/9369/2443
f 2885/9370/2444 2869/9371/2444 2887/9372/2444
f 2903/9373/2445 2890/9374/2445 2892/9375/2445
f 2903/9376/2446 2888/9377/2446 2890/9378/2446
f 2889/9379/2447 2888/9380/2447 2903/9381/2447
f 2888/9382/2448 2879/9383/2448 2890/9384/2448
f 2905/9385/2449 2893/9386/2449 2895/9387/2449
f 2905/9388/2450 2891/9389/2450 2893/9390/2450
f 2892/9391/2451 2891/9392/2451 2905/9393/2451
f 2891/9394/2452 2876/9395/2452 2893/9396/2452
f 2906/9397/2453 2881/9398/2453 2883/9399/2453
f 2906/9400/2454 2894/9401/2454 2881/9402/2454
f 2895/9403/2455 2894/9404/2455 2906/9405/2455
f 2894/9406/2456 2873/9407/2456 2881/9408/2456
o Sunburst orange juice fruit 1
v -0.4943135621484342 1.19375 0.4130635621484342
v -0.4630635621484342 1.2130635621484342 0.425
v -0.47660819450744585 1.2156656755220026 0.39375
v -0.475 1.1818135621484342 0.4443135621484342
v -0.4969156755220025 1.1625 0.42660819450744586
v -0.44375 1.1953581945074458 0.4469156755220025
v -0.44375 1.225 0.39375
v -0.42443643785156576 1.2130635621484342 0.425
v -0.4108918054925541 1.2156656755220026 0.39375
v -0.4630635621484342 1.2130635621484342 0.3625
v -0.42443643785156576 1.2130635621484342 0.3625
v -0.44375 1.1953581945074458 0.34058432447799747
v -0.4943135621484342 1.19375 0.3744364378515658
v -0.475 1.1818135621484342 0.3431864378515658
v -0.4969156755220025 1.1625 0.3608918054925541
v -0.50625 1.1625 0.39375
v -0.39318643785156576 1.19375 0.4130635621484342
v -0.4125 1.1818135621484342 0.4443135621484342
v -0.39058432447799746 1.1625 0.42660819450744586
v -0.44375 1.1625 0.45625
v -0.475 1.143186437851566 0.4443135621484342
v -0.44375 1.1296418054925543 0.4469156755220025
v -0.4943135621484342 1.13125 0.4130635621484342
v -0.4943135621484342 1.13125 0.3744364378515658
v -0.47660819450744585 1.1093343244779976 0.39375
v -0.475 1.143186437851566 0.3431864378515658
v -0.44375 1.1625 0.33125
v -0.44375 1.1296418054925543 0.34058432447799747
v -0.4125 1.1818135621484342 0.3431864378515658
v -0.39318643785156576 1.19375 0.3744364378515658
v -0.39058432447799746 1.1625 0.3608918054925541
v -0.39318643785156576 1.13125 0.4130635621484342
v -0.42443643785156576 1.111936437851566 0.425
v -0.4108918054925541 1.1093343244779976 0.39375
v -0.4125 1.143186437851566 0.4443135621484342
v -0.44375 1.1 0.39375
v -0.4630635621484342 1.111936437851566 0.425
v -0.42443643785156576 1.111936437851566 0.3625
v -0.4630635621484342 1.111936437851566 0.3625
v -0.39318643785156576 1.13125 0.3744364378515658
v -0.4125 1.143186437851566 0.3431864378515658
v -0.38125 1.1625 0.39375
vt 0 0.9718259538424412
vt 0.03862712429686842 0.9718259538424412
vt 0.019313562148434212 1
vt 0 0.9665479290837728
vt 0.03862712429686842 0.9665479290837728
vt 0.01931356214843421 1
vt 0 0.968140045919154
vt 0.034158316114083966 0.968140045919154
vt 0.01231803091878232 1
vt 0 0.968140045919154
vt 0.034158316114083966 0.968140045919154
vt 0.02184028519530164 1
vt 0 0.9718259538424412
vt 0.03862712429686842 0.9718259538424412
vt 0.01931356214843421 1
vt 0 0.9665479290837728
vt 0.03862712429686842 0.9665479290837728
vt 0.01931356214843421 1
vt 0 0.968140045919154
vt 0.03415831611408397 0.968140045919154
vt 0.01231803091878232 1
vt 0 0.968140045919154
vt 0.03415831611408396 0.968140045919154
vt 0.021840285195301644 1
vt 0 0.9718259538424412
vt 0.03862712429686842 0.9718259538424412
vt 0.019313562148434205 1
vt 0 0.9665479290837728
vt 0.03862712429686842 0.9665479290837728
vt 0.01931356214843421 1
vt 0 0.968140045919154
vt 0.03415831611408396 0.968140045919154
vt 0.012318030918782316 1
vt 0 0.968140045919154
vt 0.03415831611408397 0.968140045919154
vt 0.021840285195301647 1
vt 0 0.9718259538424412
vt 0.03862712429686842 0.9718259538424412
vt 0.01931356214843421 1
vt 0 0.9665479290837728
vt 0.03862712429686842 0.9665479290837728
vt 0.01931356214843421 1
vt 0 0.968140045919154
vt 0.034158316114083966 0.968140045919154
vt 0.012318030918782318 1
vt 0 0.968140045919154
vt 0.034158316114083966 0.968140045919154
vt 0.021840285195301644 1
vt 0 0.9718259538424412
vt 0.03862712429686842 0.9718259538424412
vt 0.01931356214843421 1
vt 0 0.9665479290837728
vt 0.03862712429686842 0.9665479290837728
vt 0.01931356214843421 1
vt 0 0.968140045919154
vt 0.03415831611408396 0.968140045919154
vt 0.012318030918782316 1
vt 0 0.968140045919154
vt 0.03415831611408396 0.968140045919154
vt 0.021840285195301644 1
vt 0 0.9718259538424412
vt 0.03862712429686842 0.9718259538424412
vt 0.01931356214843421 1
vt 0 0.9665479290837728
vt 0.03862712429686842 0.9665479290837728
vt 0.01931356214843421 1
vt 0 0.968140045919154
vt 0.034158316114083966 0.968140045919154
vt 0.012318030918782318 1
vt 0 0.968140045919154
vt 0.034158316114083966 0.968140045919154
vt 0.021840285195301644 1
vt 0 0.9718259538424412
vt 0.03862712429686842 0.9718259538424412
vt 0.019313562148434212 1
vt 0 0.9665479290837728
vt 0.03862712429686842 0.9665479290837728
vt 0.01931356214843421 1
vt 0 0.968140045919154
vt 0.034158316114083966 0.968140045919154
vt 0.01231803091878232 1
vt 0 0.968140045919154
vt 0.034158316114083966 0.968140045919154
vt 0.021840285195301644 1
vt 0 0.9718259538424412
vt 0.03862712429686842 0.9718259538424412
vt 0.019313562148434205 1
vt 0 0.9665479290837728
vt 0.03862712429686842 0.9665479290837728
vt 0.01931356214843421 1
vt 0 0.968140045919154
vt 0.03415831611408396 0.968140045919154
vt 0.012318030918782316 1
vt 0 0.968140045919154
vt 0.03415831611408396 0.968140045919154
vt 0.02184028519530164 1
vt 0 0.9718259538424412
vt 0.03862712429686842 0.9718259538424412
vt 0.01931356214843421 1
vt 0 0.9665479290837728
vt 0.03862712429686842 0.9665479290837728
vt 0.01931356214843421 1
vt 0 0.968140045919154
vt 0.03415831611408396 0.968140045919154
vt 0.012318030918782316 1
vt 0 0.968140045919154
vt 0.03415831611408396 0.968140045919154
vt 0.021840285195301644 1
vt 0 0.9718259538424412
vt 0.03862712429686842 0.9718259538424412
vt 0.019313562148434212 1
vt 0 0.9665479290837728
vt 0.03862712429686842 0.9665479290837728
vt 0.01931356214843421 1
vt 0 0.968140045919154
vt 0.03415831611408396 0.968140045919154
vt 0.012318030918782318 1
vt 0 0.968140045919154
vt 0.03415831611408396 0.968140045919154
vt 0.021840285195301644 1
vt 0 0.9718259538424412
vt 0.03862712429686842 0.9718259538424412
vt 0.019313562148434212 1
vt 0 0.9665479290837728
vt 0.03862712429686842 0.9665479290837728
vt 0.01931356214843421 1
vt 0 0.968140045919154
vt 0.034158316114083966 0.968140045919154
vt 0.01231803091878232 1
vt 0 0.968140045919154
vt 0.034158316114083966 0.968140045919154
vt 0.02184028519530164 1
vt 0 0.9718259538424412
vt 0.03862712429686842 0.9718259538424412
vt 0.01931356214843421 1
vt 0 0.9665479290837728
vt 0.03862712429686842 0.9665479290837728
vt 0.01931356214843421 1
vt 0 0.968140045919154
vt 0.03415831611408397 0.968140045919154
vt 0.01231803091878232 1
vt 0 0.968140045919154
vt 0.03415831611408396 0.968140045919154
vt 0.021840285195301644 1
vt 0 0.9718259538424412
vt 0.03862712429686842 0.9718259538424412
vt 0.019313562148434205 1
vt 0 0.9665479290837728
vt 0.03862712429686842 0.9665479290837728
vt 0.01931356214843421 1
vt 0 0.968140045919154
vt 0.03415831611408396 0.968140045919154
vt 0.012318030918782316 1
vt 0 0.968140045919154
vt 0.03415831611408397 0.968140045919154
vt 0.021840285195301647 1
vt 0 0.9718259538424412
vt 0.03862712429686842 0.9718259538424412
vt 0.01931356214843421 1
vt 0 0.9665479290837728
vt 0.03862712429686842 0.9665479290837728
vt 0.01931356214843421 1
vt 0 0.968140045919154
vt 0.034158316114083966 0.968140045919154
vt 0.012318030918782318 1
vt 0 0.968140045919154
vt 0.034158316114083966 0.968140045919154
vt 0.021840285195301644 1
vt 0 0.9718259538424412
vt 0.03862712429686842 0.9718259538424412
vt 0.01931356214843421 1
vt 0 0.9665479290837728
vt 0.03862712429686842 0.9665479290837728
vt 0.01931356214843421 1
vt 0 0.968140045919154
vt 0.03415831611408396 0.968140045919154
vt 0.012318030918782316 1
vt 0 0.968140045919154
vt 0.03415831611408396 0.968140045919154
vt 0.021840285195301644 1
vt 0 0.9718259538424412
vt 0.03862712429686842 0.9718259538424412
vt 0.019313562148434212 1
vt 0 0.9665479290837728
vt 0.03862712429686842 0.9665479290837728
vt 0.01931356214843421 1
vt 0 0.968140045919154
vt 0.034158316114083966 0.968140045919154
vt 0.01231803091878232 1
vt 0 0.968140045919154
vt 0.034158316114083966 0.968140045919154
vt 0.021840285195301644 1
vt 0 0.9718259538424412
vt 0.03862712429686842 0.9718259538424412
vt 0.01931356214843421 1
vt 0 0.9665479290837728
vt 0.03862712429686842 0.9665479290837728
vt 0.01931356214843421 1
vt 0 0.968140045919154
vt 0.034158316114083966 0.968140045919154
vt 0.012318030918782318 1
vt 0 0.968140045919154
vt 0.034158316114083966 0.968140045919154
vt 0.021840285195301644 1
vt 0 0.9718259538424412
vt 0.03862712429686842 0.9718259538424412
vt 0.019313562148434212 1
vt 0 0.9665479290837728
vt 0.03862712429686842 0.9665479290837728
vt 0.01931356214843421 1
vt 0 0.968140045919154
vt 0.03415831611408396 0.968140045919154
vt 0.012318030918782318 1
vt 0 0.968140045919154
vt 0.03415831611408396 0.968140045919154
vt 0.021840285195301644 1
vt 0 0.9718259538424412
vt 0.03862712429686842 0.9718259538424412
vt 0.01931356214843421 1
vt 0 0.9665479290837728
vt 0.03862712429686842 0.9665479290837728
vt 0.01931356214843421 1
vt 0 0.968140045919154
vt 0.03415831611408396 0.968140045919154
vt 0.012318030918782316 1
vt 0 0.968140045919154
vt 0.03415831611408396 0.968140045919154
vt 0.021840285195301644 1
vt 0 0.9718259538424412
vt 0.03862712429686842 0.9718259538424412
vt 0.019313562148434205 1
vt 0 0.9665479290837728
vt 0.03862712429686842 0.9665479290837728
vt 0.01931356214843421 1
vt 0 0.968140045919154
vt 0.03415831611408396 0.968140045919154
vt 0.012318030918782316 1
vt 0 0.968140045919154
vt 0.03415831611408396 0.968140045919154
vt 0.02184028519530164 1
vn -0.583128783201597 0.7487834503693296 0.3150939013291544
vn -0.5773502691896257 0.5773502691896257 0.5773502691896257
vn -0.7487834503693295 0.3150939013291543 0.5831287832015969
vn -0.3150939013291543 0.5831287832015969 0.7487834503693296
vn -0.26803488187244257 0.9435221910385526 0.1947387406692231
vn 0 0.9341723589627158 0.35682208977309
vn 0 0.77786752387082 0.6284282897093982
vn 0.26803488187244257 0.9435221910385526 0.1947387406692231
vn -0.26803488187244257 0.9435221910385526 -0.1947387406692231
vn 0 0.9341723589627158 -0.35682208977309
vn 0.26803488187244257 0.9435221910385526 -0.1947387406692231
vn 0 0.77786752387082 -0.6284282897093982
vn -0.5831287832015969 0.7487834503693296 -0.3150939013291543
vn -0.5773502691896257 0.5773502691896257 -0.5773502691896257
vn -0.3150939013291544 0.583128783201597 -0.7487834503693296
vn -0.7487834503693295 0.3150939013291543 -0.5831287832015969
vn -0.77786752387082 0.6284282897093982 0
vn -0.9341723589627158 0.35682208977309 0
vn -0.9435221910385526 0.1947387406692231 -0.26803488187244257
vn -0.9435221910385526 0.1947387406692231 0.26803488187244257
vn 0.5831287832015969 0.7487834503693296 0.3150939013291543
vn 0.5773502691896257 0.5773502691896257 0.5773502691896257
vn 0.3150939013291544 0.583128783201597 0.7487834503693296
vn 0.7487834503693295 0.3150939013291543 0.5831287832015969
vn -0.1947387406692231 0.26803488187244257 0.9435221910385526
vn -0.35682208977309 0 0.9341723589627158
vn -0.6284282897093982 0 0.77786752387082
vn -0.1947387406692231 -0.26803488187244257 0.9435221910385526
vn -0.9435221910385526 -0.1947387406692231 0.26803488187244257
vn -0.9341723589627158 -0.35682208977309 0
vn -0.9435221910385526 -0.1947387406692231 -0.26803488187244257
vn -0.77786752387082 -0.6284282897093982 0
vn -0.6284282897093982 0 -0.77786752387082
vn -0.35682208977309 0 -0.9341723589627158
vn -0.1947387406692231 0.26803488187244257 -0.9435221910385526
vn -0.1947387406692231 -0.26803488187244257 -0.9435221910385526
vn 0.3150939013291544 0.583128783201597 -0.7487834503693296
vn 0.5773502691896257 0.5773502691896257 -0.5773502691896257
vn 0.583128783201597 0.7487834503693296 -0.3150939013291544
vn 0.7487834503693296 0.3150939013291543 -0.5831287832015969
vn 0.583128783201597 -0.7487834503693296 0.3150939013291544
vn 0.5773502691896257 -0.5773502691896257 0.5773502691896257
vn 0.7487834503693295 -0.3150939013291543 0.5831287832015969
vn 0.3150939013291543 -0.5831287832015969 0.7487834503693296
vn 0.26803488187244257 -0.9435221910385526 0.1947387406692231
vn 0 -0.9341723589627158 0.35682208977309
vn 0 -0.77786752387082 0.6284282897093982
vn -0.26803488187244257 -0.9435221910385526 0.1947387406692231
vn 0.26803488187244257 -0.9435221910385526 -0.1947387406692231
vn 0 -0.9341723589627158 -0.35682208977309
vn -0.26803488187244257 -0.9435221910385526 -0.1947387406692231
vn 0 -0.77786752387082 -0.6284282897093982
vn 0.5831287832015969 -0.7487834503693296 -0.3150939013291543
vn 0.5773502691896257 -0.5773502691896257 -0.5773502691896257
vn 0.3150939013291544 -0.583128783201597 -0.7487834503693296
vn 0.7487834503693295 -0.3150939013291543 -0.5831287832015969
vn 0.77786752387082 -0.6284282897093982 0
vn 0.9341723589627158 -0.35682208977309 0
vn 0.9435221910385526 -0.1947387406692231 -0.26803488187244257
vn 0.9435221910385526 -0.1947387406692231 0.26803488187244257
vn 0.1947387406692231 -0.26803488187244257 0.9435221910385526
vn 0.35682208977309 0 0.9341723589627158
vn 0.6284282897093982 0 0.77786752387082
vn 0.1947387406692231 0.26803488187244257 0.9435221910385526
vn -0.5831287832015969 -0.7487834503693296 0.3150939013291543
vn -0.5773502691896257 -0.5773502691896257 0.5773502691896257
vn -0.3150939013291544 -0.583128783201597 0.7487834503693296
vn -0.7487834503693295 -0.3150939013291543 0.5831287832015969
vn -0.3150939013291544 -0.583128783201597 -0.7487834503693296
vn -0.5773502691896257 -0.5773502691896257 -0.5773502691896257
vn -0.583128783201597 -0.7487834503693296 -0.3150939013291544
vn -0.7487834503693296 -0.3150939013291543 -0.5831287832015969
vn 0.6284282897093982 0 -0.77786752387082
vn 0.35682208977309 0 -0.9341723589627158
vn 0.1947387406692231 -0.26803488187244257 -0.9435221910385526
vn 0.1947387406692231 0.26803488187244257 -0.9435221910385526
vn 0.9435221910385526 0.1947387406692231 0.26803488187244257
vn 0.9341723589627158 0.35682208977309 0
vn 0.9435221910385526 0.1947387406692231 -0.26803488187244257
vn 0.77786752387082 0.6284282897093982 0
usemtl m_719a2801-c655-ef30-226f-ce277e99db15
f 2907/9409/2457 2908/9410/2457 2909/9411/2457
f 2907/9412/2458 2910/9413/2458 2908/9414/2458
f 2911/9415/2459 2910/9416/2459 2907/9417/2459
f 2910/9418/2460 2912/9419/2460 2908/9420/2460
f 2908/9421/2461 2913/9422/2461 2909/9423/2461
f 2908/9424/2462 2914/9425/2462 2913/9426/2462
f 2912/9427/2463 2914/9428/2463 2908/9429/2463
f 2914/9430/2464 2915/9431/2464 2913/9432/2464
f 2913/9433/2465 2916/9434/2465 2909/9435/2465
f 2913/9436/2466 2917/9437/2466 2916/9438/2466
f 2915/9439/2467 2917/9440/2467 2913/9441/2467
f 2917/9442/2468 2918/9443/2468 2916/9444/2468
f 2916/9445/2469 2919/9446/2469 2909/9447/2469
f 2916/9448/2470 2920/9449/2470 2919/9450/2470
f 2918/9451/2471 2920/9452/2471 2916/9453/2471
f 2920/9454/2472 2921/9455/2472 2919/9456/2472
f 2919/9457/2473 2907/9458/2473 2909/9459/2473
f 2919/9460/2474 2922/9461/2474 2907/9462/2474
f 2921/9463/2475 2922/9464/2475 2919/9465/2475
f 2922/9466/2476 2911/9467/2476 2907/9468/2476
f 2914/9469/2477 2923/9470/2477 2915/9471/2477
f 2914/9472/2478 2924/9473/2478 2923/9474/2478
f 2912/9475/2479 2924/9476/2479 2914/9477/2479
f 2924/9478/2480 2925/9479/2480 2923/9480/2480
f 2910/9481/2481 2926/9482/2481 2912/9483/2481
f 2910/9484/2482 2927/9485/2482 2926/9486/2482
f 2911/9487/2483 2927/9488/2483 2910/9489/2483
f 2927/9490/2484 2928/9491/2484 2926/9492/2484
f 2922/9493/2485 2929/9494/2485 2911/9495/2485
f 2922/9496/2486 2930/9497/2486 2929/9498/2486
f 2921/9499/2487 2930/9500/2487 2922/9501/2487
f 2930/9502/2488 2931/9503/2488 2929/9504/2488
f 2920/9505/2489 2932/9506/2489 2921/9507/2489
f 2920/9508/2490 2933/9509/2490 2932/9510/2490
f 2918/9511/2491 2933/9512/2491 2920/9513/2491
f 2933/9514/2492 2934/9515/2492 2932/9516/2492
f 2917/9517/2493 2935/9518/2493 2918/9519/2493
f 2917/9520/2494 2936/9521/2494 2935/9522/2494
f 2915/9523/2495 2936/9524/2495 2917/9525/2495
f 2936/9526/2496 2937/9527/2496 2935/9528/2496
f 2938/9529/2497 2939/9530/2497 2940/9531/2497
f 2938/9532/2498 2941/9533/2498 2939/9534/2498
f 2925/9535/2499 2941/9536/2499 2938/9537/2499
f 2941/9538/2500 2928/9539/2500 2939/9540/2500
f 2939/9541/2501 2942/9542/2501 2940/9543/2501
f 2939/9544/2502 2943/9545/2502 2942/9546/2502
f 2928/9547/2503 2943/9548/2503 2939/9549/2503
f 2943/9550/2504 2931/9551/2504 2942/9552/2504
f 2942/9553/2505 2944/9554/2505 2940/9555/2505
f 2942/9556/2506 2945/9557/2506 2944/9558/2506
f 2931/9559/2507 2945/9560/2507 2942/9561/2507
f 2945/9562/2508 2934/9563/2508 2944/9564/2508
f 2944/9565/2509 2946/9566/2509 2940/9567/2509
f 2944/9568/2510 2947/9569/2510 2946/9570/2510
f 2934/9571/2511 2947/9572/2511 2944/9573/2511
f 2947/9574/2512 2937/9575/2512 2946/9576/2512
f 2946/9577/2513 2938/9578/2513 2940/9579/2513
f 2946/9580/2514 2948/9581/2514 2938/9582/2514
f 2937/9583/2515 2948/9584/2515 2946/9585/2515
f 2948/9586/2516 2925/9587/2516 2938/9588/2516
f 2941/9589/2517 2926/9590/2517 2928/9591/2517
f 2941/9592/2518 2924/9593/2518 2926/9594/2518
f 2925/9595/2519 2924/9596/2519 2941/9597/2519
f 2924/9598/2520 2912/9599/2520 2926/9600/2520
f 2943/9601/2521 2929/9602/2521 2931/9603/2521
f 2943/9604/2522 2927/9605/2522 2929/9606/2522
f 2928/9607/2523 2927/9608/2523 2943/9609/2523
f 2927/9610/2524 2911/9611/2524 2929/9612/2524
f 2945/9613/2525 2932/9614/2525 2934/9615/2525
f 2945/9616/2526 2930/9617/2526 2932/9618/2526
f 2931/9619/2527 2930/9620/2527 2945/9621/2527
f 2930/9622/2528 2921/9623/2528 2932/9624/2528
f 2947/9625/2529 2935/9626/2529 2937/9627/2529
f 2947/9628/2530 2933/9629/2530 2935/9630/2530
f 2934/9631/2531 2933/9632/2531 2947/9633/2531
f 2933/9634/2532 2918/9635/2532 2935/9636/2532
f 2948/9637/2533 2923/9638/2533 2925/9639/2533
f 2948/9640/2534 2936/9641/2534 2923/9642/2534
f 2937/9643/2535 2936/9644/2535 2948/9645/2535
f 2936/9646/2536 2915/9647/2536 2923/9648/2536
o Ruby berry juice fruit 0
v -0.6205072059335908 1.196875 0.4236322059335908
v -0.5923822059335907 1.2142572059335908 0.434375
v -0.6045723750567012 1.2165991079698022 0.40625
v -0.6031249999999999 1.1861322059335908 0.4517572059335908
v -0.6228491079698022 1.16875 0.4358223750567013
v -0.575 1.1983223750567011 0.45409910796980224
v -0.575 1.2249999999999999 0.40625
v -0.5576177940664092 1.2142572059335908 0.434375
v -0.5454276249432987 1.2165991079698022 0.40625
v -0.5923822059335907 1.2142572059335908 0.378125
v -0.5576177940664092 1.2142572059335908 0.378125
v -0.575 1.1983223750567011 0.35840089203019776
v -0.6205072059335908 1.196875 0.3888677940664092
v -0.6031249999999999 1.1861322059335908 0.3607427940664092
v -0.6228491079698022 1.16875 0.3766776249432987
v -0.63125 1.16875 0.40625
v -0.5294927940664091 1.196875 0.4236322059335908
v -0.546875 1.1861322059335908 0.4517572059335908
v -0.5271508920301977 1.16875 0.4358223750567013
v -0.575 1.16875 0.4625
v -0.6031249999999999 1.151367794066409 0.4517572059335908
v -0.575 1.1391776249432988 0.45409910796980224
v -0.6205072059335908 1.140625 0.4236322059335908
v -0.6205072059335908 1.140625 0.3888677940664092
v -0.6045723750567012 1.1209008920301977 0.40625
v -0.6031249999999999 1.151367794066409 0.3607427940664092
v -0.575 1.16875 0.35
v -0.575 1.1391776249432988 0.35840089203019776
v -0.546875 1.1861322059335908 0.3607427940664092
v -0.5294927940664091 1.196875 0.3888677940664092
v -0.5271508920301977 1.16875 0.3766776249432987
v -0.5294927940664091 1.140625 0.4236322059335908
v -0.5576177940664092 1.1232427940664091 0.434375
v -0.5454276249432987 1.1209008920301977 0.40625
v -0.546875 1.151367794066409 0.4517572059335908
v -0.575 1.1125 0.40625
v -0.5923822059335907 1.1232427940664091 0.434375
v -0.5576177940664092 1.1232427940664091 0.378125
v -0.5923822059335907 1.1232427940664091 0.378125
v -0.5294927940664091 1.140625 0.3888677940664092
v -0.546875 1.151367794066409 0.3607427940664092
v -0.5187499999999999 1.16875 0.40625
vt 0 0.974643358458197
vt 0.034764411867181585 0.974643358458197
vt 0.01738220593359079 1
vt 0 0.9698931361753955
vt 0.03476441186718158 0.9698931361753955
vt 0.01738220593359079 1
vt 0 0.9713260413272387
vt 0.03074248450267557 0.9713260413272387
vt 0.011086227826904084 1
vt 0 0.9713260413272387
vt 0.03074248450267556 0.9713260413272387
vt 0.019656256675771477 1
vt 0 0.974643358458197
vt 0.03476441186718158 0.974643358458197
vt 0.01738220593359079 1
vt 0 0.9698931361753955
vt 0.034764411867181585 0.9698931361753955
vt 0.017382205933590793 1
vt 0 0.9713260413272387
vt 0.03074248450267557 0.9713260413272387
vt 0.011086227826904086 1
vt 0 0.9713260413272387
vt 0.03074248450267556 0.9713260413272387
vt 0.019656256675771477 1
vt 0 0.974643358458197
vt 0.03476441186718158 0.974643358458197
vt 0.01738220593359079 1
vt 0 0.9698931361753955
vt 0.03476441186718158 0.9698931361753955
vt 0.017382205933590786 1
vt 0 0.9713260413272387
vt 0.03074248450267556 0.9713260413272387
vt 0.011086227826904086 1
vt 0 0.9713260413272387
vt 0.03074248450267557 0.9713260413272387
vt 0.019656256675771484 1
vt 0 0.974643358458197
vt 0.034764411867181585 0.974643358458197
vt 0.017382205933590786 1
vt 0 0.9698931361753955
vt 0.03476441186718158 0.9698931361753955
vt 0.01738220593359079 1
vt 0 0.9713260413272387
vt 0.03074248450267556 0.9713260413272387
vt 0.011086227826904086 1
vt 0 0.9713260413272387
vt 0.03074248450267557 0.9713260413272387
vt 0.019656256675771484 1
vt 0 0.974643358458197
vt 0.034764411867181585 0.974643358458197
vt 0.017382205933590793 1
vt 0 0.9698931361753955
vt 0.03476441186718158 0.9698931361753955
vt 0.017382205933590793 1
vt 0 0.9713260413272387
vt 0.03074248450267557 0.9713260413272387
vt 0.011086227826904086 1
vt 0 0.9713260413272387
vt 0.03074248450267557 0.9713260413272387
vt 0.01965625667577148 1
vt 0 0.974643358458197
vt 0.034764411867181585 0.974643358458197
vt 0.017382205933590786 1
vt 0 0.9698931361753955
vt 0.03476441186718158 0.9698931361753955
vt 0.01738220593359079 1
vt 0 0.9713260413272387
vt 0.03074248450267556 0.9713260413272387
vt 0.011086227826904086 1
vt 0 0.9713260413272387
vt 0.03074248450267557 0.9713260413272387
vt 0.019656256675771484 1
vt 0 0.974643358458197
vt 0.034764411867181585 0.974643358458197
vt 0.01738220593359079 1
vt 0 0.9698931361753955
vt 0.034764411867181585 0.9698931361753955
vt 0.017382205933590793 1
vt 0 0.9713260413272387
vt 0.03074248450267557 0.9713260413272387
vt 0.011086227826904086 1
vt 0 0.9713260413272387
vt 0.03074248450267556 0.9713260413272387
vt 0.019656256675771477 1
vt 0 0.974643358458197
vt 0.03476441186718158 0.974643358458197
vt 0.01738220593359079 1
vt 0 0.9698931361753955
vt 0.03476441186718158 0.9698931361753955
vt 0.017382205933590786 1
vt 0 0.9713260413272387
vt 0.03074248450267556 0.9713260413272387
vt 0.011086227826904086 1
vt 0 0.9713260413272387
vt 0.030742484502675572 0.9713260413272387
vt 0.019656256675771484 1
vt 0 0.974643358458197
vt 0.034764411867181585 0.974643358458197
vt 0.017382205933590793 1
vt 0 0.9698931361753955
vt 0.034764411867181585 0.9698931361753955
vt 0.017382205933590793 1
vt 0 0.9713260413272387
vt 0.03074248450267557 0.9713260413272387
vt 0.011086227826904086 1
vt 0 0.9713260413272387
vt 0.03074248450267557 0.9713260413272387
vt 0.01965625667577148 1
vt 0 0.974643358458197
vt 0.03476441186718158 0.974643358458197
vt 0.017382205933590793 1
vt 0 0.9698931361753955
vt 0.034764411867181585 0.9698931361753955
vt 0.01738220593359079 1
vt 0 0.9713260413272387
vt 0.030742484502675572 0.9713260413272387
vt 0.011086227826904086 1
vt 0 0.9713260413272387
vt 0.03074248450267556 0.9713260413272387
vt 0.019656256675771477 1
vt 0 0.974643358458197
vt 0.034764411867181585 0.974643358458197
vt 0.01738220593359079 1
vt 0 0.9698931361753955
vt 0.03476441186718158 0.9698931361753955
vt 0.01738220593359079 1
vt 0 0.9713260413272387
vt 0.03074248450267557 0.9713260413272387
vt 0.011086227826904084 1
vt 0 0.9713260413272387
vt 0.03074248450267556 0.9713260413272387
vt 0.019656256675771477 1
vt 0 0.974643358458197
vt 0.03476441186718158 0.974643358458197
vt 0.01738220593359079 1
vt 0 0.9698931361753955
vt 0.034764411867181585 0.9698931361753955
vt 0.017382205933590793 1
vt 0 0.9713260413272387
vt 0.03074248450267557 0.9713260413272387
vt 0.011086227826904086 1
vt 0 0.9713260413272387
vt 0.03074248450267556 0.9713260413272387
vt 0.019656256675771477 1
vt 0 0.974643358458197
vt 0.03476441186718158 0.974643358458197
vt 0.01738220593359079 1
vt 0 0.9698931361753955
vt 0.03476441186718158 0.9698931361753955
vt 0.017382205933590786 1
vt 0 0.9713260413272387
vt 0.03074248450267556 0.9713260413272387
vt 0.011086227826904086 1
vt 0 0.9713260413272387
vt 0.03074248450267557 0.9713260413272387
vt 0.019656256675771484 1
vt 0 0.974643358458197
vt 0.034764411867181585 0.974643358458197
vt 0.017382205933590786 1
vt 0 0.9698931361753955
vt 0.03476441186718158 0.9698931361753955
vt 0.01738220593359079 1
vt 0 0.9713260413272387
vt 0.03074248450267556 0.9713260413272387
vt 0.011086227826904086 1
vt 0 0.9713260413272387
vt 0.03074248450267557 0.9713260413272387
vt 0.019656256675771484 1
vt 0 0.974643358458197
vt 0.034764411867181585 0.974643358458197
vt 0.017382205933590793 1
vt 0 0.9698931361753955
vt 0.03476441186718158 0.9698931361753955
vt 0.017382205933590793 1
vt 0 0.9713260413272387
vt 0.03074248450267557 0.9713260413272387
vt 0.011086227826904086 1
vt 0 0.9713260413272387
vt 0.03074248450267557 0.9713260413272387
vt 0.01965625667577148 1
vt 0 0.974643358458197
vt 0.034764411867181585 0.974643358458197
vt 0.01738220593359079 1
vt 0 0.9698931361753955
vt 0.034764411867181585 0.9698931361753955
vt 0.017382205933590793 1
vt 0 0.9713260413272387
vt 0.03074248450267557 0.9713260413272387
vt 0.011086227826904086 1
vt 0 0.9713260413272387
vt 0.03074248450267556 0.9713260413272387
vt 0.019656256675771477 1
vt 0 0.974643358458197
vt 0.034764411867181585 0.974643358458197
vt 0.017382205933590786 1
vt 0 0.9698931361753955
vt 0.03476441186718158 0.9698931361753955
vt 0.01738220593359079 1
vt 0 0.9713260413272387
vt 0.03074248450267556 0.9713260413272387
vt 0.011086227826904086 1
vt 0 0.9713260413272387
vt 0.03074248450267557 0.9713260413272387
vt 0.019656256675771484 1
vt 0 0.974643358458197
vt 0.03476441186718158 0.974643358458197
vt 0.017382205933590793 1
vt 0 0.9698931361753955
vt 0.034764411867181585 0.9698931361753955
vt 0.01738220593359079 1
vt 0 0.9713260413272387
vt 0.030742484502675572 0.9713260413272387
vt 0.011086227826904086 1
vt 0 0.9713260413272387
vt 0.03074248450267556 0.9713260413272387
vt 0.019656256675771477 1
vt 0 0.974643358458197
vt 0.034764411867181585 0.974643358458197
vt 0.017382205933590793 1
vt 0 0.9698931361753955
vt 0.034764411867181585 0.9698931361753955
vt 0.017382205933590793 1
vt 0 0.9713260413272387
vt 0.03074248450267557 0.9713260413272387
vt 0.011086227826904086 1
vt 0 0.9713260413272387
vt 0.03074248450267557 0.9713260413272387
vt 0.01965625667577148 1
vt 0 0.974643358458197
vt 0.03476441186718158 0.974643358458197
vt 0.01738220593359079 1
vt 0 0.9698931361753955
vt 0.03476441186718158 0.9698931361753955
vt 0.017382205933590786 1
vt 0 0.9713260413272387
vt 0.03074248450267556 0.9713260413272387
vt 0.011086227826904086 1
vt 0 0.9713260413272387
vt 0.030742484502675572 0.9713260413272387
vt 0.019656256675771484 1
vn -0.5831287832015969 0.7487834503693296 0.31509390132915427
vn -0.5773502691896258 0.5773502691896257 0.5773502691896257
vn -0.7487834503693295 0.31509390132915427 0.583128783201597
vn -0.31509390132915416 0.583128783201597 0.7487834503693295
vn -0.2680348818724426 0.9435221910385527 0.19473874066922295
vn 0 0.9341723589627159 0.3568220897730899
vn 0 0.77786752387082 0.6284282897093983
vn 0.2680348818724426 0.9435221910385527 0.19473874066922295
vn -0.2680348818724427 0.9435221910385527 -0.19473874066922298
vn 0 0.9341723589627159 -0.3568220897730899
vn 0.2680348818724427 0.9435221910385527 -0.19473874066922298
vn 0 0.77786752387082 -0.6284282897093983
vn -0.583128783201597 0.7487834503693295 -0.31509390132915416
vn -0.5773502691896257 0.5773502691896258 -0.5773502691896257
vn -0.31509390132915427 0.583128783201597 -0.7487834503693295
vn -0.7487834503693295 0.31509390132915427 -0.5831287832015969
vn -0.77786752387082 0.6284282897093983 0
vn -0.9341723589627159 0.3568220897730899 0
vn -0.9435221910385527 0.19473874066922298 -0.2680348818724427
vn -0.9435221910385527 0.19473874066922298 0.2680348818724427
vn 0.583128783201597 0.7487834503693295 0.31509390132915416
vn 0.5773502691896257 0.5773502691896258 0.5773502691896257
vn 0.31509390132915427 0.583128783201597 0.7487834503693295
vn 0.7487834503693295 0.31509390132915427 0.5831287832015969
vn -0.19473874066922295 0.2680348818724426 0.9435221910385527
vn -0.3568220897730899 0 0.9341723589627159
vn -0.6284282897093983 0 0.77786752387082
vn -0.19473874066922295 -0.2680348818724426 0.9435221910385527
vn -0.9435221910385527 -0.19473874066922298 0.2680348818724427
vn -0.9341723589627159 -0.3568220897730899 0
vn -0.9435221910385527 -0.19473874066922298 -0.2680348818724427
vn -0.77786752387082 -0.6284282897093983 0
vn -0.6284282897093983 0 -0.77786752387082
vn -0.3568220897730899 0 -0.9341723589627159
vn -0.19473874066922298 0.2680348818724427 -0.9435221910385527
vn -0.19473874066922298 -0.2680348818724427 -0.9435221910385527
vn 0.3150939013291543 0.583128783201597 -0.7487834503693296
vn 0.5773502691896257 0.5773502691896258 -0.5773502691896257
vn 0.583128783201597 0.7487834503693295 -0.31509390132915427
vn 0.7487834503693295 0.31509390132915416 -0.583128783201597
vn 0.5831287832015969 -0.7487834503693296 0.31509390132915427
vn 0.5773502691896258 -0.5773502691896257 0.5773502691896257
vn 0.7487834503693295 -0.31509390132915427 0.583128783201597
vn 0.31509390132915416 -0.583128783201597 0.7487834503693295
vn 0.2680348818724426 -0.9435221910385527 0.19473874066922295
vn 0 -0.9341723589627159 0.3568220897730899
vn 0 -0.77786752387082 0.6284282897093983
vn -0.2680348818724426 -0.9435221910385527 0.19473874066922295
vn 0.2680348818724427 -0.9435221910385527 -0.19473874066922298
vn 0 -0.9341723589627159 -0.3568220897730899
vn -0.2680348818724427 -0.9435221910385527 -0.19473874066922298
vn 0 -0.77786752387082 -0.6284282897093983
vn 0.583128783201597 -0.7487834503693295 -0.31509390132915416
vn 0.5773502691896257 -0.5773502691896258 -0.5773502691896257
vn 0.31509390132915427 -0.583128783201597 -0.7487834503693295
vn 0.7487834503693295 -0.31509390132915427 -0.5831287832015969
vn 0.77786752387082 -0.6284282897093983 0
vn 0.9341723589627159 -0.3568220897730899 0
vn 0.9435221910385527 -0.19473874066922298 -0.2680348818724427
vn 0.9435221910385527 -0.19473874066922298 0.2680348818724427
vn 0.19473874066922295 -0.2680348818724426 0.9435221910385527
vn 0.3568220897730899 0 0.9341723589627159
vn 0.6284282897093983 0 0.77786752387082
vn 0.19473874066922295 0.2680348818724426 0.9435221910385527
vn -0.583128783201597 -0.7487834503693295 0.31509390132915416
vn -0.5773502691896257 -0.5773502691896258 0.5773502691896257
vn -0.31509390132915427 -0.583128783201597 0.7487834503693295
vn -0.7487834503693295 -0.31509390132915427 0.5831287832015969
vn -0.3150939013291543 -0.583128783201597 -0.7487834503693296
vn -0.5773502691896257 -0.5773502691896258 -0.5773502691896257
vn -0.583128783201597 -0.7487834503693295 -0.31509390132915427
vn -0.7487834503693295 -0.31509390132915416 -0.583128783201597
vn 0.6284282897093983 0 -0.77786752387082
vn 0.3568220897730899 0 -0.9341723589627159
vn 0.19473874066922298 -0.2680348818724427 -0.9435221910385527
vn 0.19473874066922298 0.2680348818724427 -0.9435221910385527
vn 0.9435221910385527 0.19473874066922298 0.2680348818724427
vn 0.9341723589627159 0.3568220897730899 0
vn 0.9435221910385527 0.19473874066922298 -0.2680348818724427
vn 0.77786752387082 0.6284282897093983 0
usemtl m_b83b7468-8436-3cb0-decf-adb6c57c521d
f 2949/9649/2537 2950/9650/2537 2951/9651/2537
f 2949/9652/2538 2952/9653/2538 2950/9654/2538
f 2953/9655/2539 2952/9656/2539 2949/9657/2539
f 2952/9658/2540 2954/9659/2540 2950/9660/2540
f 2950/9661/2541 2955/9662/2541 2951/9663/2541
f 2950/9664/2542 2956/9665/2542 2955/9666/2542
f 2954/9667/2543 2956/9668/2543 2950/9669/2543
f 2956/9670/2544 2957/9671/2544 2955/9672/2544
f 2955/9673/2545 2958/9674/2545 2951/9675/2545
f 2955/9676/2546 2959/9677/2546 2958/9678/2546
f 2957/9679/2547 2959/9680/2547 2955/9681/2547
f 2959/9682/2548 2960/9683/2548 2958/9684/2548
f 2958/9685/2549 2961/9686/2549 2951/9687/2549
f 2958/9688/2550 2962/9689/2550 2961/9690/2550
f 2960/9691/2551 2962/9692/2551 2958/9693/2551
f 2962/9694/2552 2963/9695/2552 2961/9696/2552
f 2961/9697/2553 2949/9698/2553 2951/9699/2553
f 2961/9700/2554 2964/9701/2554 2949/9702/2554
f 2963/9703/2555 2964/9704/2555 2961/9705/2555
f 2964/9706/2556 2953/9707/2556 2949/9708/2556
f 2956/9709/2557 2965/9710/2557 2957/9711/2557
f 2956/9712/2558 2966/9713/2558 2965/9714/2558
f 2954/9715/2559 2966/9716/2559 2956/9717/2559
f 2966/9718/2560 2967/9719/2560 2965/9720/2560
f 2952/9721/2561 2968/9722/2561 2954/9723/2561
f 2952/9724/2562 2969/9725/2562 2968/9726/2562
f 2953/9727/2563 2969/9728/2563 2952/9729/2563
f 2969/9730/2564 2970/9731/2564 2968/9732/2564
f 2964/9733/2565 2971/9734/2565 2953/9735/2565
f 2964/9736/2566 2972/9737/2566 2971/9738/2566
f 2963/9739/2567 2972/9740/2567 2964/9741/2567
f 2972/9742/2568 2973/9743/2568 2971/9744/2568
f 2962/9745/2569 2974/9746/2569 2963/9747/2569
f 2962/9748/2570 2975/9749/2570 2974/9750/2570
f 2960/9751/2571 2975/9752/2571 2962/9753/2571
f 2975/9754/2572 2976/9755/2572 2974/9756/2572
f 2959/9757/2573 2977/9758/2573 2960/9759/2573
f 2959/9760/2574 2978/9761/2574 2977/9762/2574
f 2957/9763/2575 2978/9764/2575 2959/9765/2575
f 2978/9766/2576 2979/9767/2576 2977/9768/2576
f 2980/9769/2577 2981/9770/2577 2982/9771/2577
f 2980/9772/2578 2983/9773/2578 2981/9774/2578
f 2967/9775/2579 2983/9776/2579 2980/9777/2579
f 2983/9778/2580 2970/9779/2580 2981/9780/2580
f 2981/9781/2581 2984/9782/2581 2982/9783/2581
f 2981/9784/2582 2985/9785/2582 2984/9786/2582
f 2970/9787/2583 2985/9788/2583 2981/9789/2583
f 2985/9790/2584 2973/9791/2584 2984/9792/2584
f 2984/9793/2585 2986/9794/2585 2982/9795/2585
f 2984/9796/2586 2987/9797/2586 2986/9798/2586
f 2973/9799/2587 2987/9800/2587 2984/9801/2587
f 2987/9802/2588 2976/9803/2588 2986/9804/2588
f 2986/9805/2589 2988/9806/2589 2982/9807/2589
f 2986/9808/2590 2989/9809/2590 2988/9810/2590
f 2976/9811/2591 2989/9812/2591 2986/9813/2591
f 2989/9814/2592 2979/9815/2592 2988/9816/2592
f 2988/9817/2593 2980/9818/2593 2982/9819/2593
f 2988/9820/2594 2990/9821/2594 2980/9822/2594
f 2979/9823/2595 2990/9824/2595 2988/9825/2595
f 2990/9826/2596 2967/9827/2596 2980/9828/2596
f 2983/9829/2597 2968/9830/2597 2970/9831/2597
f 2983/9832/2598 2966/9833/2598 2968/9834/2598
f 2967/9835/2599 2966/9836/2599 2983/9837/2599
f 2966/9838/2600 2954/9839/2600 2968/9840/2600
f 2985/9841/2601 2971/9842/2601 2973/9843/2601
f 2985/9844/2602 2969/9845/2602 2971/9846/2602
f 2970/9847/2603 2969/9848/2603 2985/9849/2603
f 2969/9850/2604 2953/9851/2604 2971/9852/2604
f 2987/9853/2605 2974/9854/2605 2976/9855/2605
f 2987/9856/2606 2972/9857/2606 2974/9858/2606
f 2973/9859/2607 2972/9860/2607 2987/9861/2607
f 2972/9862/2608 2963/9863/2608 2974/9864/2608
f 2989/9865/2609 2977/9866/2609 2979/9867/2609
f 2989/9868/2610 2975/9869/2610 2977/9870/2610
f 2976/9871/2611 2975/9872/2611 2989/9873/2611
f 2975/9874/2612 2960/9875/2612 2977/9876/2612
f 2990/9877/2613 2965/9878/2613 2967/9879/2613
f 2990/9880/2614 2978/9881/2614 2965/9882/2614
f 2979/9883/2615 2978/9884/2615 2990/9885/2615
f 2978/9886/2616 2957/9887/2616 2965/9888/2616
o Ruby berry juice fruit 1
v -0.5267572059335908 1.265625 0.3486322059335908
v -0.4986322059335908 1.2830072059335909 0.359375
v -0.5108223750567012 1.2853491079698023 0.33125
v -0.509375 1.254882205933591 0.3767572059335908
v -0.5290991079698023 1.2375 0.36082237505670123
v -0.48125 1.2670723750567012 0.37909910796980223
v -0.48125 1.29375 0.33125
v -0.4638677940664092 1.2830072059335909 0.359375
v -0.45167762494329877 1.2853491079698023 0.33125
v -0.4986322059335908 1.2830072059335909 0.303125
v -0.4638677940664092 1.2830072059335909 0.303125
v -0.48125 1.2670723750567012 0.28340089203019775
v -0.5267572059335908 1.265625 0.3138677940664092
v -0.509375 1.254882205933591 0.2857427940664092
v -0.5290991079698023 1.2375 0.30167762494329875
v -0.5375 1.2375 0.33125
v -0.4357427940664092 1.265625 0.3486322059335908
v -0.453125 1.254882205933591 0.3767572059335908
v -0.43340089203019777 1.2375 0.36082237505670123
v -0.48125 1.2375 0.38749999999999996
v -0.509375 1.2201177940664092 0.3767572059335908
v -0.48125 1.2079276249432989 0.37909910796980223
v -0.5267572059335908 1.209375 0.3486322059335908
v -0.5267572059335908 1.209375 0.3138677940664092
v -0.5108223750567012 1.1896508920301978 0.33125
v -0.509375 1.2201177940664092 0.2857427940664092
v -0.48125 1.2375 0.275
v -0.48125 1.2079276249432989 0.28340089203019775
v -0.453125 1.254882205933591 0.2857427940664092
v -0.4357427940664092 1.265625 0.3138677940664092
v -0.43340089203019777 1.2375 0.30167762494329875
v -0.4357427940664092 1.209375 0.3486322059335908
v -0.4638677940664092 1.1919927940664092 0.359375
v -0.45167762494329877 1.1896508920301978 0.33125
v -0.453125 1.2201177940664092 0.3767572059335908
v -0.48125 1.1812500000000001 0.33125
v -0.4986322059335908 1.1919927940664092 0.359375
v -0.4638677940664092 1.1919927940664092 0.303125
v -0.4986322059335908 1.1919927940664092 0.303125
v -0.4357427940664092 1.209375 0.3138677940664092
v -0.453125 1.2201177940664092 0.2857427940664092
v -0.42500000000000004 1.2375 0.33125
vt 0 0.974643358458197
vt 0.034764411867181585 0.974643358458197
vt 0.01738220593359079 1
vt 0 0.9698931361753955
vt 0.03476441186718158 0.9698931361753955
vt 0.01738220593359079 1
vt 0 0.9713260413272387
vt 0.03074248450267557 0.9713260413272387
vt 0.011086227826904084 1
vt 0 0.9713260413272387
vt 0.03074248450267556 0.9713260413272387
vt 0.019656256675771477 1
vt 0 0.974643358458197
vt 0.03476441186718158 0.974643358458197
vt 0.01738220593359079 1
vt 0 0.9698931361753955
vt 0.034764411867181585 0.9698931361753955
vt 0.017382205933590793 1
vt 0 0.9713260413272387
vt 0.03074248450267557 0.9713260413272387
vt 0.011086227826904086 1
vt 0 0.9713260413272387
vt 0.03074248450267556 0.9713260413272387
vt 0.019656256675771477 1
vt 0 0.974643358458197
vt 0.03476441186718158 0.974643358458197
vt 0.01738220593359079 1
vt 0 0.9698931361753955
vt 0.03476441186718158 0.9698931361753955
vt 0.017382205933590786 1
vt 0 0.9713260413272387
vt 0.03074248450267556 0.9713260413272387
vt 0.011086227826904086 1
vt 0 0.9713260413272387
vt 0.03074248450267557 0.9713260413272387
vt 0.019656256675771484 1
vt 0 0.974643358458197
vt 0.034764411867181585 0.974643358458197
vt 0.017382205933590786 1
vt 0 0.9698931361753955
vt 0.03476441186718158 0.9698931361753955
vt 0.01738220593359079 1
vt 0 0.9713260413272387
vt 0.03074248450267556 0.9713260413272387
vt 0.011086227826904086 1
vt 0 0.9713260413272387
vt 0.03074248450267557 0.9713260413272387
vt 0.019656256675771484 1
vt 0 0.974643358458197
vt 0.034764411867181585 0.974643358458197
vt 0.017382205933590793 1
vt 0 0.9698931361753955
vt 0.03476441186718158 0.9698931361753955
vt 0.017382205933590793 1
vt 0 0.9713260413272387
vt 0.03074248450267557 0.9713260413272387
vt 0.011086227826904086 1
vt 0 0.9713260413272387
vt 0.03074248450267557 0.9713260413272387
vt 0.01965625667577148 1
vt 0 0.974643358458197
vt 0.034764411867181585 0.974643358458197
vt 0.017382205933590786 1
vt 0 0.9698931361753955
vt 0.03476441186718158 0.9698931361753955
vt 0.01738220593359079 1
vt 0 0.9713260413272387
vt 0.03074248450267556 0.9713260413272387
vt 0.011086227826904086 1
vt 0 0.9713260413272387
vt 0.03074248450267557 0.9713260413272387
vt 0.019656256675771484 1
vt 0 0.974643358458197
vt 0.034764411867181585 0.974643358458197
vt 0.01738220593359079 1
vt 0 0.9698931361753955
vt 0.034764411867181585 0.9698931361753955
vt 0.017382205933590793 1
vt 0 0.9713260413272387
vt 0.03074248450267557 0.9713260413272387
vt 0.011086227826904086 1
vt 0 0.9713260413272387
vt 0.03074248450267556 0.9713260413272387
vt 0.019656256675771477 1
vt 0 0.974643358458197
vt 0.03476441186718158 0.974643358458197
vt 0.01738220593359079 1
vt 0 0.9698931361753955
vt 0.03476441186718158 0.9698931361753955
vt 0.017382205933590786 1
vt 0 0.9713260413272387
vt 0.03074248450267556 0.9713260413272387
vt 0.011086227826904086 1
vt 0 0.9713260413272387
vt 0.030742484502675572 0.9713260413272387
vt 0.019656256675771484 1
vt 0 0.974643358458197
vt 0.034764411867181585 0.974643358458197
vt 0.017382205933590793 1
vt 0 0.9698931361753955
vt 0.034764411867181585 0.9698931361753955
vt 0.017382205933590793 1
vt 0 0.9713260413272387
vt 0.03074248450267557 0.9713260413272387
vt 0.011086227826904086 1
vt 0 0.9713260413272387
vt 0.03074248450267557 0.9713260413272387
vt 0.01965625667577148 1
vt 0 0.974643358458197
vt 0.03476441186718158 0.974643358458197
vt 0.017382205933590793 1
vt 0 0.9698931361753955
vt 0.034764411867181585 0.9698931361753955
vt 0.01738220593359079 1
vt 0 0.9713260413272387
vt 0.030742484502675572 0.9713260413272387
vt 0.011086227826904086 1
vt 0 0.9713260413272387
vt 0.03074248450267556 0.9713260413272387
vt 0.019656256675771477 1
vt 0 0.974643358458197
vt 0.034764411867181585 0.974643358458197
vt 0.01738220593359079 1
vt 0 0.9698931361753955
vt 0.03476441186718158 0.9698931361753955
vt 0.01738220593359079 1
vt 0 0.9713260413272387
vt 0.03074248450267557 0.9713260413272387
vt 0.011086227826904084 1
vt 0 0.9713260413272387
vt 0.03074248450267556 0.9713260413272387
vt 0.019656256675771477 1
vt 0 0.974643358458197
vt 0.03476441186718158 0.974643358458197
vt 0.01738220593359079 1
vt 0 0.9698931361753955
vt 0.034764411867181585 0.9698931361753955
vt 0.017382205933590793 1
vt 0 0.9713260413272387
vt 0.03074248450267557 0.9713260413272387
vt 0.011086227826904086 1
vt 0 0.9713260413272387
vt 0.03074248450267556 0.9713260413272387
vt 0.019656256675771477 1
vt 0 0.974643358458197
vt 0.03476441186718158 0.974643358458197
vt 0.01738220593359079 1
vt 0 0.9698931361753955
vt 0.03476441186718158 0.9698931361753955
vt 0.017382205933590786 1
vt 0 0.9713260413272387
vt 0.03074248450267556 0.9713260413272387
vt 0.011086227826904086 1
vt 0 0.9713260413272387
vt 0.03074248450267557 0.9713260413272387
vt 0.019656256675771484 1
vt 0 0.974643358458197
vt 0.034764411867181585 0.974643358458197
vt 0.017382205933590786 1
vt 0 0.9698931361753955
vt 0.03476441186718158 0.9698931361753955
vt 0.01738220593359079 1
vt 0 0.9713260413272387
vt 0.03074248450267556 0.9713260413272387
vt 0.011086227826904086 1
vt 0 0.9713260413272387
vt 0.03074248450267557 0.9713260413272387
vt 0.019656256675771484 1
vt 0 0.974643358458197
vt 0.034764411867181585 0.974643358458197
vt 0.017382205933590793 1
vt 0 0.9698931361753955
vt 0.03476441186718158 0.9698931361753955
vt 0.017382205933590793 1
vt 0 0.9713260413272387
vt 0.03074248450267557 0.9713260413272387
vt 0.011086227826904086 1
vt 0 0.9713260413272387
vt 0.03074248450267557 0.9713260413272387
vt 0.01965625667577148 1
vt 0 0.974643358458197
vt 0.034764411867181585 0.974643358458197
vt 0.01738220593359079 1
vt 0 0.9698931361753955
vt 0.034764411867181585 0.9698931361753955
vt 0.017382205933590793 1
vt 0 0.9713260413272387
vt 0.03074248450267557 0.9713260413272387
vt 0.011086227826904086 1
vt 0 0.9713260413272387
vt 0.03074248450267556 0.9713260413272387
vt 0.019656256675771477 1
vt 0 0.974643358458197
vt 0.034764411867181585 0.974643358458197
vt 0.017382205933590786 1
vt 0 0.9698931361753955
vt 0.03476441186718158 0.9698931361753955
vt 0.01738220593359079 1
vt 0 0.9713260413272387
vt 0.03074248450267556 0.9713260413272387
vt 0.011086227826904086 1
vt 0 0.9713260413272387
vt 0.03074248450267557 0.9713260413272387
vt 0.019656256675771484 1
vt 0 0.974643358458197
vt 0.03476441186718158 0.974643358458197
vt 0.017382205933590793 1
vt 0 0.9698931361753955
vt 0.034764411867181585 0.9698931361753955
vt 0.01738220593359079 1
vt 0 0.9713260413272387
vt 0.030742484502675572 0.9713260413272387
vt 0.011086227826904086 1
vt 0 0.9713260413272387
vt 0.03074248450267556 0.9713260413272387
vt 0.019656256675771477 1
vt 0 0.974643358458197
vt 0.034764411867181585 0.974643358458197
vt 0.017382205933590793 1
vt 0 0.9698931361753955
vt 0.034764411867181585 0.9698931361753955
vt 0.017382205933590793 1
vt 0 0.9713260413272387
vt 0.03074248450267557 0.9713260413272387
vt 0.011086227826904086 1
vt 0 0.9713260413272387
vt 0.03074248450267557 0.9713260413272387
vt 0.01965625667577148 1
vt 0 0.974643358458197
vt 0.03476441186718158 0.974643358458197
vt 0.01738220593359079 1
vt 0 0.9698931361753955
vt 0.03476441186718158 0.9698931361753955
vt 0.017382205933590786 1
vt 0 0.9713260413272387
vt 0.03074248450267556 0.9713260413272387
vt 0.011086227826904086 1
vt 0 0.9713260413272387
vt 0.030742484502675572 0.9713260413272387
vt 0.019656256675771484 1
vn -0.5831287832015969 0.7487834503693296 0.31509390132915427
vn -0.5773502691896258 0.5773502691896257 0.5773502691896257
vn -0.7487834503693295 0.31509390132915427 0.583128783201597
vn -0.31509390132915416 0.583128783201597 0.7487834503693295
vn -0.2680348818724426 0.9435221910385527 0.19473874066922295
vn 0 0.9341723589627159 0.3568220897730899
vn 0 0.77786752387082 0.6284282897093983
vn 0.2680348818724426 0.9435221910385527 0.19473874066922295
vn -0.2680348818724427 0.9435221910385527 -0.19473874066922298
vn 0 0.9341723589627159 -0.3568220897730899
vn 0.2680348818724427 0.9435221910385527 -0.19473874066922298
vn 0 0.77786752387082 -0.6284282897093983
vn -0.583128783201597 0.7487834503693295 -0.31509390132915416
vn -0.5773502691896257 0.5773502691896258 -0.5773502691896257
vn -0.31509390132915427 0.583128783201597 -0.7487834503693295
vn -0.7487834503693295 0.31509390132915427 -0.5831287832015969
vn -0.77786752387082 0.6284282897093983 0
vn -0.9341723589627159 0.3568220897730899 0
vn -0.9435221910385527 0.19473874066922298 -0.2680348818724427
vn -0.9435221910385527 0.19473874066922298 0.2680348818724427
vn 0.583128783201597 0.7487834503693295 0.31509390132915416
vn 0.5773502691896257 0.5773502691896258 0.5773502691896257
vn 0.31509390132915427 0.583128783201597 0.7487834503693295
vn 0.7487834503693295 0.31509390132915427 0.5831287832015969
vn -0.19473874066922295 0.2680348818724426 0.9435221910385527
vn -0.3568220897730899 0 0.9341723589627159
vn -0.6284282897093983 0 0.77786752387082
vn -0.19473874066922295 -0.2680348818724426 0.9435221910385527
vn -0.9435221910385527 -0.19473874066922298 0.2680348818724427
vn -0.9341723589627159 -0.3568220897730899 0
vn -0.9435221910385527 -0.19473874066922298 -0.2680348818724427
vn -0.77786752387082 -0.6284282897093983 0
vn -0.6284282897093983 0 -0.77786752387082
vn -0.3568220897730899 0 -0.9341723589627159
vn -0.19473874066922298 0.2680348818724427 -0.9435221910385527
vn -0.19473874066922298 -0.2680348818724427 -0.9435221910385527
vn 0.3150939013291543 0.583128783201597 -0.7487834503693296
vn 0.5773502691896257 0.5773502691896258 -0.5773502691896257
vn 0.583128783201597 0.7487834503693295 -0.31509390132915427
vn 0.7487834503693295 0.31509390132915416 -0.583128783201597
vn 0.5831287832015969 -0.7487834503693296 0.31509390132915427
vn 0.5773502691896258 -0.5773502691896257 0.5773502691896257
vn 0.7487834503693295 -0.31509390132915427 0.583128783201597
vn 0.31509390132915416 -0.583128783201597 0.7487834503693295
vn 0.2680348818724426 -0.9435221910385527 0.19473874066922295
vn 0 -0.9341723589627159 0.3568220897730899
vn 0 -0.77786752387082 0.6284282897093983
vn -0.2680348818724426 -0.9435221910385527 0.19473874066922295
vn 0.2680348818724427 -0.9435221910385527 -0.19473874066922298
vn 0 -0.9341723589627159 -0.3568220897730899
vn -0.2680348818724427 -0.9435221910385527 -0.19473874066922298
vn 0 -0.77786752387082 -0.6284282897093983
vn 0.583128783201597 -0.7487834503693295 -0.31509390132915416
vn 0.5773502691896257 -0.5773502691896258 -0.5773502691896257
vn 0.31509390132915427 -0.583128783201597 -0.7487834503693295
vn 0.7487834503693295 -0.31509390132915427 -0.5831287832015969
vn 0.77786752387082 -0.6284282897093983 0
vn 0.9341723589627159 -0.3568220897730899 0
vn 0.9435221910385527 -0.19473874066922298 -0.2680348818724427
vn 0.9435221910385527 -0.19473874066922298 0.2680348818724427
vn 0.19473874066922295 -0.2680348818724426 0.9435221910385527
vn 0.3568220897730899 0 0.9341723589627159
vn 0.6284282897093983 0 0.77786752387082
vn 0.19473874066922295 0.2680348818724426 0.9435221910385527
vn -0.583128783201597 -0.7487834503693295 0.31509390132915416
vn -0.5773502691896257 -0.5773502691896258 0.5773502691896257
vn -0.31509390132915427 -0.583128783201597 0.7487834503693295
vn -0.7487834503693295 -0.31509390132915427 0.5831287832015969
vn -0.3150939013291543 -0.583128783201597 -0.7487834503693296
vn -0.5773502691896257 -0.5773502691896258 -0.5773502691896257
vn -0.583128783201597 -0.7487834503693295 -0.31509390132915427
vn -0.7487834503693295 -0.31509390132915416 -0.583128783201597
vn 0.6284282897093983 0 -0.77786752387082
vn 0.3568220897730899 0 -0.9341723589627159
vn 0.19473874066922298 -0.2680348818724427 -0.9435221910385527
vn 0.19473874066922298 0.2680348818724427 -0.9435221910385527
vn 0.9435221910385527 0.19473874066922298 0.2680348818724427
vn 0.9341723589627159 0.3568220897730899 0
vn 0.9435221910385527 0.19473874066922298 -0.2680348818724427
vn 0.77786752387082 0.6284282897093983 0
usemtl m_b83b7468-8436-3cb0-decf-adb6c57c521d
f 2991/9889/2617 2992/9890/2617 2993/9891/2617
f 2991/9892/2618 2994/9893/2618 2992/9894/2618
f 2995/9895/2619 2994/9896/2619 2991/9897/2619
f 2994/9898/2620 2996/9899/2620 2992/9900/2620
f 2992/9901/2621 2997/9902/2621 2993/9903/2621
f 2992/9904/2622 2998/9905/2622 2997/9906/2622
f 2996/9907/2623 2998/9908/2623 2992/9909/2623
f 2998/9910/2624 2999/9911/2624 2997/9912/2624
f 2997/9913/2625 3000/9914/2625 2993/9915/2625
f 2997/9916/2626 3001/9917/2626 3000/9918/2626
f 2999/9919/2627 3001/9920/2627 2997/9921/2627
f 3001/9922/2628 3002/9923/2628 3000/9924/2628
f 3000/9925/2629 3003/9926/2629 2993/9927/2629
f 3000/9928/2630 3004/9929/2630 3003/9930/2630
f 3002/9931/2631 3004/9932/2631 3000/9933/2631
f 3004/9934/2632 3005/9935/2632 3003/9936/2632
f 3003/9937/2633 2991/9938/2633 2993/9939/2633
f 3003/9940/2634 3006/9941/2634 2991/9942/2634
f 3005/9943/2635 3006/9944/2635 3003/9945/2635
f 3006/9946/2636 2995/9947/2636 2991/9948/2636
f 2998/9949/2637 3007/9950/2637 2999/9951/2637
f 2998/9952/2638 3008/9953/2638 3007/9954/2638
f 2996/9955/2639 3008/9956/2639 2998/9957/2639
f 3008/9958/2640 3009/9959/2640 3007/9960/2640
f 2994/9961/2641 3010/9962/2641 2996/9963/2641
f 2994/9964/2642 3011/9965/2642 3010/9966/2642
f 2995/9967/2643 3011/9968/2643 2994/9969/2643
f 3011/9970/2644 3012/9971/2644 3010/9972/2644
f 3006/9973/2645 3013/9974/2645 2995/9975/2645
f 3006/9976/2646 3014/9977/2646 3013/9978/2646
f 3005/9979/2647 3014/9980/2647 3006/9981/2647
f 3014/9982/2648 3015/9983/2648 3013/9984/2648
f 3004/9985/2649 3016/9986/2649 3005/9987/2649
f 3004/9988/2650 3017/9989/2650 3016/9990/2650
f 3002/9991/2651 3017/9992/2651 3004/9993/2651
f 3017/9994/2652 3018/9995/2652 3016/9996/2652
f 3001/9997/2653 3019/9998/2653 3002/9999/2653
f 3001/10000/2654 3020/10001/2654 3019/10002/2654
f 2999/10003/2655 3020/10004/2655 3001/10005/2655
f 3020/10006/2656 3021/10007/2656 3019/10008/2656
f 3022/10009/2657 3023/10010/2657 3024/10011/2657
f 3022/10012/2658 3025/10013/2658 3023/10014/2658
f 3009/10015/2659 3025/10016/2659 3022/10017/2659
f 3025/10018/2660 3012/10019/2660 3023/10020/2660
f 3023/10021/2661 3026/10022/2661 3024/10023/2661
f 3023/10024/2662 3027/10025/2662 3026/10026/2662
f 3012/10027/2663 3027/10028/2663 3023/10029/2663
f 3027/10030/2664 3015/10031/2664 3026/10032/2664
f 3026/10033/2665 3028/10034/2665 3024/10035/2665
f 3026/10036/2666 3029/10037/2666 3028/10038/2666
f 3015/10039/2667 3029/10040/2667 3026/10041/2667
f 3029/10042/2668 3018/10043/2668 3028/10044/2668
f 3028/10045/2669 3030/10046/2669 3024/10047/2669
f 3028/10048/2670 3031/10049/2670 3030/10050/2670
f 3018/10051/2671 3031/10052/2671 3028/10053/2671
f 3031/10054/2672 3021/10055/2672 3030/10056/2672
f 3030/10057/2673 3022/10058/2673 3024/10059/2673
f 3030/10060/2674 3032/10061/2674 3022/10062/2674
f 3021/10063/2675 3032/10064/2675 3030/10065/2675
f 3032/10066/2676 3009/10067/2676 3022/10068/2676
f 3025/10069/2677 3010/10070/2677 3012/10071/2677
f 3025/10072/2678 3008/10073/2678 3010/10074/2678
f 3009/10075/2679 3008/10076/2679 3025/10077/2679
f 3008/10078/2680 2996/10079/2680 3010/10080/2680
f 3027/10081/2681 3013/10082/2681 3015/10083/2681
f 3027/10084/2682 3011/10085/2682 3013/10086/2682
f 3012/10087/2683 3011/10088/2683 3027/10089/2683
f 3011/10090/2684 2995/10091/2684 3013/10092/2684
f 3029/10093/2685 3016/10094/2685 3018/10095/2685
f 3029/10096/2686 3014/10097/2686 3016/10098/2686
f 3015/10099/2687 3014/10100/2687 3029/10101/2687
f 3014/10102/2688 3005/10103/2688 3016/10104/2688
f 3031/10105/2689 3019/10106/2689 3021/10107/2689
f 3031/10108/2690 3017/10109/2690 3019/10110/2690
f 3018/10111/2691 3017/10112/2691 3031/10113/2691
f 3017/10114/2692 3002/10115/2692 3019/10116/2692
f 3032/10117/2693 3007/10118/2693 3009/10119/2693
f 3032/10120/2694 3020/10121/2694 3007/10122/2694
f 3021/10123/2695 3020/10124/2695 3032/10125/2695
f 3020/10126/2696 2999/10127/2696 3007/10128/2696
o Emerald herb juice fruit 0
v -0.46797902782616907 1.1953125 0.3164165278261691
v -0.4414165278261691 1.211729027826169 0.3265625
v -0.45292946533132894 1.213940824193702 0.3
v -0.4515625 1.185166527826169 0.34297902782616907
v -0.4701908241937021 1.16875 0.32792946533132894
v -0.425 1.1966794653313289 0.3451908241937021
v -0.425 1.221875 0.3
v -0.4085834721738309 1.211729027826169 0.3265625
v -0.39707053466867104 1.213940824193702 0.3
v -0.4414165278261691 1.211729027826169 0.2734375
v -0.4085834721738309 1.211729027826169 0.2734375
v -0.425 1.1966794653313289 0.25480917580629786
v -0.46797902782616907 1.1953125 0.2835834721738309
v -0.4515625 1.185166527826169 0.2570209721738309
v -0.4701908241937021 1.16875 0.27207053466867104
v -0.47812499999999997 1.16875 0.3
v -0.3820209721738309 1.1953125 0.3164165278261691
v -0.3984375 1.185166527826169 0.34297902782616907
v -0.37980917580629786 1.16875 0.32792946533132894
v -0.425 1.16875 0.35312499999999997
v -0.4515625 1.152333472173831 0.34297902782616907
v -0.425 1.140820534668671 0.3451908241937021
v -0.46797902782616907 1.1421875 0.3164165278261691
v -0.46797902782616907 1.1421875 0.2835834721738309
v -0.45292946533132894 1.123559175806298 0.3
v -0.4515625 1.152333472173831 0.2570209721738309
v -0.425 1.16875 0.246875
v -0.425 1.140820534668671 0.25480917580629786
v -0.3984375 1.185166527826169 0.2570209721738309
v -0.3820209721738309 1.1953125 0.2835834721738309
v -0.37980917580629786 1.16875 0.27207053466867104
v -0.3820209721738309 1.1421875 0.3164165278261691
v -0.4085834721738309 1.125770972173831 0.3265625
v -0.39707053466867104 1.123559175806298 0.3
v -0.3984375 1.152333472173831 0.34297902782616907
v -0.425 1.1156249999999999 0.3
v -0.4414165278261691 1.125770972173831 0.3265625
v -0.4085834721738309 1.125770972173831 0.2734375
v -0.4414165278261691 1.125770972173831 0.2734375
v -0.3820209721738309 1.1421875 0.2835834721738309
v -0.3984375 1.152333472173831 0.2570209721738309
v -0.371875 1.16875 0.3
vt 0 0.976052060766075
vt 0.032833055652338156 0.976052060766075
vt 0.016416527826169074 1
vt 0 0.9715657397212069
vt 0.032833055652338156 0.9715657397212069
vt 0.016416527826169078 1
vt 0 0.972919039031281
vt 0.02903456869697137 0.972919039031281
vt 0.010470326280964972 1
vt 0 0.972919039031281
vt 0.02903456869697137 0.972919039031281
vt 0.018564242416006398 1
vt 0 0.976052060766075
vt 0.032833055652338156 0.976052060766075
vt 0.01641652782616908 1
vt 0 0.9715657397212069
vt 0.03283305565233816 0.9715657397212069
vt 0.01641652782616908 1
vt 0 0.972919039031281
vt 0.029034568696971366 0.972919039031281
vt 0.010470326280964967 1
vt 0 0.972919039031281
vt 0.029034568696971373 0.972919039031281
vt 0.0185642424160064 1
vt 0 0.976052060766075
vt 0.032833055652338156 0.976052060766075
vt 0.016416527826169078 1
vt 0 0.9715657397212069
vt 0.032833055652338156 0.9715657397212069
vt 0.016416527826169078 1
vt 0 0.972919039031281
vt 0.029034568696971373 0.972919039031281
vt 0.010470326280964969 1
vt 0 0.972919039031281
vt 0.029034568696971366 0.972919039031281
vt 0.0185642424160064 1
vt 0 0.976052060766075
vt 0.032833055652338156 0.976052060766075
vt 0.016416527826169074 1
vt 0 0.9715657397212069
vt 0.032833055652338156 0.9715657397212069
vt 0.016416527826169078 1
vt 0 0.972919039031281
vt 0.02903456869697137 0.972919039031281
vt 0.010470326280964977 1
vt 0 0.972919039031281
vt 0.02903456869697137 0.972919039031281
vt 0.018564242416006394 1
vt 0 0.976052060766075
vt 0.03283305565233816 0.976052060766075
vt 0.01641652782616908 1
vt 0 0.9715657397212069
vt 0.03283305565233816 0.9715657397212069
vt 0.01641652782616908 1
vt 0 0.972919039031281
vt 0.029034568696971366 0.972919039031281
vt 0.010470326280964967 1
vt 0 0.972919039031281
vt 0.029034568696971366 0.972919039031281
vt 0.018564242416006398 1
vt 0 0.976052060766075
vt 0.032833055652338156 0.976052060766075
vt 0.016416527826169074 1
vt 0 0.9715657397212069
vt 0.032833055652338156 0.9715657397212069
vt 0.016416527826169078 1
vt 0 0.972919039031281
vt 0.02903456869697137 0.972919039031281
vt 0.010470326280964977 1
vt 0 0.972919039031281
vt 0.02903456869697137 0.972919039031281
vt 0.018564242416006394 1
vt 0 0.976052060766075
vt 0.03283305565233816 0.976052060766075
vt 0.016416527826169078 1
vt 0 0.9715657397212069
vt 0.03283305565233816 0.9715657397212069
vt 0.01641652782616908 1
vt 0 0.972919039031281
vt 0.02903456869697137 0.972919039031281
vt 0.010470326280964967 1
vt 0 0.972919039031281
vt 0.02903456869697137 0.972919039031281
vt 0.0185642424160064 1
vt 0 0.976052060766075
vt 0.03283305565233816 0.976052060766075
vt 0.016416527826169078 1
vt 0 0.9715657397212069
vt 0.03283305565233816 0.9715657397212069
vt 0.016416527826169078 1
vt 0 0.972919039031281
vt 0.02903456869697137 0.972919039031281
vt 0.010470326280964969 1
vt 0 0.972919039031281
vt 0.029034568696971366 0.972919039031281
vt 0.0185642424160064 1
vt 0 0.976052060766075
vt 0.03283305565233816 0.976052060766075
vt 0.01641652782616908 1
vt 0 0.9715657397212069
vt 0.03283305565233816 0.9715657397212069
vt 0.01641652782616908 1
vt 0 0.972919039031281
vt 0.029034568696971366 0.972919039031281
vt 0.010470326280964967 1
vt 0 0.972919039031281
vt 0.029034568696971366 0.972919039031281
vt 0.018564242416006398 1
vt 0 0.976052060766075
vt 0.032833055652338156 0.976052060766075
vt 0.016416527826169078 1
vt 0 0.9715657397212069
vt 0.032833055652338156 0.9715657397212069
vt 0.016416527826169078 1
vt 0 0.972919039031281
vt 0.029034568696971366 0.972919039031281
vt 0.010470326280964976 1
vt 0 0.972919039031281
vt 0.02903456869697137 0.972919039031281
vt 0.018564242416006394 1
vt 0 0.976052060766075
vt 0.032833055652338156 0.976052060766075
vt 0.016416527826169074 1
vt 0 0.9715657397212069
vt 0.032833055652338156 0.9715657397212069
vt 0.016416527826169078 1
vt 0 0.972919039031281
vt 0.02903456869697137 0.972919039031281
vt 0.010470326280964972 1
vt 0 0.972919039031281
vt 0.02903456869697137 0.972919039031281
vt 0.018564242416006398 1
vt 0 0.976052060766075
vt 0.032833055652338156 0.976052060766075
vt 0.01641652782616908 1
vt 0 0.9715657397212069
vt 0.03283305565233816 0.9715657397212069
vt 0.01641652782616908 1
vt 0 0.972919039031281
vt 0.029034568696971366 0.972919039031281
vt 0.010470326280964967 1
vt 0 0.972919039031281
vt 0.029034568696971373 0.972919039031281
vt 0.0185642424160064 1
vt 0 0.976052060766075
vt 0.032833055652338156 0.976052060766075
vt 0.016416527826169078 1
vt 0 0.9715657397212069
vt 0.032833055652338156 0.9715657397212069
vt 0.016416527826169078 1
vt 0 0.972919039031281
vt 0.029034568696971373 0.972919039031281
vt 0.010470326280964969 1
vt 0 0.972919039031281
vt 0.029034568696971366 0.972919039031281
vt 0.0185642424160064 1
vt 0 0.976052060766075
vt 0.032833055652338156 0.976052060766075
vt 0.016416527826169074 1
vt 0 0.9715657397212069
vt 0.032833055652338156 0.9715657397212069
vt 0.016416527826169078 1
vt 0 0.972919039031281
vt 0.02903456869697137 0.972919039031281
vt 0.010470326280964977 1
vt 0 0.972919039031281
vt 0.02903456869697137 0.972919039031281
vt 0.018564242416006394 1
vt 0 0.976052060766075
vt 0.03283305565233816 0.976052060766075
vt 0.01641652782616908 1
vt 0 0.9715657397212069
vt 0.03283305565233816 0.9715657397212069
vt 0.01641652782616908 1
vt 0 0.972919039031281
vt 0.029034568696971366 0.972919039031281
vt 0.010470326280964967 1
vt 0 0.972919039031281
vt 0.029034568696971366 0.972919039031281
vt 0.018564242416006398 1
vt 0 0.976052060766075
vt 0.03283305565233816 0.976052060766075
vt 0.016416527826169078 1
vt 0 0.9715657397212069
vt 0.03283305565233816 0.9715657397212069
vt 0.01641652782616908 1
vt 0 0.972919039031281
vt 0.02903456869697137 0.972919039031281
vt 0.010470326280964967 1
vt 0 0.972919039031281
vt 0.02903456869697137 0.972919039031281
vt 0.0185642424160064 1
vt 0 0.976052060766075
vt 0.032833055652338156 0.976052060766075
vt 0.016416527826169074 1
vt 0 0.9715657397212069
vt 0.032833055652338156 0.9715657397212069
vt 0.016416527826169078 1
vt 0 0.972919039031281
vt 0.02903456869697137 0.972919039031281
vt 0.010470326280964977 1
vt 0 0.972919039031281
vt 0.02903456869697137 0.972919039031281
vt 0.018564242416006394 1
vt 0 0.976052060766075
vt 0.032833055652338156 0.976052060766075
vt 0.016416527826169078 1
vt 0 0.9715657397212069
vt 0.032833055652338156 0.9715657397212069
vt 0.016416527826169078 1
vt 0 0.972919039031281
vt 0.029034568696971366 0.972919039031281
vt 0.010470326280964976 1
vt 0 0.972919039031281
vt 0.02903456869697137 0.972919039031281
vt 0.018564242416006394 1
vt 0 0.976052060766075
vt 0.03283305565233816 0.976052060766075
vt 0.01641652782616908 1
vt 0 0.9715657397212069
vt 0.03283305565233816 0.9715657397212069
vt 0.01641652782616908 1
vt 0 0.972919039031281
vt 0.029034568696971366 0.972919039031281
vt 0.010470326280964967 1
vt 0 0.972919039031281
vt 0.029034568696971366 0.972919039031281
vt 0.018564242416006398 1
vt 0 0.976052060766075
vt 0.03283305565233816 0.976052060766075
vt 0.016416527826169078 1
vt 0 0.9715657397212069
vt 0.03283305565233816 0.9715657397212069
vt 0.016416527826169078 1
vt 0 0.972919039031281
vt 0.02903456869697137 0.972919039031281
vt 0.010470326280964969 1
vt 0 0.972919039031281
vt 0.029034568696971366 0.972919039031281
vt 0.0185642424160064 1
vn -0.583128783201597 0.7487834503693295 0.3150939013291544
vn -0.5773502691896258 0.5773502691896258 0.5773502691896258
vn -0.7487834503693295 0.3150939013291544 0.583128783201597
vn -0.3150939013291544 0.583128783201597 0.7487834503693295
vn -0.2680348818724425 0.9435221910385526 0.1947387406692231
vn 0 0.9341723589627157 0.35682208977309
vn 0 0.77786752387082 0.6284282897093981
vn 0.2680348818724425 0.9435221910385526 0.1947387406692231
vn -0.26803488187244257 0.9435221910385526 -0.1947387406692231
vn 0 0.9341723589627157 -0.35682208977309
vn 0.26803488187244257 0.9435221910385526 -0.1947387406692231
vn 0 0.77786752387082 -0.6284282897093981
vn -0.583128783201597 0.7487834503693295 -0.3150939013291544
vn -0.5773502691896258 0.5773502691896258 -0.5773502691896258
vn -0.3150939013291544 0.583128783201597 -0.7487834503693295
vn -0.7487834503693295 0.3150939013291544 -0.583128783201597
vn -0.77786752387082 0.6284282897093981 0
vn -0.9341723589627157 0.35682208977309 0
vn -0.9435221910385526 0.1947387406692231 -0.26803488187244257
vn -0.9435221910385526 0.1947387406692231 0.26803488187244257
vn 0.583128783201597 0.7487834503693295 0.3150939013291544
vn 0.5773502691896258 0.5773502691896258 0.5773502691896258
vn 0.3150939013291544 0.583128783201597 0.7487834503693295
vn 0.7487834503693295 0.3150939013291544 0.583128783201597
vn -0.1947387406692231 0.2680348818724425 0.9435221910385526
vn -0.35682208977309 0 0.9341723589627157
vn -0.6284282897093981 0 0.77786752387082
vn -0.1947387406692231 -0.2680348818724425 0.9435221910385526
vn -0.9435221910385526 -0.1947387406692231 0.26803488187244257
vn -0.9341723589627157 -0.35682208977309 0
vn -0.9435221910385526 -0.1947387406692231 -0.26803488187244257
vn -0.77786752387082 -0.6284282897093981 0
vn -0.6284282897093981 0 -0.77786752387082
vn -0.35682208977309 0 -0.9341723589627157
vn -0.1947387406692231 0.26803488187244257 -0.9435221910385526
vn -0.1947387406692231 -0.26803488187244257 -0.9435221910385526
vn 0.3150939013291544 0.583128783201597 -0.7487834503693295
vn 0.5773502691896258 0.5773502691896258 -0.5773502691896258
vn 0.583128783201597 0.7487834503693295 -0.3150939013291544
vn 0.7487834503693295 0.3150939013291544 -0.583128783201597
vn 0.583128783201597 -0.7487834503693295 0.3150939013291544
vn 0.5773502691896258 -0.5773502691896258 0.5773502691896258
vn 0.7487834503693295 -0.3150939013291544 0.583128783201597
vn 0.3150939013291544 -0.583128783201597 0.7487834503693295
vn 0.2680348818724425 -0.9435221910385526 0.1947387406692231
vn 0 -0.9341723589627157 0.35682208977309
vn 0 -0.77786752387082 0.6284282897093981
vn -0.2680348818724425 -0.9435221910385526 0.1947387406692231
vn 0.26803488187244257 -0.9435221910385526 -0.1947387406692231
vn 0 -0.9341723589627157 -0.35682208977309
vn -0.26803488187244257 -0.9435221910385526 -0.1947387406692231
vn 0 -0.77786752387082 -0.6284282897093981
vn 0.583128783201597 -0.7487834503693295 -0.3150939013291544
vn 0.5773502691896258 -0.5773502691896258 -0.5773502691896258
vn 0.3150939013291544 -0.583128783201597 -0.7487834503693295
vn 0.7487834503693295 -0.3150939013291544 -0.583128783201597
vn 0.77786752387082 -0.6284282897093981 0
vn 0.9341723589627157 -0.35682208977309 0
vn 0.9435221910385526 -0.1947387406692231 -0.26803488187244257
vn 0.9435221910385526 -0.1947387406692231 0.26803488187244257
vn 0.1947387406692231 -0.2680348818724425 0.9435221910385526
vn 0.35682208977309 0 0.9341723589627157
vn 0.6284282897093981 0 0.77786752387082
vn 0.1947387406692231 0.2680348818724425 0.9435221910385526
vn -0.583128783201597 -0.7487834503693295 0.3150939013291544
vn -0.5773502691896258 -0.5773502691896258 0.5773502691896258
vn -0.3150939013291544 -0.583128783201597 0.7487834503693295
vn -0.7487834503693295 -0.3150939013291544 0.583128783201597
vn -0.3150939013291544 -0.583128783201597 -0.7487834503693295
vn -0.5773502691896258 -0.5773502691896258 -0.5773502691896258
vn -0.583128783201597 -0.7487834503693295 -0.3150939013291544
vn -0.7487834503693295 -0.3150939013291544 -0.583128783201597
vn 0.6284282897093981 0 -0.77786752387082
vn 0.35682208977309 0 -0.9341723589627157
vn 0.1947387406692231 -0.26803488187244257 -0.9435221910385526
vn 0.1947387406692231 0.26803488187244257 -0.9435221910385526
vn 0.9435221910385526 0.1947387406692231 0.26803488187244257
vn 0.9341723589627157 0.35682208977309 0
vn 0.9435221910385526 0.1947387406692231 -0.26803488187244257
vn 0.77786752387082 0.6284282897093981 0
usemtl m_bba6b58d-dec6-0051-c898-8620132093d4
f 3033/10129/2697 3034/10130/2697 3035/10131/2697
f 3033/10132/2698 3036/10133/2698 3034/10134/2698
f 3037/10135/2699 3036/10136/2699 3033/10137/2699
f 3036/10138/2700 3038/10139/2700 3034/10140/2700
f 3034/10141/2701 3039/10142/2701 3035/10143/2701
f 3034/10144/2702 3040/10145/2702 3039/10146/2702
f 3038/10147/2703 3040/10148/2703 3034/10149/2703
f 3040/10150/2704 3041/10151/2704 3039/10152/2704
f 3039/10153/2705 3042/10154/2705 3035/10155/2705
f 3039/10156/2706 3043/10157/2706 3042/10158/2706
f 3041/10159/2707 3043/10160/2707 3039/10161/2707
f 3043/10162/2708 3044/10163/2708 3042/10164/2708
f 3042/10165/2709 3045/10166/2709 3035/10167/2709
f 3042/10168/2710 3046/10169/2710 3045/10170/2710
f 3044/10171/2711 3046/10172/2711 3042/10173/2711
f 3046/10174/2712 3047/10175/2712 3045/10176/2712
f 3045/10177/2713 3033/10178/2713 3035/10179/2713
f 3045/10180/2714 3048/10181/2714 3033/10182/2714
f 3047/10183/2715 3048/10184/2715 3045/10185/2715
f 3048/10186/2716 3037/10187/2716 3033/10188/2716
f 3040/10189/2717 3049/10190/2717 3041/10191/2717
f 3040/10192/2718 3050/10193/2718 3049/10194/2718
f 3038/10195/2719 3050/10196/2719 3040/10197/2719
f 3050/10198/2720 3051/10199/2720 3049/10200/2720
f 3036/10201/2721 3052/10202/2721 3038/10203/2721
f 3036/10204/2722 3053/10205/2722 3052/10206/2722
f 3037/10207/2723 3053/10208/2723 3036/10209/2723
f 3053/10210/2724 3054/10211/2724 3052/10212/2724
f 3048/10213/2725 3055/10214/2725 3037/10215/2725
f 3048/10216/2726 3056/10217/2726 3055/10218/2726
f 3047/10219/2727 3056/10220/2727 3048/10221/2727
f 3056/10222/2728 3057/10223/2728 3055/10224/2728
f 3046/10225/2729 3058/10226/2729 3047/10227/2729
f 3046/10228/2730 3059/10229/2730 3058/10230/2730
f 3044/10231/2731 3059/10232/2731 3046/10233/2731
f 3059/10234/2732 3060/10235/2732 3058/10236/2732
f 3043/10237/2733 3061/10238/2733 3044/10239/2733
f 3043/10240/2734 3062/10241/2734 3061/10242/2734
f 3041/10243/2735 3062/10244/2735 3043/10245/2735
f 3062/10246/2736 3063/10247/2736 3061/10248/2736
f 3064/10249/2737 3065/10250/2737 3066/10251/2737
f 3064/10252/2738 3067/10253/2738 3065/10254/2738
f 3051/10255/2739 3067/10256/2739 3064/10257/2739
f 3067/10258/2740 3054/10259/2740 3065/10260/2740
f 3065/10261/2741 3068/10262/2741 3066/10263/2741
f 3065/10264/2742 3069/10265/2742 3068/10266/2742
f 3054/10267/2743 3069/10268/2743 3065/10269/2743
f 3069/10270/2744 3057/10271/2744 3068/10272/2744
f 3068/10273/2745 3070/10274/2745 3066/10275/2745
f 3068/10276/2746 3071/10277/2746 3070/10278/2746
f 3057/10279/2747 3071/10280/2747 3068/10281/2747
f 3071/10282/2748 3060/10283/2748 3070/10284/2748
f 3070/10285/2749 3072/10286/2749 3066/10287/2749
f 3070/10288/2750 3073/10289/2750 3072/10290/2750
f 3060/10291/2751 3073/10292/2751 3070/10293/2751
f 3073/10294/2752 3063/10295/2752 3072/10296/2752
f 3072/10297/2753 3064/10298/2753 3066/10299/2753
f 3072/10300/2754 3074/10301/2754 3064/10302/2754
f 3063/10303/2755 3074/10304/2755 3072/10305/2755
f 3074/10306/2756 3051/10307/2756 3064/10308/2756
f 3067/10309/2757 3052/10310/2757 3054/10311/2757
f 3067/10312/2758 3050/10313/2758 3052/10314/2758
f 3051/10315/2759 3050/10316/2759 3067/10317/2759
f 3050/10318/2760 3038/10319/2760 3052/10320/2760
f 3069/10321/2761 3055/10322/2761 3057/10323/2761
f 3069/10324/2762 3053/10325/2762 3055/10326/2762
f 3054/10327/2763 3053/10328/2763 3069/10329/2763
f 3053/10330/2764 3037/10331/2764 3055/10332/2764
f 3071/10333/2765 3058/10334/2765 3060/10335/2765
f 3071/10336/2766 3056/10337/2766 3058/10338/2766
f 3057/10339/2767 3056/10340/2767 3071/10341/2767
f 3056/10342/2768 3047/10343/2768 3058/10344/2768
f 3073/10345/2769 3061/10346/2769 3063/10347/2769
f 3073/10348/2770 3059/10349/2770 3061/10350/2770
f 3060/10351/2771 3059/10352/2771 3073/10353/2771
f 3059/10354/2772 3044/10355/2772 3061/10356/2772
f 3074/10357/2773 3049/10358/2773 3051/10359/2773
f 3074/10360/2774 3062/10361/2774 3049/10362/2774
f 3063/10363/2775 3062/10364/2775 3074/10365/2775
f 3062/10366/2776 3041/10367/2776 3049/10368/2776
o Moonberry juice fruit 0
v -0.537781781074217 1.196875 0.4409067810742171
v -0.522156781074217 1.206531781074217 0.446875
v -0.5289290972537228 1.2078328377610013 0.43125
v -0.528125 1.190906781074217 0.4565317810742171
v -0.5390828377610012 1.18125 0.44767909725372296
v -0.5125 1.1976790972537228 0.45783283776100125
v -0.5125 1.2125 0.43125
v -0.5028432189257829 1.206531781074217 0.446875
v -0.496070902746277 1.2078328377610013 0.43125
v -0.522156781074217 1.206531781074217 0.415625
v -0.5028432189257829 1.206531781074217 0.415625
v -0.5125 1.1976790972537228 0.4046671622389988
v -0.537781781074217 1.196875 0.42159321892578294
v -0.528125 1.190906781074217 0.40596821892578294
v -0.5390828377610012 1.18125 0.4148209027462771
v -0.54375 1.18125 0.43125
v -0.4872182189257829 1.196875 0.4409067810742171
v -0.49687499999999996 1.190906781074217 0.4565317810742171
v -0.4859171622389987 1.18125 0.44767909725372296
v -0.5125 1.18125 0.4625
v -0.528125 1.1715932189257827 0.4565317810742171
v -0.5125 1.164820902746277 0.45783283776100125
v -0.537781781074217 1.165625 0.4409067810742171
v -0.537781781074217 1.165625 0.42159321892578294
v -0.5289290972537228 1.1546671622389986 0.43125
v -0.528125 1.1715932189257827 0.40596821892578294
v -0.5125 1.18125 0.4
v -0.5125 1.164820902746277 0.4046671622389988
v -0.49687499999999996 1.190906781074217 0.40596821892578294
v -0.4872182189257829 1.196875 0.42159321892578294
v -0.4859171622389987 1.18125 0.4148209027462771
v -0.4872182189257829 1.165625 0.4409067810742171
v -0.5028432189257829 1.1559682189257827 0.446875
v -0.496070902746277 1.1546671622389986 0.43125
v -0.49687499999999996 1.1715932189257827 0.4565317810742171
v -0.5125 1.15 0.43125
v -0.522156781074217 1.1559682189257827 0.446875
v -0.5028432189257829 1.1559682189257827 0.415625
v -0.522156781074217 1.1559682189257827 0.415625
v -0.4872182189257829 1.165625 0.42159321892578294
v -0.49687499999999996 1.1715932189257827 0.40596821892578294
v -0.48124999999999996 1.18125 0.43125
vt 0 0.9859129769212206
vt 0.01931356214843421 0.9859129769212206
vt 0.009656781074217106 1
vt 0 0.9832739645418864
vt 0.01931356214843421 0.9832739645418864
vt 0.009656781074217104 1
vt 0 0.984070022959577
vt 0.017079158057041983 0.984070022959577
vt 0.00615901545939116 1
vt 0 0.984070022959577
vt 0.017079158057041983 0.984070022959577
vt 0.01092014259765082 1
vt 0 0.9859129769212206
vt 0.01931356214843421 0.9859129769212206
vt 0.009656781074217104 1
vt 0 0.9832739645418864
vt 0.01931356214843421 0.9832739645418864
vt 0.009656781074217104 1
vt 0 0.984070022959577
vt 0.017079158057041986 0.984070022959577
vt 0.00615901545939116 1
vt 0 0.984070022959577
vt 0.01707915805704198 0.984070022959577
vt 0.010920142597650822 1
vt 0 0.9859129769212206
vt 0.01931356214843421 0.9859129769212206
vt 0.009656781074217103 1
vt 0 0.9832739645418864
vt 0.01931356214843421 0.9832739645418864
vt 0.009656781074217104 1
vt 0 0.984070022959577
vt 0.01707915805704198 0.984070022959577
vt 0.006159015459391158 1
vt 0 0.984070022959577
vt 0.017079158057041986 0.984070022959577
vt 0.010920142597650824 1
vt 0 0.9859129769212206
vt 0.01931356214843421 0.9859129769212206
vt 0.009656781074217104 1
vt 0 0.9832739645418864
vt 0.01931356214843421 0.9832739645418864
vt 0.009656781074217104 1
vt 0 0.984070022959577
vt 0.017079158057041983 0.984070022959577
vt 0.006159015459391159 1
vt 0 0.984070022959577
vt 0.017079158057041983 0.984070022959577
vt 0.010920142597650822 1
vt 0 0.9859129769212206
vt 0.01931356214843421 0.9859129769212206
vt 0.009656781074217104 1
vt 0 0.9832739645418864
vt 0.01931356214843421 0.9832739645418864
vt 0.009656781074217104 1
vt 0 0.984070022959577
vt 0.01707915805704198 0.984070022959577
vt 0.006159015459391158 1
vt 0 0.984070022959577
vt 0.01707915805704198 0.984070022959577
vt 0.010920142597650822 1
vt 0 0.9859129769212206
vt 0.01931356214843421 0.9859129769212206
vt 0.009656781074217104 1
vt 0 0.9832739645418864
vt 0.01931356214843421 0.9832739645418864
vt 0.009656781074217104 1
vt 0 0.984070022959577
vt 0.017079158057041983 0.984070022959577
vt 0.006159015459391159 1
vt 0 0.984070022959577
vt 0.017079158057041983 0.984070022959577
vt 0.010920142597650822 1
vt 0 0.9859129769212206
vt 0.01931356214843421 0.9859129769212206
vt 0.009656781074217106 1
vt 0 0.9832739645418864
vt 0.01931356214843421 0.9832739645418864
vt 0.009656781074217104 1
vt 0 0.984070022959577
vt 0.017079158057041983 0.984070022959577
vt 0.00615901545939116 1
vt 0 0.984070022959577
vt 0.017079158057041983 0.984070022959577
vt 0.010920142597650822 1
vt 0 0.9859129769212206
vt 0.01931356214843421 0.9859129769212206
vt 0.009656781074217103 1
vt 0 0.9832739645418864
vt 0.01931356214843421 0.9832739645418864
vt 0.009656781074217104 1
vt 0 0.984070022959577
vt 0.01707915805704198 0.984070022959577
vt 0.006159015459391158 1
vt 0 0.984070022959577
vt 0.01707915805704198 0.984070022959577
vt 0.01092014259765082 1
vt 0 0.9859129769212206
vt 0.01931356214843421 0.9859129769212206
vt 0.009656781074217104 1
vt 0 0.9832739645418864
vt 0.01931356214843421 0.9832739645418864
vt 0.009656781074217104 1
vt 0 0.984070022959577
vt 0.01707915805704198 0.984070022959577
vt 0.006159015459391158 1
vt 0 0.984070022959577
vt 0.01707915805704198 0.984070022959577
vt 0.010920142597650822 1
vt 0 0.9859129769212206
vt 0.01931356214843421 0.9859129769212206
vt 0.009656781074217106 1
vt 0 0.9832739645418864
vt 0.01931356214843421 0.9832739645418864
vt 0.009656781074217104 1
vt 0 0.984070022959577
vt 0.01707915805704198 0.984070022959577
vt 0.006159015459391159 1
vt 0 0.984070022959577
vt 0.01707915805704198 0.984070022959577
vt 0.010920142597650822 1
vt 0 0.9859129769212206
vt 0.01931356214843421 0.9859129769212206
vt 0.009656781074217106 1
vt 0 0.9832739645418864
vt 0.01931356214843421 0.9832739645418864
vt 0.009656781074217104 1
vt 0 0.984070022959577
vt 0.017079158057041983 0.984070022959577
vt 0.00615901545939116 1
vt 0 0.984070022959577
vt 0.017079158057041983 0.984070022959577
vt 0.01092014259765082 1
vt 0 0.9859129769212206
vt 0.01931356214843421 0.9859129769212206
vt 0.009656781074217104 1
vt 0 0.9832739645418864
vt 0.01931356214843421 0.9832739645418864
vt 0.009656781074217104 1
vt 0 0.984070022959577
vt 0.017079158057041986 0.984070022959577
vt 0.00615901545939116 1
vt 0 0.984070022959577
vt 0.01707915805704198 0.984070022959577
vt 0.010920142597650822 1
vt 0 0.9859129769212206
vt 0.01931356214843421 0.9859129769212206
vt 0.009656781074217103 1
vt 0 0.9832739645418864
vt 0.01931356214843421 0.9832739645418864
vt 0.009656781074217104 1
vt 0 0.984070022959577
vt 0.01707915805704198 0.984070022959577
vt 0.006159015459391158 1
vt 0 0.984070022959577
vt 0.017079158057041986 0.984070022959577
vt 0.010920142597650824 1
vt 0 0.9859129769212206
vt 0.01931356214843421 0.9859129769212206
vt 0.009656781074217104 1
vt 0 0.9832739645418864
vt 0.01931356214843421 0.9832739645418864
vt 0.009656781074217104 1
vt 0 0.984070022959577
vt 0.017079158057041983 0.984070022959577
vt 0.006159015459391159 1
vt 0 0.984070022959577
vt 0.017079158057041983 0.984070022959577
vt 0.010920142597650822 1
vt 0 0.9859129769212206
vt 0.01931356214843421 0.9859129769212206
vt 0.009656781074217104 1
vt 0 0.9832739645418864
vt 0.01931356214843421 0.9832739645418864
vt 0.009656781074217104 1
vt 0 0.984070022959577
vt 0.01707915805704198 0.984070022959577
vt 0.006159015459391158 1
vt 0 0.984070022959577
vt 0.01707915805704198 0.984070022959577
vt 0.010920142597650822 1
vt 0 0.9859129769212206
vt 0.01931356214843421 0.9859129769212206
vt 0.009656781074217106 1
vt 0 0.9832739645418864
vt 0.01931356214843421 0.9832739645418864
vt 0.009656781074217104 1
vt 0 0.984070022959577
vt 0.017079158057041983 0.984070022959577
vt 0.00615901545939116 1
vt 0 0.984070022959577
vt 0.017079158057041983 0.984070022959577
vt 0.010920142597650822 1
vt 0 0.9859129769212206
vt 0.01931356214843421 0.9859129769212206
vt 0.009656781074217104 1
vt 0 0.9832739645418864
vt 0.01931356214843421 0.9832739645418864
vt 0.009656781074217104 1
vt 0 0.984070022959577
vt 0.017079158057041983 0.984070022959577
vt 0.006159015459391159 1
vt 0 0.984070022959577
vt 0.017079158057041983 0.984070022959577
vt 0.010920142597650822 1
vt 0 0.9859129769212206
vt 0.01931356214843421 0.9859129769212206
vt 0.009656781074217106 1
vt 0 0.9832739645418864
vt 0.01931356214843421 0.9832739645418864
vt 0.009656781074217104 1
vt 0 0.984070022959577
vt 0.01707915805704198 0.984070022959577
vt 0.006159015459391159 1
vt 0 0.984070022959577
vt 0.01707915805704198 0.984070022959577
vt 0.010920142597650822 1
vt 0 0.9859129769212206
vt 0.01931356214843421 0.9859129769212206
vt 0.009656781074217104 1
vt 0 0.9832739645418864
vt 0.01931356214843421 0.9832739645418864
vt 0.009656781074217104 1
vt 0 0.984070022959577
vt 0.01707915805704198 0.984070022959577
vt 0.006159015459391158 1
vt 0 0.984070022959577
vt 0.01707915805704198 0.984070022959577
vt 0.010920142597650822 1
vt 0 0.9859129769212206
vt 0.01931356214843421 0.9859129769212206
vt 0.009656781074217103 1
vt 0 0.9832739645418864
vt 0.01931356214843421 0.9832739645418864
vt 0.009656781074217104 1
vt 0 0.984070022959577
vt 0.01707915805704198 0.984070022959577
vt 0.006159015459391158 1
vt 0 0.984070022959577
vt 0.01707915805704198 0.984070022959577
vt 0.01092014259765082 1
vn -0.583128783201597 0.7487834503693296 0.3150939013291544
vn -0.5773502691896257 0.5773502691896257 0.5773502691896257
vn -0.7487834503693295 0.3150939013291543 0.5831287832015969
vn -0.3150939013291543 0.5831287832015969 0.7487834503693296
vn -0.26803488187244257 0.9435221910385526 0.1947387406692231
vn 0 0.9341723589627158 0.35682208977309
vn 0 0.77786752387082 0.6284282897093982
vn 0.26803488187244257 0.9435221910385526 0.1947387406692231
vn -0.26803488187244257 0.9435221910385526 -0.1947387406692231
vn 0 0.9341723589627158 -0.35682208977309
vn 0.26803488187244257 0.9435221910385526 -0.1947387406692231
vn 0 0.77786752387082 -0.6284282897093982
vn -0.5831287832015969 0.7487834503693296 -0.3150939013291543
vn -0.5773502691896257 0.5773502691896257 -0.5773502691896257
vn -0.3150939013291544 0.583128783201597 -0.7487834503693296
vn -0.7487834503693295 0.3150939013291543 -0.5831287832015969
vn -0.77786752387082 0.6284282897093982 0
vn -0.9341723589627158 0.35682208977309 0
vn -0.9435221910385526 0.1947387406692231 -0.26803488187244257
vn -0.9435221910385526 0.1947387406692231 0.26803488187244257
vn 0.5831287832015969 0.7487834503693296 0.3150939013291543
vn 0.5773502691896257 0.5773502691896257 0.5773502691896257
vn 0.3150939013291544 0.583128783201597 0.7487834503693296
vn 0.7487834503693295 0.3150939013291543 0.5831287832015969
vn -0.1947387406692231 0.26803488187244257 0.9435221910385526
vn -0.35682208977309 0 0.9341723589627158
vn -0.6284282897093982 0 0.77786752387082
vn -0.1947387406692231 -0.26803488187244257 0.9435221910385526
vn -0.9435221910385526 -0.1947387406692231 0.26803488187244257
vn -0.9341723589627158 -0.35682208977309 0
vn -0.9435221910385526 -0.1947387406692231 -0.26803488187244257
vn -0.77786752387082 -0.6284282897093982 0
vn -0.6284282897093982 0 -0.77786752387082
vn -0.35682208977309 0 -0.9341723589627158
vn -0.1947387406692231 0.26803488187244257 -0.9435221910385526
vn -0.1947387406692231 -0.26803488187244257 -0.9435221910385526
vn 0.3150939013291544 0.583128783201597 -0.7487834503693296
vn 0.5773502691896257 0.5773502691896257 -0.5773502691896257
vn 0.583128783201597 0.7487834503693296 -0.3150939013291544
vn 0.7487834503693296 0.3150939013291543 -0.5831287832015969
vn 0.583128783201597 -0.7487834503693296 0.3150939013291544
vn 0.5773502691896257 -0.5773502691896257 0.5773502691896257
vn 0.7487834503693295 -0.3150939013291543 0.5831287832015969
vn 0.3150939013291543 -0.5831287832015969 0.7487834503693296
vn 0.26803488187244257 -0.9435221910385526 0.1947387406692231
vn 0 -0.9341723589627158 0.35682208977309
vn 0 -0.77786752387082 0.6284282897093982
vn -0.26803488187244257 -0.9435221910385526 0.1947387406692231
vn 0.26803488187244257 -0.9435221910385526 -0.1947387406692231
vn 0 -0.9341723589627158 -0.35682208977309
vn -0.26803488187244257 -0.9435221910385526 -0.1947387406692231
vn 0 -0.77786752387082 -0.6284282897093982
vn 0.5831287832015969 -0.7487834503693296 -0.3150939013291543
vn 0.5773502691896257 -0.5773502691896257 -0.5773502691896257
vn 0.3150939013291544 -0.583128783201597 -0.7487834503693296
vn 0.7487834503693295 -0.3150939013291543 -0.5831287832015969
vn 0.77786752387082 -0.6284282897093982 0
vn 0.9341723589627158 -0.35682208977309 0
vn 0.9435221910385526 -0.1947387406692231 -0.26803488187244257
vn 0.9435221910385526 -0.1947387406692231 0.26803488187244257
vn 0.1947387406692231 -0.26803488187244257 0.9435221910385526
vn 0.35682208977309 0 0.9341723589627158
vn 0.6284282897093982 0 0.77786752387082
vn 0.1947387406692231 0.26803488187244257 0.9435221910385526
vn -0.5831287832015969 -0.7487834503693296 0.3150939013291543
vn -0.5773502691896257 -0.5773502691896257 0.5773502691896257
vn -0.3150939013291544 -0.583128783201597 0.7487834503693296
vn -0.7487834503693295 -0.3150939013291543 0.5831287832015969
vn -0.3150939013291544 -0.583128783201597 -0.7487834503693296
vn -0.5773502691896257 -0.5773502691896257 -0.5773502691896257
vn -0.583128783201597 -0.7487834503693296 -0.3150939013291544
vn -0.7487834503693296 -0.3150939013291543 -0.5831287832015969
vn 0.6284282897093982 0 -0.77786752387082
vn 0.35682208977309 0 -0.9341723589627158
vn 0.1947387406692231 -0.26803488187244257 -0.9435221910385526
vn 0.1947387406692231 0.26803488187244257 -0.9435221910385526
vn 0.9435221910385526 0.1947387406692231 0.26803488187244257
vn 0.9341723589627158 0.35682208977309 0
vn 0.9435221910385526 0.1947387406692231 -0.26803488187244257
vn 0.77786752387082 0.6284282897093982 0
usemtl m_02af8f5d-0e75-27a0-52fa-9d9916eda363
f 3075/10369/2777 3076/10370/2777 3077/10371/2777
f 3075/10372/2778 3078/10373/2778 3076/10374/2778
f 3079/10375/2779 3078/10376/2779 3075/10377/2779
f 3078/10378/2780 3080/10379/2780 3076/10380/2780
f 3076/10381/2781 3081/10382/2781 3077/10383/2781
f 3076/10384/2782 3082/10385/2782 3081/10386/2782
f 3080/10387/2783 3082/10388/2783 3076/10389/2783
f 3082/10390/2784 3083/10391/2784 3081/10392/2784
f 3081/10393/2785 3084/10394/2785 3077/10395/2785
f 3081/10396/2786 3085/10397/2786 3084/10398/2786
f 3083/10399/2787 3085/10400/2787 3081/10401/2787
f 3085/10402/2788 3086/10403/2788 3084/10404/2788
f 3084/10405/2789 3087/10406/2789 3077/10407/2789
f 3084/10408/2790 3088/10409/2790 3087/10410/2790
f 3086/10411/2791 3088/10412/2791 3084/10413/2791
f 3088/10414/2792 3089/10415/2792 3087/10416/2792
f 3087/10417/2793 3075/10418/2793 3077/10419/2793
f 3087/10420/2794 3090/10421/2794 3075/10422/2794
f 3089/10423/2795 3090/10424/2795 3087/10425/2795
f 3090/10426/2796 3079/10427/2796 3075/10428/2796
f 3082/10429/2797 3091/10430/2797 3083/10431/2797
f 3082/10432/2798 3092/10433/2798 3091/10434/2798
f 3080/10435/2799 3092/10436/2799 3082/10437/2799
f 3092/10438/2800 3093/10439/2800 3091/10440/2800
f 3078/10441/2801 3094/10442/2801 3080/10443/2801
f 3078/10444/2802 3095/10445/2802 3094/10446/2802
f 3079/10447/2803 3095/10448/2803 3078/10449/2803
f 3095/10450/2804 3096/10451/2804 3094/10452/2804
f 3090/10453/2805 3097/10454/2805 3079/10455/2805
f 3090/10456/2806 3098/10457/2806 3097/10458/2806
f 3089/10459/2807 3098/10460/2807 3090/10461/2807
f 3098/10462/2808 3099/10463/2808 3097/10464/2808
f 3088/10465/2809 3100/10466/2809 3089/10467/2809
f 3088/10468/2810 3101/10469/2810 3100/10470/2810
f 3086/10471/2811 3101/10472/2811 3088/10473/2811
f 3101/10474/2812 3102/10475/2812 3100/10476/2812
f 3085/10477/2813 3103/10478/2813 3086/10479/2813
f 3085/10480/2814 3104/10481/2814 3103/10482/2814
f 3083/10483/2815 3104/10484/2815 3085/10485/2815
f 3104/10486/2816 3105/10487/2816 3103/10488/2816
f 3106/10489/2817 3107/10490/2817 3108/10491/2817
f 3106/10492/2818 3109/10493/2818 3107/10494/2818
f 3093/10495/2819 3109/10496/2819 3106/10497/2819
f 3109/10498/2820 3096/10499/2820 3107/10500/2820
f 3107/10501/2821 3110/10502/2821 3108/10503/2821
f 3107/10504/2822 3111/10505/2822 3110/10506/2822
f 3096/10507/2823 3111/10508/2823 3107/10509/2823
f 3111/10510/2824 3099/10511/2824 3110/10512/2824
f 3110/10513/2825 3112/10514/2825 3108/10515/2825
f 3110/10516/2826 3113/10517/2826 3112/10518/2826
f 3099/10519/2827 3113/10520/2827 3110/10521/2827
f 3113/10522/2828 3102/10523/2828 3112/10524/2828
f 3112/10525/2829 3114/10526/2829 3108/10527/2829
f 3112/10528/2830 3115/10529/2830 3114/10530/2830
f 3102/10531/2831 3115/10532/2831 3112/10533/2831
f 3115/10534/2832 3105/10535/2832 3114/10536/2832
f 3114/10537/2833 3106/10538/2833 3108/10539/2833
f 3114/10540/2834 3116/10541/2834 3106/10542/2834
f 3105/10543/2835 3116/10544/2835 3114/10545/2835
f 3116/10546/2836 3093/10547/2836 3106/10548/2836
f 3109/10549/2837 3094/10550/2837 3096/10551/2837
f 3109/10552/2838 3092/10553/2838 3094/10554/2838
f 3093/10555/2839 3092/10556/2839 3109/10557/2839
f 3092/10558/2840 3080/10559/2840 3094/10560/2840
f 3111/10561/2841 3097/10562/2841 3099/10563/2841
f 3111/10564/2842 3095/10565/2842 3097/10566/2842
f 3096/10567/2843 3095/10568/2843 3111/10569/2843
f 3095/10570/2844 3079/10571/2844 3097/10572/2844
f 3113/10573/2845 3100/10574/2845 3102/10575/2845
f 3113/10576/2846 3098/10577/2846 3100/10578/2846
f 3099/10579/2847 3098/10580/2847 3113/10581/2847
f 3098/10582/2848 3089/10583/2848 3100/10584/2848
f 3115/10585/2849 3103/10586/2849 3105/10587/2849
f 3115/10588/2850 3101/10589/2850 3103/10590/2850
f 3102/10591/2851 3101/10592/2851 3115/10593/2851
f 3101/10594/2852 3086/10595/2852 3103/10596/2852
f 3116/10597/2853 3091/10598/2853 3093/10599/2853
f 3116/10600/2854 3104/10601/2854 3091/10602/2854
f 3105/10603/2855 3104/10604/2855 3116/10605/2855
f 3104/10606/2856 3083/10607/2856 3091/10608/2856
o Moonberry juice fruit 1
v -0.569031781074217 1.234375 0.40340678107421707
v -0.553406781074217 1.2440317810742172 0.409375
v -0.5601790972537228 1.2453328377610013 0.39375
v -0.559375 1.2284067810742172 0.41903178107421707
v -0.5703328377610012 1.21875 0.4101790972537229
v -0.54375 1.2351790972537229 0.4203328377610012
v -0.54375 1.25 0.39375
v -0.5340932189257829 1.2440317810742172 0.409375
v -0.5273209027462771 1.2453328377610013 0.39375
v -0.553406781074217 1.2440317810742172 0.378125
v -0.5340932189257829 1.2440317810742172 0.378125
v -0.54375 1.2351790972537229 0.36716716223899876
v -0.569031781074217 1.234375 0.3840932189257829
v -0.559375 1.2284067810742172 0.3684682189257829
v -0.5703328377610012 1.21875 0.37732090274627705
v -0.575 1.21875 0.39375
v -0.5184682189257829 1.234375 0.40340678107421707
v -0.528125 1.2284067810742172 0.41903178107421707
v -0.5171671622389987 1.21875 0.4101790972537229
v -0.54375 1.21875 0.425
v -0.559375 1.2090932189257828 0.41903178107421707
v -0.54375 1.2023209027462771 0.4203328377610012
v -0.569031781074217 1.203125 0.40340678107421707
v -0.569031781074217 1.203125 0.3840932189257829
v -0.5601790972537228 1.1921671622389987 0.39375
v -0.559375 1.2090932189257828 0.3684682189257829
v -0.54375 1.21875 0.3625
v -0.54375 1.2023209027462771 0.36716716223899876
v -0.528125 1.2284067810742172 0.3684682189257829
v -0.5184682189257829 1.234375 0.3840932189257829
v -0.5171671622389987 1.21875 0.37732090274627705
v -0.5184682189257829 1.203125 0.40340678107421707
v -0.5340932189257829 1.1934682189257828 0.409375
v -0.5273209027462771 1.1921671622389987 0.39375
v -0.528125 1.2090932189257828 0.41903178107421707
v -0.54375 1.1875 0.39375
v -0.553406781074217 1.1934682189257828 0.409375
v -0.5340932189257829 1.1934682189257828 0.378125
v -0.553406781074217 1.1934682189257828 0.378125
v -0.5184682189257829 1.203125 0.3840932189257829
v -0.528125 1.2090932189257828 0.3684682189257829
v -0.5125 1.21875 0.39375
vt 0 0.9859129769212206
vt 0.01931356214843421 0.9859129769212206
vt 0.009656781074217106 1
vt 0 0.9832739645418864
vt 0.01931356214843421 0.9832739645418864
vt 0.009656781074217104 1
vt 0 0.984070022959577
vt 0.017079158057041983 0.984070022959577
vt 0.00615901545939116 1
vt 0 0.984070022959577
vt 0.017079158057041983 0.984070022959577
vt 0.01092014259765082 1
vt 0 0.9859129769212206
vt 0.01931356214843421 0.9859129769212206
vt 0.009656781074217104 1
vt 0 0.9832739645418864
vt 0.01931356214843421 0.9832739645418864
vt 0.009656781074217104 1
vt 0 0.984070022959577
vt 0.017079158057041986 0.984070022959577
vt 0.00615901545939116 1
vt 0 0.984070022959577
vt 0.01707915805704198 0.984070022959577
vt 0.010920142597650822 1
vt 0 0.9859129769212206
vt 0.01931356214843421 0.9859129769212206
vt 0.009656781074217103 1
vt 0 0.9832739645418864
vt 0.01931356214843421 0.9832739645418864
vt 0.009656781074217104 1
vt 0 0.984070022959577
vt 0.01707915805704198 0.984070022959577
vt 0.006159015459391158 1
vt 0 0.984070022959577
vt 0.017079158057041986 0.984070022959577
vt 0.010920142597650824 1
vt 0 0.9859129769212206
vt 0.01931356214843421 0.9859129769212206
vt 0.009656781074217104 1
vt 0 0.9832739645418864
vt 0.01931356214843421 0.9832739645418864
vt 0.009656781074217104 1
vt 0 0.984070022959577
vt 0.017079158057041983 0.984070022959577
vt 0.006159015459391159 1
vt 0 0.984070022959577
vt 0.017079158057041983 0.984070022959577
vt 0.010920142597650822 1
vt 0 0.9859129769212206
vt 0.01931356214843421 0.9859129769212206
vt 0.009656781074217104 1
vt 0 0.9832739645418864
vt 0.01931356214843421 0.9832739645418864
vt 0.009656781074217104 1
vt 0 0.984070022959577
vt 0.01707915805704198 0.984070022959577
vt 0.006159015459391158 1
vt 0 0.984070022959577
vt 0.01707915805704198 0.984070022959577
vt 0.010920142597650822 1
vt 0 0.9859129769212206
vt 0.01931356214843421 0.9859129769212206
vt 0.009656781074217104 1
vt 0 0.9832739645418864
vt 0.01931356214843421 0.9832739645418864
vt 0.009656781074217104 1
vt 0 0.984070022959577
vt 0.017079158057041983 0.984070022959577
vt 0.006159015459391159 1
vt 0 0.984070022959577
vt 0.017079158057041983 0.984070022959577
vt 0.010920142597650822 1
vt 0 0.9859129769212206
vt 0.01931356214843421 0.9859129769212206
vt 0.009656781074217106 1
vt 0 0.9832739645418864
vt 0.01931356214843421 0.9832739645418864
vt 0.009656781074217104 1
vt 0 0.984070022959577
vt 0.017079158057041983 0.984070022959577
vt 0.00615901545939116 1
vt 0 0.984070022959577
vt 0.017079158057041983 0.984070022959577
vt 0.010920142597650822 1
vt 0 0.9859129769212206
vt 0.01931356214843421 0.9859129769212206
vt 0.009656781074217103 1
vt 0 0.9832739645418864
vt 0.01931356214843421 0.9832739645418864
vt 0.009656781074217104 1
vt 0 0.984070022959577
vt 0.01707915805704198 0.984070022959577
vt 0.006159015459391158 1
vt 0 0.984070022959577
vt 0.01707915805704198 0.984070022959577
vt 0.01092014259765082 1
vt 0 0.9859129769212206
vt 0.01931356214843421 0.9859129769212206
vt 0.009656781074217104 1
vt 0 0.9832739645418864
vt 0.01931356214843421 0.9832739645418864
vt 0.009656781074217104 1
vt 0 0.984070022959577
vt 0.01707915805704198 0.984070022959577
vt 0.006159015459391158 1
vt 0 0.984070022959577
vt 0.01707915805704198 0.984070022959577
vt 0.010920142597650822 1
vt 0 0.9859129769212206
vt 0.01931356214843421 0.9859129769212206
vt 0.009656781074217106 1
vt 0 0.9832739645418864
vt 0.01931356214843421 0.9832739645418864
vt 0.009656781074217104 1
vt 0 0.984070022959577
vt 0.01707915805704198 0.984070022959577
vt 0.006159015459391159 1
vt 0 0.984070022959577
vt 0.01707915805704198 0.984070022959577
vt 0.010920142597650822 1
vt 0 0.9859129769212206
vt 0.01931356214843421 0.9859129769212206
vt 0.009656781074217106 1
vt 0 0.9832739645418864
vt 0.01931356214843421 0.9832739645418864
vt 0.009656781074217104 1
vt 0 0.984070022959577
vt 0.017079158057041983 0.984070022959577
vt 0.00615901545939116 1
vt 0 0.984070022959577
vt 0.017079158057041983 0.984070022959577
vt 0.01092014259765082 1
vt 0 0.9859129769212206
vt 0.01931356214843421 0.9859129769212206
vt 0.009656781074217104 1
vt 0 0.9832739645418864
vt 0.01931356214843421 0.9832739645418864
vt 0.009656781074217104 1
vt 0 0.984070022959577
vt 0.017079158057041986 0.984070022959577
vt 0.00615901545939116 1
vt 0 0.984070022959577
vt 0.01707915805704198 0.984070022959577
vt 0.010920142597650822 1
vt 0 0.9859129769212206
vt 0.01931356214843421 0.9859129769212206
vt 0.009656781074217103 1
vt 0 0.9832739645418864
vt 0.01931356214843421 0.9832739645418864
vt 0.009656781074217104 1
vt 0 0.984070022959577
vt 0.01707915805704198 0.984070022959577
vt 0.006159015459391158 1
vt 0 0.984070022959577
vt 0.017079158057041986 0.984070022959577
vt 0.010920142597650824 1
vt 0 0.9859129769212206
vt 0.01931356214843421 0.9859129769212206
vt 0.009656781074217104 1
vt 0 0.9832739645418864
vt 0.01931356214843421 0.9832739645418864
vt 0.009656781074217104 1
vt 0 0.984070022959577
vt 0.017079158057041983 0.984070022959577
vt 0.006159015459391159 1
vt 0 0.984070022959577
vt 0.017079158057041983 0.984070022959577
vt 0.010920142597650822 1
vt 0 0.9859129769212206
vt 0.01931356214843421 0.9859129769212206
vt 0.009656781074217104 1
vt 0 0.9832739645418864
vt 0.01931356214843421 0.9832739645418864
vt 0.009656781074217104 1
vt 0 0.984070022959577
vt 0.01707915805704198 0.984070022959577
vt 0.006159015459391158 1
vt 0 0.984070022959577
vt 0.01707915805704198 0.984070022959577
vt 0.010920142597650822 1
vt 0 0.9859129769212206
vt 0.01931356214843421 0.9859129769212206
vt 0.009656781074217106 1
vt 0 0.9832739645418864
vt 0.01931356214843421 0.9832739645418864
vt 0.009656781074217104 1
vt 0 0.984070022959577
vt 0.017079158057041983 0.984070022959577
vt 0.00615901545939116 1
vt 0 0.984070022959577
vt 0.017079158057041983 0.984070022959577
vt 0.010920142597650822 1
vt 0 0.9859129769212206
vt 0.01931356214843421 0.9859129769212206
vt 0.009656781074217104 1
vt 0 0.9832739645418864
vt 0.01931356214843421 0.9832739645418864
vt 0.009656781074217104 1
vt 0 0.984070022959577
vt 0.017079158057041983 0.984070022959577
vt 0.006159015459391159 1
vt 0 0.984070022959577
vt 0.017079158057041983 0.984070022959577
vt 0.010920142597650822 1
vt 0 0.9859129769212206
vt 0.01931356214843421 0.9859129769212206
vt 0.009656781074217106 1
vt 0 0.9832739645418864
vt 0.01931356214843421 0.9832739645418864
vt 0.009656781074217104 1
vt 0 0.984070022959577
vt 0.01707915805704198 0.984070022959577
vt 0.006159015459391159 1
vt 0 0.984070022959577
vt 0.01707915805704198 0.984070022959577
vt 0.010920142597650822 1
vt 0 0.9859129769212206
vt 0.01931356214843421 0.9859129769212206
vt 0.009656781074217104 1
vt 0 0.9832739645418864
vt 0.01931356214843421 0.9832739645418864
vt 0.009656781074217104 1
vt 0 0.984070022959577
vt 0.01707915805704198 0.984070022959577
vt 0.006159015459391158 1
vt 0 0.984070022959577
vt 0.01707915805704198 0.984070022959577
vt 0.010920142597650822 1
vt 0 0.9859129769212206
vt 0.01931356214843421 0.9859129769212206
vt 0.009656781074217103 1
vt 0 0.9832739645418864
vt 0.01931356214843421 0.9832739645418864
vt 0.009656781074217104 1
vt 0 0.984070022959577
vt 0.01707915805704198 0.984070022959577
vt 0.006159015459391158 1
vt 0 0.984070022959577
vt 0.01707915805704198 0.984070022959577
vt 0.01092014259765082 1
vn -0.583128783201597 0.7487834503693296 0.3150939013291544
vn -0.5773502691896257 0.5773502691896257 0.5773502691896257
vn -0.7487834503693295 0.3150939013291543 0.5831287832015969
vn -0.3150939013291543 0.5831287832015969 0.7487834503693296
vn -0.26803488187244257 0.9435221910385526 0.1947387406692231
vn 0 0.9341723589627158 0.35682208977309
vn 0 0.77786752387082 0.6284282897093982
vn 0.26803488187244257 0.9435221910385526 0.1947387406692231
vn -0.26803488187244257 0.9435221910385526 -0.1947387406692231
vn 0 0.9341723589627158 -0.35682208977309
vn 0.26803488187244257 0.9435221910385526 -0.1947387406692231
vn 0 0.77786752387082 -0.6284282897093982
vn -0.5831287832015969 0.7487834503693296 -0.3150939013291543
vn -0.5773502691896257 0.5773502691896257 -0.5773502691896257
vn -0.3150939013291544 0.583128783201597 -0.7487834503693296
vn -0.7487834503693295 0.3150939013291543 -0.5831287832015969
vn -0.77786752387082 0.6284282897093982 0
vn -0.9341723589627158 0.35682208977309 0
vn -0.9435221910385526 0.1947387406692231 -0.26803488187244257
vn -0.9435221910385526 0.1947387406692231 0.26803488187244257
vn 0.5831287832015969 0.7487834503693296 0.3150939013291543
vn 0.5773502691896257 0.5773502691896257 0.5773502691896257
vn 0.3150939013291544 0.583128783201597 0.7487834503693296
vn 0.7487834503693295 0.3150939013291543 0.5831287832015969
vn -0.1947387406692231 0.26803488187244257 0.9435221910385526
vn -0.35682208977309 0 0.9341723589627158
vn -0.6284282897093982 0 0.77786752387082
vn -0.1947387406692231 -0.26803488187244257 0.9435221910385526
vn -0.9435221910385526 -0.1947387406692231 0.26803488187244257
vn -0.9341723589627158 -0.35682208977309 0
vn -0.9435221910385526 -0.1947387406692231 -0.26803488187244257
vn -0.77786752387082 -0.6284282897093982 0
vn -0.6284282897093982 0 -0.77786752387082
vn -0.35682208977309 0 -0.9341723589627158
vn -0.1947387406692231 0.26803488187244257 -0.9435221910385526
vn -0.1947387406692231 -0.26803488187244257 -0.9435221910385526
vn 0.3150939013291544 0.583128783201597 -0.7487834503693296
vn 0.5773502691896257 0.5773502691896257 -0.5773502691896257
vn 0.583128783201597 0.7487834503693296 -0.3150939013291544
vn 0.7487834503693296 0.3150939013291543 -0.5831287832015969
vn 0.583128783201597 -0.7487834503693296 0.3150939013291544
vn 0.5773502691896257 -0.5773502691896257 0.5773502691896257
vn 0.7487834503693295 -0.3150939013291543 0.5831287832015969
vn 0.3150939013291543 -0.5831287832015969 0.7487834503693296
vn 0.26803488187244257 -0.9435221910385526 0.1947387406692231
vn 0 -0.9341723589627158 0.35682208977309
vn 0 -0.77786752387082 0.6284282897093982
vn -0.26803488187244257 -0.9435221910385526 0.1947387406692231
vn 0.26803488187244257 -0.9435221910385526 -0.1947387406692231
vn 0 -0.9341723589627158 -0.35682208977309
vn -0.26803488187244257 -0.9435221910385526 -0.1947387406692231
vn 0 -0.77786752387082 -0.6284282897093982
vn 0.5831287832015969 -0.7487834503693296 -0.3150939013291543
vn 0.5773502691896257 -0.5773502691896257 -0.5773502691896257
vn 0.3150939013291544 -0.583128783201597 -0.7487834503693296
vn 0.7487834503693295 -0.3150939013291543 -0.5831287832015969
vn 0.77786752387082 -0.6284282897093982 0
vn 0.9341723589627158 -0.35682208977309 0
vn 0.9435221910385526 -0.1947387406692231 -0.26803488187244257
vn 0.9435221910385526 -0.1947387406692231 0.26803488187244257
vn 0.1947387406692231 -0.26803488187244257 0.9435221910385526
vn 0.35682208977309 0 0.9341723589627158
vn 0.6284282897093982 0 0.77786752387082
vn 0.1947387406692231 0.26803488187244257 0.9435221910385526
vn -0.5831287832015969 -0.7487834503693296 0.3150939013291543
vn -0.5773502691896257 -0.5773502691896257 0.5773502691896257
vn -0.3150939013291544 -0.583128783201597 0.7487834503693296
vn -0.7487834503693295 -0.3150939013291543 0.5831287832015969
vn -0.3150939013291544 -0.583128783201597 -0.7487834503693296
vn -0.5773502691896257 -0.5773502691896257 -0.5773502691896257
vn -0.583128783201597 -0.7487834503693296 -0.3150939013291544
vn -0.7487834503693296 -0.3150939013291543 -0.5831287832015969
vn 0.6284282897093982 0 -0.77786752387082
vn 0.35682208977309 0 -0.9341723589627158
vn 0.1947387406692231 -0.26803488187244257 -0.9435221910385526
vn 0.1947387406692231 0.26803488187244257 -0.9435221910385526
vn 0.9435221910385526 0.1947387406692231 0.26803488187244257
vn 0.9341723589627158 0.35682208977309 0
vn 0.9435221910385526 0.1947387406692231 -0.26803488187244257
vn 0.77786752387082 0.6284282897093982 0
usemtl m_02af8f5d-0e75-27a0-52fa-9d9916eda363
f 3117/10609/2857 3118/10610/2857 3119/10611/2857
f 3117/10612/2858 3120/10613/2858 3118/10614/2858
f 3121/10615/2859 3120/10616/2859 3117/10617/2859
f 3120/10618/2860 3122/10619/2860 3118/10620/2860
f 3118/10621/2861 3123/10622/2861 3119/10623/2861
f 3118/10624/2862 3124/10625/2862 3123/10626/2862
f 3122/10627/2863 3124/10628/2863 3118/10629/2863
f 3124/10630/2864 3125/10631/2864 3123/10632/2864
f 3123/10633/2865 3126/10634/2865 3119/10635/2865
f 3123/10636/2866 3127/10637/2866 3126/10638/2866
f 3125/10639/2867 3127/10640/2867 3123/10641/2867
f 3127/10642/2868 3128/10643/2868 3126/10644/2868
f 3126/10645/2869 3129/10646/2869 3119/10647/2869
f 3126/10648/2870 3130/10649/2870 3129/10650/2870
f 3128/10651/2871 3130/10652/2871 3126/10653/2871
f 3130/10654/2872 3131/10655/2872 3129/10656/2872
f 3129/10657/2873 3117/10658/2873 3119/10659/2873
f 3129/10660/2874 3132/10661/2874 3117/10662/2874
f 3131/10663/2875 3132/10664/2875 3129/10665/2875
f 3132/10666/2876 3121/10667/2876 3117/10668/2876
f 3124/10669/2877 3133/10670/2877 3125/10671/2877
f 3124/10672/2878 3134/10673/2878 3133/10674/2878
f 3122/10675/2879 3134/10676/2879 3124/10677/2879
f 3134/10678/2880 3135/10679/2880 3133/10680/2880
f 3120/10681/2881 3136/10682/2881 3122/10683/2881
f 3120/10684/2882 3137/10685/2882 3136/10686/2882
f 3121/10687/2883 3137/10688/2883 3120/10689/2883
f 3137/10690/2884 3138/10691/2884 3136/10692/2884
f 3132/10693/2885 3139/10694/2885 3121/10695/2885
f 3132/10696/2886 3140/10697/2886 3139/10698/2886
f 3131/10699/2887 3140/10700/2887 3132/10701/2887
f 3140/10702/2888 3141/10703/2888 3139/10704/2888
f 3130/10705/2889 3142/10706/2889 3131/10707/2889
f 3130/10708/2890 3143/10709/2890 3142/10710/2890
f 3128/10711/2891 3143/10712/2891 3130/10713/2891
f 3143/10714/2892 3144/10715/2892 3142/10716/2892
f 3127/10717/2893 3145/10718/2893 3128/10719/2893
f 3127/10720/2894 3146/10721/2894 3145/10722/2894
f 3125/10723/2895 3146/10724/2895 3127/10725/2895
f 3146/10726/2896 3147/10727/2896 3145/10728/2896
f 3148/10729/2897 3149/10730/2897 3150/10731/2897
f 3148/10732/2898 3151/10733/2898 3149/10734/2898
f 3135/10735/2899 3151/10736/2899 3148/10737/2899
f 3151/10738/2900 3138/10739/2900 3149/10740/2900
f 3149/10741/2901 3152/10742/2901 3150/10743/2901
f 3149/10744/2902 3153/10745/2902 3152/10746/2902
f 3138/10747/2903 3153/10748/2903 3149/10749/2903
f 3153/10750/2904 3141/10751/2904 3152/10752/2904
f 3152/10753/2905 3154/10754/2905 3150/10755/2905
f 3152/10756/2906 3155/10757/2906 3154/10758/2906
f 3141/10759/2907 3155/10760/2907 3152/10761/2907
f 3155/10762/2908 3144/10763/2908 3154/10764/2908
f 3154/10765/2909 3156/10766/2909 3150/10767/2909
f 3154/10768/2910 3157/10769/2910 3156/10770/2910
f 3144/10771/2911 3157/10772/2911 3154/10773/2911
f 3157/10774/2912 3147/10775/2912 3156/10776/2912
f 3156/10777/2913 3148/10778/2913 3150/10779/2913
f 3156/10780/2914 3158/10781/2914 3148/10782/2914
f 3147/10783/2915 3158/10784/2915 3156/10785/2915
f 3158/10786/2916 3135/10787/2916 3148/10788/2916
f 3151/10789/2917 3136/10790/2917 3138/10791/2917
f 3151/10792/2918 3134/10793/2918 3136/10794/2918
f 3135/10795/2919 3134/10796/2919 3151/10797/2919
f 3134/10798/2920 3122/10799/2920 3136/10800/2920
f 3153/10801/2921 3139/10802/2921 3141/10803/2921
f 3153/10804/2922 3137/10805/2922 3139/10806/2922
f 3138/10807/2923 3137/10808/2923 3153/10809/2923
f 3137/10810/2924 3121/10811/2924 3139/10812/2924
f 3155/10813/2925 3142/10814/2925 3144/10815/2925
f 3155/10816/2926 3140/10817/2926 3142/10818/2926
f 3141/10819/2927 3140/10820/2927 3155/10821/2927
f 3140/10822/2928 3131/10823/2928 3142/10824/2928
f 3157/10825/2929 3145/10826/2929 3147/10827/2929
f 3157/10828/2930 3143/10829/2930 3145/10830/2930
f 3144/10831/2931 3143/10832/2931 3157/10833/2931
f 3143/10834/2932 3128/10835/2932 3145/10836/2932
f 3158/10837/2933 3133/10838/2933 3135/10839/2933
f 3158/10840/2934 3146/10841/2934 3133/10842/2934
f 3147/10843/2935 3146/10844/2935 3158/10845/2935
f 3146/10846/2936 3125/10847/2936 3133/10848/2936
o Moonberry juice fruit 2
v -0.4875 1.2351790972537229 0.4203328377610012
v -0.5127817810742171 1.234375 0.40340678107421707
v -0.49715678107421707 1.2440317810742172 0.409375
v -0.5039290972537229 1.2453328377610013 0.39375
v -0.5031249999999999 1.2284067810742172 0.41903178107421707
v -0.5140828377610013 1.21875 0.4101790972537229
v -0.4875 1.25 0.39375
v -0.4778432189257829 1.2440317810742172 0.409375
v -0.47107090274627705 1.2453328377610013 0.39375
v -0.49715678107421707 1.2440317810742172 0.378125
v -0.4778432189257829 1.2440317810742172 0.378125
v -0.4875 1.2351790972537229 0.36716716223899876
v -0.5127817810742171 1.234375 0.3840932189257829
v -0.5031249999999999 1.2284067810742172 0.3684682189257829
v -0.5140828377610013 1.21875 0.37732090274627705
v -0.5187499999999999 1.21875 0.39375
v -0.4622182189257829 1.234375 0.40340678107421707
v -0.471875 1.2284067810742172 0.41903178107421707
v -0.46091716223899876 1.21875 0.4101790972537229
v -0.4875 1.21875 0.425
v -0.5031249999999999 1.2090932189257828 0.41903178107421707
v -0.4875 1.2023209027462771 0.4203328377610012
v -0.5127817810742171 1.203125 0.40340678107421707
v -0.5127817810742171 1.203125 0.3840932189257829
v -0.5039290972537229 1.1921671622389987 0.39375
v -0.5031249999999999 1.2090932189257828 0.3684682189257829
v -0.4875 1.21875 0.3625
v -0.4875 1.2023209027462771 0.36716716223899876
v -0.471875 1.2284067810742172 0.3684682189257829
v -0.4622182189257829 1.234375 0.3840932189257829
v -0.46091716223899876 1.21875 0.37732090274627705
v -0.4622182189257829 1.203125 0.40340678107421707
v -0.4778432189257829 1.1934682189257828 0.409375
v -0.47107090274627705 1.1921671622389987 0.39375
v -0.471875 1.2090932189257828 0.41903178107421707
v -0.4875 1.1875 0.39375
v -0.49715678107421707 1.1934682189257828 0.409375
v -0.4778432189257829 1.1934682189257828 0.378125
v -0.49715678107421707 1.1934682189257828 0.378125
v -0.4622182189257829 1.203125 0.3840932189257829
v -0.471875 1.2090932189257828 0.3684682189257829
v -0.45625 1.21875 0.39375
vt 0 0.9859129769212206
vt 0.01931356214843421 0.9859129769212206
vt 0.009656781074217106 1
vt 0 0.9832739645418864
vt 0.01931356214843421 0.9832739645418864
vt 0.009656781074217104 1
vt 0 0.984070022959577
vt 0.017079158057041983 0.984070022959577
vt 0.00615901545939116 1
vt 0 0.984070022959577
vt 0.017079158057041983 0.984070022959577
vt 0.01092014259765082 1
vt 0 0.9859129769212206
vt 0.01931356214843421 0.9859129769212206
vt 0.009656781074217104 1
vt 0 0.9832739645418864
vt 0.01931356214843421 0.9832739645418864
vt 0.009656781074217104 1
vt 0 0.984070022959577
vt 0.017079158057041986 0.984070022959577
vt 0.00615901545939116 1
vt 0 0.984070022959577
vt 0.01707915805704198 0.984070022959577
vt 0.010920142597650822 1
vt 0 0.9859129769212206
vt 0.01931356214843421 0.9859129769212206
vt 0.009656781074217103 1
vt 0 0.9832739645418864
vt 0.01931356214843421 0.9832739645418864
vt 0.009656781074217104 1
vt 0 0.984070022959577
vt 0.01707915805704198 0.984070022959577
vt 0.006159015459391158 1
vt 0 0.984070022959577
vt 0.017079158057041986 0.984070022959577
vt 0.010920142597650824 1
vt 0 0.9859129769212206
vt 0.01931356214843421 0.9859129769212206
vt 0.009656781074217104 1
vt 0 0.9832739645418864
vt 0.01931356214843421 0.9832739645418864
vt 0.009656781074217104 1
vt 0 0.984070022959577
vt 0.017079158057041983 0.984070022959577
vt 0.006159015459391159 1
vt 0 0.984070022959577
vt 0.017079158057041983 0.984070022959577
vt 0.010920142597650822 1
vt 0 0.9859129769212206
vt 0.01931356214843421 0.9859129769212206
vt 0.009656781074217104 1
vt 0 0.9832739645418864
vt 0.01931356214843421 0.9832739645418864
vt 0.009656781074217104 1
vt 0 0.984070022959577
vt 0.01707915805704198 0.984070022959577
vt 0.006159015459391158 1
vt 0 0.984070022959577
vt 0.01707915805704198 0.984070022959577
vt 0.010920142597650822 1
vt 0 0.9859129769212206
vt 0.01931356214843421 0.9859129769212206
vt 0.009656781074217104 1
vt 0 0.9832739645418864
vt 0.01931356214843421 0.9832739645418864
vt 0.009656781074217104 1
vt 0 0.984070022959577
vt 0.017079158057041983 0.984070022959577
vt 0.006159015459391159 1
vt 0 0.984070022959577
vt 0.017079158057041983 0.984070022959577
vt 0.010920142597650822 1
vt 0 0.9859129769212206
vt 0.01931356214843421 0.9859129769212206
vt 0.009656781074217106 1
vt 0 0.9832739645418864
vt 0.01931356214843421 0.9832739645418864
vt 0.009656781074217104 1
vt 0 0.984070022959577
vt 0.017079158057041983 0.984070022959577
vt 0.00615901545939116 1
vt 0 0.984070022959577
vt 0.017079158057041983 0.984070022959577
vt 0.010920142597650822 1
vt 0 0.9859129769212206
vt 0.01931356214843421 0.9859129769212206
vt 0.009656781074217103 1
vt 0 0.9832739645418864
vt 0.01931356214843421 0.9832739645418864
vt 0.009656781074217104 1
vt 0 0.984070022959577
vt 0.01707915805704198 0.984070022959577
vt 0.006159015459391158 1
vt 0 0.984070022959577
vt 0.01707915805704198 0.984070022959577
vt 0.01092014259765082 1
vt 0 0.9859129769212206
vt 0.01931356214843421 0.9859129769212206
vt 0.009656781074217104 1
vt 0 0.9832739645418864
vt 0.01931356214843421 0.9832739645418864
vt 0.009656781074217104 1
vt 0 0.984070022959577
vt 0.01707915805704198 0.984070022959577
vt 0.006159015459391158 1
vt 0 0.984070022959577
vt 0.01707915805704198 0.984070022959577
vt 0.010920142597650822 1
vt 0 0.9859129769212206
vt 0.01931356214843421 0.9859129769212206
vt 0.009656781074217106 1
vt 0 0.9832739645418864
vt 0.01931356214843421 0.9832739645418864
vt 0.009656781074217104 1
vt 0 0.984070022959577
vt 0.01707915805704198 0.984070022959577
vt 0.006159015459391159 1
vt 0 0.984070022959577
vt 0.01707915805704198 0.984070022959577
vt 0.010920142597650822 1
vt 0 0.9859129769212206
vt 0.01931356214843421 0.9859129769212206
vt 0.009656781074217106 1
vt 0 0.9832739645418864
vt 0.01931356214843421 0.9832739645418864
vt 0.009656781074217104 1
vt 0 0.984070022959577
vt 0.017079158057041983 0.984070022959577
vt 0.00615901545939116 1
vt 0 0.984070022959577
vt 0.017079158057041983 0.984070022959577
vt 0.01092014259765082 1
vt 0 0.9859129769212206
vt 0.01931356214843421 0.9859129769212206
vt 0.009656781074217104 1
vt 0 0.9832739645418864
vt 0.01931356214843421 0.9832739645418864
vt 0.009656781074217104 1
vt 0 0.984070022959577
vt 0.017079158057041986 0.984070022959577
vt 0.00615901545939116 1
vt 0 0.984070022959577
vt 0.01707915805704198 0.984070022959577
vt 0.010920142597650822 1
vt 0 0.9859129769212206
vt 0.01931356214843421 0.9859129769212206
vt 0.009656781074217103 1
vt 0 0.9832739645418864
vt 0.01931356214843421 0.9832739645418864
vt 0.009656781074217104 1
vt 0 0.984070022959577
vt 0.01707915805704198 0.984070022959577
vt 0.006159015459391158 1
vt 0 0.984070022959577
vt 0.017079158057041986 0.984070022959577
vt 0.010920142597650824 1
vt 0 0.9859129769212206
vt 0.01931356214843421 0.9859129769212206
vt 0.009656781074217104 1
vt 0 0.9832739645418864
vt 0.01931356214843421 0.9832739645418864
vt 0.009656781074217104 1
vt 0 0.984070022959577
vt 0.017079158057041983 0.984070022959577
vt 0.006159015459391159 1
vt 0 0.984070022959577
vt 0.017079158057041983 0.984070022959577
vt 0.010920142597650822 1
vt 0 0.9859129769212206
vt 0.01931356214843421 0.9859129769212206
vt 0.009656781074217104 1
vt 0 0.9832739645418864
vt 0.01931356214843421 0.9832739645418864
vt 0.009656781074217104 1
vt 0 0.984070022959577
vt 0.01707915805704198 0.984070022959577
vt 0.006159015459391158 1
vt 0 0.984070022959577
vt 0.01707915805704198 0.984070022959577
vt 0.010920142597650822 1
vt 0 0.9859129769212206
vt 0.01931356214843421 0.9859129769212206
vt 0.009656781074217106 1
vt 0 0.9832739645418864
vt 0.01931356214843421 0.9832739645418864
vt 0.009656781074217104 1
vt 0 0.984070022959577
vt 0.017079158057041983 0.984070022959577
vt 0.00615901545939116 1
vt 0 0.984070022959577
vt 0.017079158057041983 0.984070022959577
vt 0.010920142597650822 1
vt 0 0.9859129769212206
vt 0.01931356214843421 0.9859129769212206
vt 0.009656781074217104 1
vt 0 0.9832739645418864
vt 0.01931356214843421 0.9832739645418864
vt 0.009656781074217104 1
vt 0 0.984070022959577
vt 0.017079158057041983 0.984070022959577
vt 0.006159015459391159 1
vt 0 0.984070022959577
vt 0.017079158057041983 0.984070022959577
vt 0.010920142597650822 1
vt 0 0.9859129769212206
vt 0.01931356214843421 0.9859129769212206
vt 0.009656781074217106 1
vt 0 0.9832739645418864
vt 0.01931356214843421 0.9832739645418864
vt 0.009656781074217104 1
vt 0 0.984070022959577
vt 0.01707915805704198 0.984070022959577
vt 0.006159015459391159 1
vt 0 0.984070022959577
vt 0.01707915805704198 0.984070022959577
vt 0.010920142597650822 1
vt 0 0.9859129769212206
vt 0.01931356214843421 0.9859129769212206
vt 0.009656781074217104 1
vt 0 0.9832739645418864
vt 0.01931356214843421 0.9832739645418864
vt 0.009656781074217104 1
vt 0 0.984070022959577
vt 0.01707915805704198 0.984070022959577
vt 0.006159015459391158 1
vt 0 0.984070022959577
vt 0.01707915805704198 0.984070022959577
vt 0.010920142597650822 1
vt 0 0.9859129769212206
vt 0.01931356214843421 0.9859129769212206
vt 0.009656781074217103 1
vt 0 0.9832739645418864
vt 0.01931356214843421 0.9832739645418864
vt 0.009656781074217104 1
vt 0 0.984070022959577
vt 0.01707915805704198 0.984070022959577
vt 0.006159015459391158 1
vt 0 0.984070022959577
vt 0.01707915805704198 0.984070022959577
vt 0.01092014259765082 1
vn -0.583128783201597 0.7487834503693296 0.3150939013291544
vn -0.5773502691896257 0.5773502691896257 0.5773502691896257
vn -0.7487834503693295 0.3150939013291543 0.5831287832015969
vn -0.3150939013291543 0.5831287832015969 0.7487834503693296
vn -0.26803488187244257 0.9435221910385526 0.1947387406692231
vn 0 0.9341723589627158 0.35682208977309
vn 0 0.77786752387082 0.6284282897093982
vn 0.26803488187244257 0.9435221910385526 0.1947387406692231
vn -0.26803488187244257 0.9435221910385526 -0.1947387406692231
vn 0 0.9341723589627158 -0.35682208977309
vn 0.26803488187244257 0.9435221910385526 -0.1947387406692231
vn 0 0.77786752387082 -0.6284282897093982
vn -0.5831287832015969 0.7487834503693296 -0.3150939013291543
vn -0.5773502691896257 0.5773502691896257 -0.5773502691896257
vn -0.3150939013291544 0.583128783201597 -0.7487834503693296
vn -0.7487834503693295 0.3150939013291543 -0.5831287832015969
vn -0.77786752387082 0.6284282897093982 0
vn -0.9341723589627158 0.35682208977309 0
vn -0.9435221910385526 0.1947387406692231 -0.26803488187244257
vn -0.9435221910385526 0.1947387406692231 0.26803488187244257
vn 0.5831287832015969 0.7487834503693296 0.3150939013291543
vn 0.5773502691896257 0.5773502691896257 0.5773502691896257
vn 0.3150939013291544 0.583128783201597 0.7487834503693296
vn 0.7487834503693295 0.3150939013291543 0.5831287832015969
vn -0.1947387406692231 0.26803488187244257 0.9435221910385526
vn -0.35682208977309 0 0.9341723589627158
vn -0.6284282897093982 0 0.77786752387082
vn -0.1947387406692231 -0.26803488187244257 0.9435221910385526
vn -0.9435221910385526 -0.1947387406692231 0.26803488187244257
vn -0.9341723589627158 -0.35682208977309 0
vn -0.9435221910385526 -0.1947387406692231 -0.26803488187244257
vn -0.77786752387082 -0.6284282897093982 0
vn -0.6284282897093982 0 -0.77786752387082
vn -0.35682208977309 0 -0.9341723589627158
vn -0.1947387406692231 0.26803488187244257 -0.9435221910385526
vn -0.1947387406692231 -0.26803488187244257 -0.9435221910385526
vn 0.3150939013291544 0.583128783201597 -0.7487834503693296
vn 0.5773502691896257 0.5773502691896257 -0.5773502691896257
vn 0.583128783201597 0.7487834503693296 -0.3150939013291544
vn 0.7487834503693296 0.3150939013291543 -0.5831287832015969
vn 0.583128783201597 -0.7487834503693296 0.3150939013291544
vn 0.5773502691896257 -0.5773502691896257 0.5773502691896257
vn 0.7487834503693295 -0.3150939013291543 0.5831287832015969
vn 0.3150939013291543 -0.5831287832015969 0.7487834503693296
vn 0.26803488187244257 -0.9435221910385526 0.1947387406692231
vn 0 -0.9341723589627158 0.35682208977309
vn 0 -0.77786752387082 0.6284282897093982
vn -0.26803488187244257 -0.9435221910385526 0.1947387406692231
vn 0.26803488187244257 -0.9435221910385526 -0.1947387406692231
vn 0 -0.9341723589627158 -0.35682208977309
vn -0.26803488187244257 -0.9435221910385526 -0.1947387406692231
vn 0 -0.77786752387082 -0.6284282897093982
vn 0.5831287832015969 -0.7487834503693296 -0.3150939013291543
vn 0.5773502691896257 -0.5773502691896257 -0.5773502691896257
vn 0.3150939013291544 -0.583128783201597 -0.7487834503693296
vn 0.7487834503693295 -0.3150939013291543 -0.5831287832015969
vn 0.77786752387082 -0.6284282897093982 0
vn 0.9341723589627158 -0.35682208977309 0
vn 0.9435221910385526 -0.1947387406692231 -0.26803488187244257
vn 0.9435221910385526 -0.1947387406692231 0.26803488187244257
vn 0.1947387406692231 -0.26803488187244257 0.9435221910385526
vn 0.35682208977309 0 0.9341723589627158
vn 0.6284282897093982 0 0.77786752387082
vn 0.1947387406692231 0.26803488187244257 0.9435221910385526
vn -0.5831287832015969 -0.7487834503693296 0.3150939013291543
vn -0.5773502691896257 -0.5773502691896257 0.5773502691896257
vn -0.3150939013291544 -0.583128783201597 0.7487834503693296
vn -0.7487834503693295 -0.3150939013291543 0.5831287832015969
vn -0.3150939013291544 -0.583128783201597 -0.7487834503693296
vn -0.5773502691896257 -0.5773502691896257 -0.5773502691896257
vn -0.583128783201597 -0.7487834503693296 -0.3150939013291544
vn -0.7487834503693296 -0.3150939013291543 -0.5831287832015969
vn 0.6284282897093982 0 -0.77786752387082
vn 0.35682208977309 0 -0.9341723589627158
vn 0.1947387406692231 -0.26803488187244257 -0.9435221910385526
vn 0.1947387406692231 0.26803488187244257 -0.9435221910385526
vn 0.9435221910385526 0.1947387406692231 0.26803488187244257
vn 0.9341723589627158 0.35682208977309 0
vn 0.9435221910385526 0.1947387406692231 -0.26803488187244257
vn 0.77786752387082 0.6284282897093982 0
usemtl m_02af8f5d-0e75-27a0-52fa-9d9916eda363
f 3160/10849/2937 3161/10850/2937 3162/10851/2937
f 3160/10852/2938 3163/10853/2938 3161/10854/2938
f 3164/10855/2939 3163/10856/2939 3160/10857/2939
f 3163/10858/2940 3159/10859/2940 3161/10860/2940
f 3161/10861/2941 3165/10862/2941 3162/10863/2941
f 3161/10864/2942 3166/10865/2942 3165/10866/2942
f 3159/10867/2943 3166/10868/2943 3161/10869/2943
f 3166/10870/2944 3167/10871/2944 3165/10872/2944
f 3165/10873/2945 3168/10874/2945 3162/10875/2945
f 3165/10876/2946 3169/10877/2946 3168/10878/2946
f 3167/10879/2947 3169/10880/2947 3165/10881/2947
f 3169/10882/2948 3170/10883/2948 3168/10884/2948
f 3168/10885/2949 3171/10886/2949 3162/10887/2949
f 3168/10888/2950 3172/10889/2950 3171/10890/2950
f 3170/10891/2951 3172/10892/2951 3168/10893/2951
f 3172/10894/2952 3173/10895/2952 3171/10896/2952
f 3171/10897/2953 3160/10898/2953 3162/10899/2953
f 3171/10900/2954 3174/10901/2954 3160/10902/2954
f 3173/10903/2955 3174/10904/2955 3171/10905/2955
f 3174/10906/2956 3164/10907/2956 3160/10908/2956
f 3166/10909/2957 3175/10910/2957 3167/10911/2957
f 3166/10912/2958 3176/10913/2958 3175/10914/2958
f 3159/10915/2959 3176/10916/2959 3166/10917/2959
f 3176/10918/2960 3177/10919/2960 3175/10920/2960
f 3163/10921/2961 3178/10922/2961 3159/10923/2961
f 3163/10924/2962 3179/10925/2962 3178/10926/2962
f 3164/10927/2963 3179/10928/2963 3163/10929/2963
f 3179/10930/2964 3180/10931/2964 3178/10932/2964
f 3174/10933/2965 3181/10934/2965 3164/10935/2965
f 3174/10936/2966 3182/10937/2966 3181/10938/2966
f 3173/10939/2967 3182/10940/2967 3174/10941/2967
f 3182/10942/2968 3183/10943/2968 3181/10944/2968
f 3172/10945/2969 3184/10946/2969 3173/10947/2969
f 3172/10948/2970 3185/10949/2970 3184/10950/2970
f 3170/10951/2971 3185/10952/2971 3172/10953/2971
f 3185/10954/2972 3186/10955/2972 3184/10956/2972
f 3169/10957/2973 3187/10958/2973 3170/10959/2973
f 3169/10960/2974 3188/10961/2974 3187/10962/2974
f 3167/10963/2975 3188/10964/2975 3169/10965/2975
f 3188/10966/2976 3189/10967/2976 3187/10968/2976
f 3190/10969/2977 3191/10970/2977 3192/10971/2977
f 3190/10972/2978 3193/10973/2978 3191/10974/2978
f 3177/10975/2979 3193/10976/2979 3190/10977/2979
f 3193/10978/2980 3180/10979/2980 3191/10980/2980
f 3191/10981/2981 3194/10982/2981 3192/10983/2981
f 3191/10984/2982 3195/10985/2982 3194/10986/2982
f 3180/10987/2983 3195/10988/2983 3191/10989/2983
f 3195/10990/2984 3183/10991/2984 3194/10992/2984
f 3194/10993/2985 3196/10994/2985 3192/10995/2985
f 3194/10996/2986 3197/10997/2986 3196/10998/2986
f 3183/10999/2987 3197/11000/2987 3194/11001/2987
f 3197/11002/2988 3186/11003/2988 3196/11004/2988
f 3196/11005/2989 3198/11006/2989 3192/11007/2989
f 3196/11008/2990 3199/11009/2990 3198/11010/2990
f 3186/11011/2991 3199/11012/2991 3196/11013/2991
f 3199/11014/2992 3189/11015/2992 3198/11016/2992
f 3198/11017/2993 3190/11018/2993 3192/11019/2993
f 3198/11020/2994 3200/11021/2994 3190/11022/2994
f 3189/11023/2995 3200/11024/2995 3198/11025/2995
f 3200/11026/2996 3177/11027/2996 3190/11028/2996
f 3193/11029/2997 3178/11030/2997 3180/11031/2997
f 3193/11032/2998 3176/11033/2998 3178/11034/2998
f 3177/11035/2999 3176/11036/2999 3193/11037/2999
f 3176/11038/3000 3159/11039/3000 3178/11040/3000
f 3195/11041/3001 3181/11042/3001 3183/11043/3001
f 3195/11044/3002 3179/11045/3002 3181/11046/3002
f 3180/11047/3003 3179/11048/3003 3195/11049/3003
f 3179/11050/3004 3164/11051/3004 3181/11052/3004
f 3197/11053/3005 3184/11054/3005 3186/11055/3005
f 3197/11056/3006 3182/11057/3006 3184/11058/3006
f 3183/11059/3007 3182/11060/3007 3197/11061/3007
f 3182/11062/3008 3173/11063/3008 3184/11064/3008
f 3199/11065/3009 3187/11066/3009 3189/11067/3009
f 3199/11068/3010 3185/11069/3010 3187/11070/3010
f 3186/11071/3011 3185/11072/3011 3199/11073/3011
f 3185/11074/3012 3170/11075/3012 3187/11076/3012
f 3200/11077/3013 3175/11078/3013 3177/11079/3013
f 3200/11080/3014 3188/11081/3014 3175/11082/3014
f 3189/11083/3015 3188/11084/3015 3200/11085/3015
f 3188/11086/3016 3167/11087/3016 3175/11088/3016
o Apple leaf
v -0.4247583260579573 1.2844956010337814 0.35625000000000007
v -0.4247583260579573 1.2844956010337814 0.31875
v -0.4283922900807926 1.274511366937931 0.35625000000000007
v -0.4283922900807926 1.274511366937931 0.31875
v -0.48936219373698864 1.3080094858874212 0.31875
v -0.48936219373698864 1.3080094858874212 0.35625000000000007
v -0.49299615775982386 1.298025251791571 0.31875
v -0.49299615775982386 1.298025251791571 0.35625000000000007
vt 0 1
vt 0.06875000000000003 1
vt 0.06875000000000003 0.9893749999999999
vt 0 0.9893749999999999
vt 0 1
vt 0.03750000000000003 1
vt 0.03750000000000003 0.9893749999999999
vt 0 0.9893749999999999
vt 0 1
vt 0.06875000000000003 1
vt 0.06875000000000003 0.9893749999999999
vt 0 0.9893749999999999
vt 0 1
vt 0.03750000000000003 1
vt 0.03750000000000003 0.9893749999999999
vt 0 0.9893749999999999
vt 0 1
vt 0.06875000000000003 1
vt 0.06875000000000003 0.9624999999999999
vt 0 0.9624999999999999
vt 0 1
vt 0.06875000000000003 1
vt 0.06875000000000003 0.9624999999999999
vt 0 0.9624999999999999
vn 0 0 -1
vn 0.9396926207859084 -0.34202014332566866 0
vn 0 0 1
vn -0.9396926207859084 0.34202014332566866 0
vn 0.34202014332566866 0.9396926207859084 0
vn -0.34202014332566866 -0.9396926207859084 0
usemtl m_3d350775-4e91-ba40-1122-9c9e6fa716aa
f 3204/11092/3017 3207/11091/3017 3205/11090/3017 3202/11089/3017
f 3203/11096/3018 3204/11095/3018 3202/11094/3018 3201/11093/3018
f 3208/11100/3019 3203/11099/3019 3201/11098/3019 3206/11097/3019
f 3207/11104/3020 3208/11103/3020 3206/11102/3020 3205/11101/3020
f 3206/11108/3021 3201/11107/3021 3202/11106/3021 3205/11105/3021
f 3207/11112/3022 3204/11111/3022 3203/11110/3022 3208/11109/3022
o Lime leaf
v -0.3613989426308125 1.23 0.28940847698610156
v -0.3746057633102094 1.23 0.2610863586412063
v -0.3613989426308125 1.21875 0.28940847698610156
v -0.3746057633102094 1.21875 0.2610863586412063
v -0.43125 1.23 0.2875
v -0.41804317932060314 1.23 0.31582211834489526
v -0.43125 1.21875 0.2875
v -0.41804317932060314 1.21875 0.31582211834489526
vt 0 1
vt 0.0625 1
vt 0.0625 0.98875
vt 0 0.98875
vt 0 1
vt 0.03125 1
vt 0.03125 0.98875
vt 0 0.98875
vt 0 1
vt 0.0625 1
vt 0.0625 0.98875
vt 0 0.98875
vt 0 1
vt 0.03125 1
vt 0.03125 0.98875
vt 0 0.98875
vt 0 1
vt 0.0625 1
vt 0.0625 0.96875
vt 0 0.96875
vt 0 1
vt 0.0625 1
vt 0.0625 0.96875
vt 0 0.96875
vn -0.42261826174069944 0 -0.9063077870366499
vn 0.9063077870366499 0 -0.42261826174069944
vn 0.42261826174069944 0 0.9063077870366499
vn -0.9063077870366499 0 0.42261826174069944
vn 0 1 0
vn 0 -1 0
usemtl m_3d350775-4e91-ba40-1122-9c9e6fa716aa
f 3212/11116/3023 3215/11115/3023 3213/11114/3023 3210/11113/3023
f 3211/11120/3024 3212/11119/3024 3210/11118/3024 3209/11117/3024
f 3216/11124/3025 3211/11123/3025 3209/11122/3025 3214/11121/3025
f 3215/11128/3026 3216/11127/3026 3214/11126/3026 3213/11125/3026
f 3214/11132/3027 3209/11131/3027 3210/11130/3027 3213/11129/3027
f 3215/11136/3028 3212/11135/3028 3211/11134/3028 3216/11133/3028
o Oak cutting board
v 0.18125000000000002 1.03125 0.4875
v 0.18125000000000002 1.03125 0.23125
v 0.18125000000000002 1.004375 0.4875
v 0.18125000000000002 1.004375 0.23125
v -0.25625 1.03125 0.23125
v -0.25625 1.03125 0.4875
v -0.25625 1.004375 0.23125
v -0.25625 1.004375 0.4875
vt 0 1
vt 0.4375 1
vt 0.4375 0.973125
vt 0 0.973125
vt 0 1
vt 0.25625 1
vt 0.25625 0.973125
vt 0 0.973125
vt 0 1
vt 0.4375 1
vt 0.4375 0.973125
vt 0 0.973125
vt 0 1
vt 0.25625 1
vt 0.25625 0.973125
vt 0 0.973125
vt 0 1
vt 0.4375 1
vt 0.4375 0.74375
vt 0 0.74375
vt 0 1
vt 0.4375 1
vt 0.4375 0.74375
vt 0 0.74375
vn 0 0 -1
vn 1 0 0
vn 0 0 1
vn -1 0 0
vn 0 1 0
vn 0 -1 0
usemtl m_1538f866-b198-6ddc-70f1-145addbfa7ab
f 3220/11140/3029 3223/11139/3029 3221/11138/3029 3218/11137/3029
f 3219/11144/3030 3220/11143/3030 3218/11142/3030 3217/11141/3030
f 3224/11148/3031 3219/11147/3031 3217/11146/3031 3222/11145/3031
f 3223/11152/3032 3224/11151/3032 3222/11150/3032 3221/11149/3032
f 3222/11156/3033 3217/11155/3033 3218/11154/3033 3221/11153/3033
f 3223/11160/3034 3220/11159/3034 3219/11158/3034 3224/11157/3034
o Board handle
v 0.25 1.0281249999999997 0.39375000000000004
v 0.25 1.0281249999999997 0.3125
v 0.25 1.009375 0.39375000000000004
v 0.25 1.009375 0.3125
v 0.18125000000000002 1.0281249999999997 0.3125
v 0.18125000000000002 1.0281249999999997 0.39375000000000004
v 0.18125000000000002 1.009375 0.3125
v 0.18125000000000002 1.009375 0.39375000000000004
vt 0 1
vt 0.06875 1
vt 0.06875 0.98125
vt 0 0.98125
vt 0 1
vt 0.08124999999999999 1
vt 0.08124999999999999 0.98125
vt 0 0.98125
vt 0 1
vt 0.06875 1
vt 0.06875 0.98125
vt 0 0.98125
vt 0 1
vt 0.08124999999999999 1
vt 0.08124999999999999 0.98125
vt 0 0.98125
vt 0 1
vt 0.06875 1
vt 0.06875 0.91875
vt 0 0.91875
vt 0 1
vt 0.06875 1
vt 0.06875 0.91875
vt 0 0.91875
vn 0 0 -1
vn 1 0 0
vn 0 0 1
vn -1 0 0
vn 0 1 0
vn 0 -1 0
usemtl m_b857fb66-1ffc-7849-b518-f1f88c078ca1
f 3228/11164/3035 3231/11163/3035 3229/11162/3035 3226/11161/3035
f 3227/11168/3036 3228/11167/3036 3226/11166/3036 3225/11165/3036
f 3232/11172/3037 3227/11171/3037 3225/11170/3037 3230/11169/3037
f 3231/11176/3038 3232/11175/3038 3230/11174/3038 3229/11173/3038
f 3230/11180/3039 3225/11179/3039 3226/11178/3039 3229/11177/3039
f 3231/11184/3040 3228/11183/3040 3227/11182/3040 3232/11181/3040
o Knife handle
v 0.06875 1.05625 0.44062500000000004
v 0.06875 1.05625 0.415625
v 0.06875 1.0343750000000003 0.44062500000000004
v 0.06875 1.0343750000000003 0.415625
v -0.024999999999999998 1.05625 0.415625
v -0.024999999999999998 1.05625 0.44062500000000004
v -0.024999999999999998 1.0343750000000003 0.415625
v -0.024999999999999998 1.0343750000000003 0.44062500000000004
vt 0 1
vt 0.09375 1
vt 0.09375 0.9781250000000001
vt 0 0.9781250000000001
vt 0 1
vt 0.024999999999999967 1
vt 0.024999999999999967 0.9781250000000001
vt 0 0.9781250000000001
vt 0 1
vt 0.09375 1
vt 0.09375 0.9781250000000001
vt 0 0.9781250000000001
vt 0 1
vt 0.024999999999999967 1
vt 0.024999999999999967 0.9781250000000001
vt 0 0.9781250000000001
vt 0 1
vt 0.09375 1
vt 0.09375 0.9750000000000001
vt 0 0.9750000000000001
vt 0 1
vt 0.09375 1
vt 0.09375 0.9750000000000001
vt 0 0.9750000000000001
vn 0 0 -1
vn 1 0 0
vn 0 0 1
vn -1 0 0
vn 0 1 0
vn 0 -1 0
usemtl m_b857fb66-1ffc-7849-b518-f1f88c078ca1
f 3236/11188/3041 3239/11187/3041 3237/11186/3041 3234/11185/3041
f 3235/11192/3042 3236/11191/3042 3234/11190/3042 3233/11189/3042
f 3240/11196/3043 3235/11195/3043 3233/11194/3043 3238/11193/3043
f 3239/11200/3044 3240/11199/3044 3238/11198/3044 3237/11197/3044
f 3238/11204/3045 3233/11203/3045 3234/11202/3045 3237/11201/3045
f 3239/11208/3046 3236/11207/3046 3235/11206/3046 3240/11205/3046
o Kitchen knife blade
v -0.02570262686152587 1.05125 0.44470093318149506
v -0.024475831591875788 1.05125 0.4166027019495053
v -0.02570262686152587 1.03625 0.44470093318149506
v -0.024475831591875788 1.03625 0.4166027019495053
v -0.21179737313847413 1.05125 0.40842406681850485
v -0.21302416840812421 1.05125 0.4365222980504946
v -0.21179737313847413 1.03625 0.40842406681850485
v -0.21302416840812421 1.03625 0.4365222980504946
vt 0 1
vt 0.1875 1
vt 0.1875 0.9849999999999999
vt 0 0.9849999999999999
vt 0 1
vt 0.02812500000000001 1
vt 0.02812500000000001 0.9849999999999999
vt 0 0.9849999999999999
vt 0 1
vt 0.1875 1
vt 0.1875 0.9849999999999999
vt 0 0.9849999999999999
vt 0 1
vt 0.02812500000000001 1
vt 0.02812500000000001 0.9849999999999999
vt 0 0.9849999999999999
vt 0 1
vt 0.1875 1
vt 0.1875 0.971875
vt 0 0.971875
vt 0 1
vt 0.1875 1
vt 0.1875 0.971875
vt 0 0.971875
vn 0.043619387365336 0 -0.9990482215818578
vn 0.9990482215818578 0 0.043619387365336
vn -0.043619387365336 0 0.9990482215818578
vn -0.9990482215818578 0 -0.043619387365336
vn 0 1 0
vn 0 -1 0
usemtl m_41d086d1-5078-eff2-b41a-ec659ff25218
f 3244/11212/3047 3247/11211/3047 3245/11210/3047 3242/11209/3047
f 3243/11216/3048 3244/11215/3048 3242/11214/3048 3241/11213/3048
f 3248/11220/3049 3243/11219/3049 3241/11218/3049 3246/11217/3049
f 3247/11224/3050 3248/11223/3050 3246/11222/3050 3245/11221/3050
f 3246/11228/3051 3241/11227/3051 3242/11226/3051 3245/11225/3051
f 3247/11232/3052 3244/11231/3052 3243/11230/3052 3248/11229/3052
o Knife handle rivet 0
v 0.009375 1.060625 0.4325
v 0.009375 1.060625 0.423125
v 0.009375 1.0568749999999998 0.4325
v 0.009375 1.0568749999999998 0.423125
v 0 1.060625 0.423125
v 0 1.060625 0.4325
v 0 1.0568749999999998 0.423125
v 0 1.0568749999999998 0.4325
vt 0 1
vt 0.009375 1
vt 0.009375 0.9962500000000001
vt 0 0.9962500000000001
vt 0 1
vt 0.009375000000000022 1
vt 0.009375000000000022 0.9962500000000001
vt 0 0.9962500000000001
vt 0 1
vt 0.009375 1
vt 0.009375 0.9962500000000001
vt 0 0.9962500000000001
vt 0 1
vt 0.009375000000000022 1
vt 0.009375000000000022 0.9962500000000001
vt 0 0.9962500000000001
vt 0 1
vt 0.009375 1
vt 0.009375 0.990625
vt 0 0.990625
vt 0 1
vt 0.009375 1
vt 0.009375 0.990625
vt 0 0.990625
vn 0 0 -1
vn 1 0 0
vn 0 0 1
vn -1 0 0
vn 0 1 0
vn 0 -1 0
usemtl m_d8f9e20d-cb26-cbd2-2d92-4056c16cacbf
f 3252/11236/3053 3255/11235/3053 3253/11234/3053 3250/11233/3053
f 3251/11240/3054 3252/11239/3054 3250/11238/3054 3249/11237/3054
f 3256/11244/3055 3251/11243/3055 3249/11242/3055 3254/11241/3055
f 3255/11248/3056 3256/11247/3056 3254/11246/3056 3253/11245/3056
f 3254/11252/3057 3249/11251/3057 3250/11250/3057 3253/11249/3057
f 3255/11256/3058 3252/11255/3058 3251/11254/3058 3256/11253/3058
o Knife handle rivet 0.55
v 0.04375 1.060625 0.4325
v 0.04375 1.060625 0.423125
v 0.04375 1.0568749999999998 0.4325
v 0.04375 1.0568749999999998 0.423125
v 0.034375 1.060625 0.423125
v 0.034375 1.060625 0.4325
v 0.034375 1.0568749999999998 0.423125
v 0.034375 1.0568749999999998 0.4325
vt 0 1
vt 0.009375000000000001 1
vt 0.009375000000000001 0.9962500000000001
vt 0 0.9962500000000001
vt 0 1
vt 0.009375000000000022 1
vt 0.009375000000000022 0.9962500000000001
vt 0 0.9962500000000001
vt 0 1
vt 0.009375000000000001 1
vt 0.009375000000000001 0.9962500000000001
vt 0 0.9962500000000001
vt 0 1
vt 0.009375000000000022 1
vt 0.009375000000000022 0.9962500000000001
vt 0 0.9962500000000001
vt 0 1
vt 0.009375000000000001 1
vt 0.009375000000000001 0.990625
vt 0 0.990625
vt 0 1
vt 0.009375000000000001 1
vt 0.009375000000000001 0.990625
vt 0 0.990625
vn 0 0 -1
vn 1 0 0
vn 0 0 1
vn -1 0 0
vn 0 1 0
vn 0 -1 0
usemtl m_d8f9e20d-cb26-cbd2-2d92-4056c16cacbf
f 3260/11260/3059 3263/11259/3059 3261/11258/3059 3258/11257/3059
f 3259/11264/3060 3260/11263/3060 3258/11262/3060 3257/11261/3060
f 3264/11268/3061 3259/11267/3061 3257/11266/3061 3262/11265/3061
f 3263/11272/3062 3264/11271/3062 3262/11270/3062 3261/11269/3062
f 3262/11276/3063 3257/11275/3063 3258/11274/3063 3261/11273/3063
f 3263/11280/3064 3260/11279/3064 3259/11278/3064 3264/11277/3064
o Lime rind slice
v -0.08421075348981982 1.01875 0.346875
v -0.14375 1.08125 0.3125
v -0.14375 1.01875 0.3125
v -0.07499999999999998 1.08125 0.3125
v -0.07499999999999998 1.01875 0.3125
v -0.08421075348981982 1.08125 0.346875
v -0.10937499999999997 1.08125 0.37203924651018017
v -0.10937499999999997 1.01875 0.37203924651018017
v -0.14375 1.08125 0.38125
v -0.14375 1.01875 0.38125
v -0.17812499999999998 1.08125 0.37203924651018017
v -0.17812499999999998 1.01875 0.37203924651018017
v -0.20328924651018015 1.08125 0.346875
v -0.20328924651018015 1.01875 0.346875
v -0.2125 1.08125 0.3125
v -0.2125 1.01875 0.3125
v -0.20328924651018015 1.08125 0.278125
v -0.20328924651018015 1.01875 0.278125
v -0.17812500000000003 1.08125 0.25296075348981983
v -0.17812500000000003 1.01875 0.25296075348981983
v -0.14375 1.08125 0.24375
v -0.14375 1.01875 0.24375
v -0.10937499999999997 1.08125 0.25296075348981983
v -0.10937499999999997 1.01875 0.25296075348981983
v -0.08421075348981985 1.08125 0.27812499999999996
v -0.08421075348981985 1.01875 0.27812499999999996
vt 0 1
vt 0 1
vt 0 1
vt 0 1
vt 0 1
vt 0 1
vt 0 1
vt 0 1
vt 0 1
vt 0 1
vt 0 1
vt 0 1
vt 0 1
vt 0 1
vt 0 1
vt 0 1
vt 0 1
vt 0 1
vt 0 1
vt 0 1
vt 0 1
vt 0 1
vt 0 1
vt 0 1
vt 0 1
vt 0 1
vt 0 1
vt 0 1
vt 0 1
vt 0 1
vt 0 1
vt 0 1
vt 0 1
vt 0 1
vt 0 1
vt 0 1
vt 0 1
vt 0 1
vt 0 1
vt 0 1
vt 0 1
vt 0 1
vt 0 1
vt 0 1
vt 0 1
vt 0 1
vt 0 1
vt 0 1
vt 0 1
vt 0 1
vt 0 1
vt 0 1
vt 0 1
vt 0 1
vt 0 1
vt 0 1
vt 0 1
vt 0 1
vt 0 1
vt 0 1
vt 0 1
vt 0 1
vt 0 1
vt 0 1
vt 0 1
vt 0 1
vt 0 1
vt 0 1
vt 0 1
vt 0 1
vt 0 1
vt 0 1
vt 0 1
vt 0 1
vt 0 1
vt 0 1
vt 0 1
vt 0 1
vt 0 1
vt 0 1
vt 0 1
vt 0 1
vt 0 1
vt 0 1
vt 0 1
vt 0 1
vt 0 1
vt 0 1
vt 0 1
vt 0 1
vt 0 1
vt 0 1
vt 0 1
vt 0 1
vt 0 1
vt 0 1
vt 0 1
vt 0 1
vt 0 1
vt 0 1
vt 0 1
vt 0 1
vt 0 1
vt 0 1
vt 0 1
vt 0 1
vt 0 1
vt 0 1
vt 0 1
vt 0 1
vt 0 1
vt 0 1
vt 0 1
vt 0 1
vt 0 1
vt 0 1
vt 0 1
vt 0 1
vt 0 1
vt 0 1
vn 0.9659258262890684 0 0.25881904510252074
vn 0 1 0
vn 0 -1 0
vn 0.7071067811865476 0 0.7071067811865475
vn 0 1 0
vn 0 -1 0
vn 0.25881904510252085 0 0.9659258262890683
vn 0 1 0
vn 0 -1 0
vn -0.25881904510252074 0 0.9659258262890684
vn 0 1 0
vn 0 -1 0
vn -0.7071067811865475 0 0.7071067811865476
vn 0 1 0
vn 0 -1 0
vn -0.9659258262890684 0 0.2588190451025208
vn 0 1 0
vn 0 -1 0
vn -0.9659258262890683 0 -0.25881904510252074
vn 0 1 0
vn 0 -1 0
vn -0.7071067811865477 0 -0.7071067811865475
vn 0 1 0
vn 0 -1 0
vn -0.25881904510252113 0 -0.9659258262890683
vn 0 1 0
vn 0 -1 0
vn 0.2588190451025207 0 -0.9659258262890683
vn 0 1 0
vn 0 -1 0
vn 0.7071067811865475 0 -0.7071067811865477
vn 0 1 0
vn 0 -1 0
vn 0.9659258262890683 0 -0.258819045102521
vn 0 1 0
vn 0 -1 0
usemtl m_3d350775-4e91-ba40-1122-9c9e6fa716aa
f 3268/11281/3065 3270/11282/3065 3265/11283/3065 3269/11284/3065
f 3270/11285/3066 3268/11286/3066 3266/11287/3066
f 3269/11288/3067 3265/11289/3067 3267/11290/3067
f 3270/11291/3068 3271/11292/3068 3272/11293/3068 3265/11294/3068
f 3271/11295/3069 3270/11296/3069 3266/11297/3069
f 3265/11298/3070 3272/11299/3070 3267/11300/3070
f 3271/11301/3071 3273/11302/3071 3274/11303/3071 3272/11304/3071
f 3273/11305/3072 3271/11306/3072 3266/11307/3072
f 3272/11308/3073 3274/11309/3073 3267/11310/3073
f 3273/11311/3074 3275/11312/3074 3276/11313/3074 3274/11314/3074
f 3275/11315/3075 3273/11316/3075 3266/11317/3075
f 3274/11318/3076 3276/11319/3076 3267/11320/3076
f 3275/11321/3077 3277/11322/3077 3278/11323/3077 3276/11324/3077
f 3277/11325/3078 3275/11326/3078 3266/11327/3078
f 3276/11328/3079 3278/11329/3079 3267/11330/3079
f 3277/11331/3080 3279/11332/3080 3280/11333/3080 3278/11334/3080
f 3279/11335/3081 3277/11336/3081 3266/11337/3081
f 3278/11338/3082 3280/11339/3082 3267/11340/3082
f 3279/11341/3083 3281/11342/3083 3282/11343/3083 3280/11344/3083
f 3281/11345/3084 3279/11346/3084 3266/11347/3084
f 3280/11348/3085 3282/11349/3085 3267/11350/3085
f 3281/11351/3086 3283/11352/3086 3284/11353/3086 3282/11354/3086
f 3283/11355/3087 3281/11356/3087 3266/11357/3087
f 3282/11358/3088 3284/11359/3088 3267/11360/3088
f 3283/11361/3089 3285/11362/3089 3286/11363/3089 3284/11364/3089
f 3285/11365/3090 3283/11366/3090 3266/11367/3090
f 3284/11368/3091 3286/11369/3091 3267/11370/3091
f 3285/11371/3092 3287/11372/3092 3288/11373/3092 3286/11374/3092
f 3287/11375/3093 3285/11376/3093 3266/11377/3093
f 3286/11378/3094 3288/11379/3094 3267/11380/3094
f 3287/11381/3095 3289/11382/3095 3290/11383/3095 3288/11384/3095
f 3289/11385/3096 3287/11386/3096 3266/11387/3096
f 3288/11388/3097 3290/11389/3097 3267/11390/3097
f 3289/11391/3098 3268/11392/3098 3269/11393/3098 3290/11394/3098
f 3268/11395/3099 3289/11396/3099 3266/11397/3099
f 3290/11398/3100 3269/11399/3100 3267/11400/3100
o Lime flesh slice
v -0.14375 1.11375 0.3125
v -0.14375 1.05125 0.3125
v -0.08593749999999999 1.11375 0.3125
v -0.08593749999999999 1.05125 0.3125
v -0.09368290634371212 1.11375 0.34140625
v -0.09368290634371212 1.05125 0.34140625
v -0.11484374999999998 1.11375 0.36256709365628786
v -0.11484374999999998 1.05125 0.36256709365628786
v -0.14375 1.11375 0.3703125
v -0.14375 1.05125 0.3703125
v -0.17265624999999998 1.11375 0.36256709365628786
v -0.17265624999999998 1.05125 0.36256709365628786
v -0.19381709365628785 1.11375 0.34140625
v -0.19381709365628785 1.05125 0.34140625
v -0.20156249999999998 1.11375 0.3125
v -0.20156249999999998 1.05125 0.3125
v -0.19381709365628785 1.11375 0.28359375
v -0.19381709365628785 1.05125 0.28359375
v -0.17265625 1.11375 0.26243290634371214
v -0.17265625 1.05125 0.26243290634371214
v -0.14375 1.11375 0.2546875
v -0.14375 1.05125 0.2546875
v -0.11484374999999998 1.11375 0.26243290634371214
v -0.11484374999999998 1.05125 0.26243290634371214
v -0.09368290634371215 1.11375 0.28359375
v -0.09368290634371215 1.05125 0.28359375
vt 0 1
vt 0 1
vt 0 1
vt 0 1
vt 0 1
vt 0 1
vt 0 1
vt 0 1
vt 0 1
vt 0 1
vt 0 1
vt 0 1
vt 0 1
vt 0 1
vt 0 1
vt 0 1
vt 0 1
vt 0 1
vt 0 1
vt 0 1
vt 0 1
vt 0 1
vt 0 1
vt 0 1
vt 0 1
vt 0 1
vt 0 1
vt 0 1
vt 0 1
vt 0 1
vt 0 1
vt 0 1
vt 0 1
vt 0 1
vt 0 1
vt 0 1
vt 0 1
vt 0 1
vt 0 1
vt 0 1
vt 0 1
vt 0 1
vt 0 1
vt 0 1
vt 0 1
vt 0 1
vt 0 1
vt 0 1
vt 0 1
vt 0 1
vt 0 1
vt 0 1
vt 0 1
vt 0 1
vt 0 1
vt 0 1
vt 0 1
vt 0 1
vt 0 1
vt 0 1
vt 0 1
vt 0 1
vt 0 1
vt 0 1
vt 0 1
vt 0 1
vt 0 1
vt 0 1
vt 0 1
vt 0 1
vt 0 1
vt 0 1
vt 0 1
vt 0 1
vt 0 1
vt 0 1
vt 0 1
vt 0 1
vt 0 1
vt 0 1
vt 0 1
vt 0 1
vt 0 1
vt 0 1
vt 0 1
vt 0 1
vt 0 1
vt 0 1
vt 0 1
vt 0 1
vt 0 1
vt 0 1
vt 0 1
vt 0 1
vt 0 1
vt 0 1
vt 0 1
vt 0 1
vt 0 1
vt 0 1
vt 0 1
vt 0 1
vt 0 1
vt 0 1
vt 0 1
vt 0 1
vt 0 1
vt 0 1
vt 0 1
vt 0 1
vt 0 1
vt 0 1
vt 0 1
vt 0 1
vt 0 1
vt 0 1
vt 0 1
vt 0 1
vt 0 1
vt 0 1
vn 0.9659258262890683 0 0.2588190451025207
vn 0 1 0
vn 0 -1 0
vn 0.7071067811865476 0 0.7071067811865475
vn 0 1 0
vn 0 -1 0
vn 0.2588190451025209 0 0.9659258262890684
vn 0 1 0
vn 0 -1 0
vn -0.2588190451025208 0 0.9659258262890683
vn 0 1 0
vn 0 -1 0
vn -0.7071067811865474 0 0.7071067811865477
vn 0 1 0
vn 0 -1 0
vn -0.9659258262890683 0 0.2588190451025208
vn 0 1 0
vn 0 -1 0
vn -0.9659258262890683 0 -0.2588190451025208
vn 0 1 0
vn 0 -1 0
vn -0.7071067811865476 0 -0.7071067811865475
vn 0 1 0
vn 0 -1 0
vn -0.25881904510252124 0 -0.9659258262890682
vn 0 1 0
vn 0 -1 0
vn 0.25881904510252074 0 -0.9659258262890683
vn 0 1 0
vn 0 -1 0
vn 0.7071067811865475 0 -0.7071067811865476
vn 0 1 0
vn 0 -1 0
vn 0.9659258262890683 0 -0.2588190451025212
vn 0 1 0
vn 0 -1 0
usemtl m_bba6b58d-dec6-0051-c898-8620132093d4
f 3293/11401/3101 3295/11402/3101 3296/11403/3101 3294/11404/3101
f 3295/11405/3102 3293/11406/3102 3291/11407/3102
f 3294/11408/3103 3296/11409/3103 3292/11410/3103
f 3295/11411/3104 3297/11412/3104 3298/11413/3104 3296/11414/3104
f 3297/11415/3105 3295/11416/3105 3291/11417/3105
f 3296/11418/3106 3298/11419/3106 3292/11420/3106
f 3297/11421/3107 3299/11422/3107 3300/11423/3107 3298/11424/3107
f 3299/11425/3108 3297/11426/3108 3291/11427/3108
f 3298/11428/3109 3300/11429/3109 3292/11430/3109
f 3299/11431/3110 3301/11432/3110 3302/11433/3110 3300/11434/3110
f 3301/11435/3111 3299/11436/3111 3291/11437/3111
f 3300/11438/3112 3302/11439/3112 3292/11440/3112
f 3301/11441/3113 3303/11442/3113 3304/11443/3113 3302/11444/3113
f 3303/11445/3114 3301/11446/3114 3291/11447/3114
f 3302/11448/3115 3304/11449/3115 3292/11450/3115
f 3303/11451/3116 3305/11452/3116 3306/11453/3116 3304/11454/3116
f 3305/11455/3117 3303/11456/3117 3291/11457/3117
f 3304/11458/3118 3306/11459/3118 3292/11460/3118
f 3305/11461/3119 3307/11462/3119 3308/11463/3119 3306/11464/3119
f 3307/11465/3120 3305/11466/3120 3291/11467/3120
f 3306/11468/3121 3308/11469/3121 3292/11470/3121
f 3307/11471/3122 3309/11472/3122 3310/11473/3122 3308/11474/3122
f 3309/11475/3123 3307/11476/3123 3291/11477/3123
f 3308/11478/3124 3310/11479/3124 3292/11480/3124
f 3309/11481/3125 3311/11482/3125 3312/11483/3125 3310/11484/3125
f 3311/11485/3126 3309/11486/3126 3291/11487/3126
f 3310/11488/3127 3312/11489/3127 3292/11490/3127
f 3311/11491/3128 3313/11492/3128 3314/11493/3128 3312/11494/3128
f 3313/11495/3129 3311/11496/3129 3291/11497/3129
f 3312/11498/3130 3314/11499/3130 3292/11500/3130
f 3313/11501/3131 3315/11502/3131 3316/11503/3131 3314/11504/3131
f 3315/11505/3132 3313/11506/3132 3291/11507/3132
f 3314/11508/3133 3316/11509/3133 3292/11510/3133
f 3315/11511/3134 3293/11512/3134 3294/11513/3134 3316/11514/3134
f 3293/11515/3135 3315/11516/3135 3291/11517/3135
f 3316/11518/3136 3294/11519/3136 3292/11520/3136
o Orange rind slice
v 0.05 1.08125 0.3125
v 0.05 1.01875 0.3125
v 0.121875 1.08125 0.3125
v 0.121875 1.01875 0.3125
v 0.11224557589700654 1.08125 0.3484375
v 0.11224557589700654 1.01875 0.3484375
v 0.0859375 1.08125 0.3747455758970065
v 0.0859375 1.01875 0.3747455758970065
v 0.05000000000000001 1.08125 0.384375
v 0.05000000000000001 1.01875 0.384375
v 0.01406250000000002 1.08125 0.3747455758970065
v 0.01406250000000002 1.01875 0.3747455758970065
v -0.012245575897006526 1.08125 0.3484375
v -0.012245575897006526 1.01875 0.3484375
v -0.02187499999999999 1.08125 0.3125
v -0.02187499999999999 1.01875 0.3125
v -0.01224557589700652 1.08125 0.2765625
v -0.01224557589700652 1.01875 0.2765625
v 0.01406249999999997 1.08125 0.2502544241029935
v 0.01406249999999997 1.01875 0.2502544241029935
v 0.04999999999999999 1.08125 0.240625
v 0.04999999999999999 1.01875 0.240625
v 0.0859375 1.08125 0.2502544241029935
v 0.0859375 1.01875 0.2502544241029935
v 0.11224557589700651 1.08125 0.2765625
v 0.11224557589700651 1.01875 0.2765625
vt 0 1
vt 0 1
vt 0 1
vt 0 1
vt 0 1
vt 0 1
vt 0 1
vt 0 1
vt 0 1
vt 0 1
vt 0 1
vt 0 1
vt 0 1
vt 0 1
vt 0 1
vt 0 1
vt 0 1
vt 0 1
vt 0 1
vt 0 1
vt 0 1
vt 0 1
vt 0 1
vt 0 1
vt 0 1
vt 0 1
vt 0 1
vt 0 1
vt 0 1
vt 0 1
vt 0 1
vt 0 1
vt 0 1
vt 0 1
vt 0 1
vt 0 1
vt 0 1
vt 0 1
vt 0 1
vt 0 1
vt 0 1
vt 0 1
vt 0 1
vt 0 1
vt 0 1
vt 0 1
vt 0 1
vt 0 1
vt 0 1
vt 0 1
vt 0 1
vt 0 1
vt 0 1
vt 0 1
vt 0 1
vt 0 1
vt 0 1
vt 0 1
vt 0 1
vt 0 1
vt 0 1
vt 0 1
vt 0 1
vt 0 1
vt 0 1
vt 0 1
vt 0 1
vt 0 1
vt 0 1
vt 0 1
vt 0 1
vt 0 1
vt 0 1
vt 0 1
vt 0 1
vt 0 1
vt 0 1
vt 0 1
vt 0 1
vt 0 1
vt 0 1
vt 0 1
vt 0 1
vt 0 1
vt 0 1
vt 0 1
vt 0 1
vt 0 1
vt 0 1
vt 0 1
vt 0 1
vt 0 1
vt 0 1
vt 0 1
vt 0 1
vt 0 1
vt 0 1
vt 0 1
vt 0 1
vt 0 1
vt 0 1
vt 0 1
vt 0 1
vt 0 1
vt 0 1
vt 0 1
vt 0 1
vt 0 1
vt 0 1
vt 0 1
vt 0 1
vt 0 1
vt 0 1
vt 0 1
vt 0 1
vt 0 1
vt 0 1
vt 0 1
vt 0 1
vt 0 1
vn 0.9659258262890683 0 0.25881904510252063
vn 0 1 0
vn 0 -1 0
vn 0.7071067811865477 0 0.7071067811865475
vn 0 1 0
vn 0 -1 0
vn 0.2588190451025208 0 0.9659258262890683
vn 0 1 0
vn 0 -1 0
vn -0.25881904510252063 0 0.9659258262890683
vn 0 1 0
vn 0 -1 0
vn -0.7071067811865475 0 0.7071067811865477
vn 0 1 0
vn 0 -1 0
vn -0.9659258262890683 0 0.2588190451025207
vn 0 1 0
vn 0 -1 0
vn -0.9659258262890683 0 -0.2588190451025207
vn 0 1 0
vn 0 -1 0
vn -0.7071067811865477 0 -0.7071067811865475
vn 0 1 0
vn 0 -1 0
vn -0.2588190451025212 0 -0.9659258262890683
vn 0 1 0
vn 0 -1 0
vn 0.25881904510252063 0 -0.9659258262890683
vn 0 1 0
vn 0 -1 0
vn 0.7071067811865475 0 -0.7071067811865477
vn 0 1 0
vn 0 -1 0
vn 0.9659258262890682 0 -0.2588190451025211
vn 0 1 0
vn 0 -1 0
usemtl m_719a2801-c655-ef30-226f-ce277e99db15
f 3319/11521/3137 3321/11522/3137 3322/11523/3137 3320/11524/3137
f 3321/11525/3138 3319/11526/3138 3317/11527/3138
f 3320/11528/3139 3322/11529/3139 3318/11530/3139
f 3321/11531/3140 3323/11532/3140 3324/11533/3140 3322/11534/3140
f 3323/11535/3141 3321/11536/3141 3317/11537/3141
f 3322/11538/3142 3324/11539/3142 3318/11540/3142
f 3323/11541/3143 3325/11542/3143 3326/11543/3143 3324/11544/3143
f 3325/11545/3144 3323/11546/3144 3317/11547/3144
f 3324/11548/3145 3326/11549/3145 3318/11550/3145
f 3325/11551/3146 3327/11552/3146 3328/11553/3146 3326/11554/3146
f 3327/11555/3147 3325/11556/3147 3317/11557/3147
f 3326/11558/3148 3328/11559/3148 3318/11560/3148
f 3327/11561/3149 3329/11562/3149 3330/11563/3149 3328/11564/3149
f 3329/11565/3150 3327/11566/3150 3317/11567/3150
f 3328/11568/3151 3330/11569/3151 3318/11570/3151
f 3329/11571/3152 3331/11572/3152 3332/11573/3152 3330/11574/3152
f 3331/11575/3153 3329/11576/3153 3317/11577/3153
f 3330/11578/3154 3332/11579/3154 3318/11580/3154
f 3331/11581/3155 3333/11582/3155 3334/11583/3155 3332/11584/3155
f 3333/11585/3156 3331/11586/3156 3317/11587/3156
f 3332/11588/3157 3334/11589/3157 3318/11590/3157
f 3333/11591/3158 3335/11592/3158 3336/11593/3158 3334/11594/3158
f 3335/11595/3159 3333/11596/3159 3317/11597/3159
f 3334/11598/3160 3336/11599/3160 3318/11600/3160
f 3335/11601/3161 3337/11602/3161 3338/11603/3161 3336/11604/3161
f 3337/11605/3162 3335/11606/3162 3317/11607/3162
f 3336/11608/3163 3338/11609/3163 3318/11610/3163
f 3337/11611/3164 3339/11612/3164 3340/11613/3164 3338/11614/3164
f 3339/11615/3165 3337/11616/3165 3317/11617/3165
f 3338/11618/3166 3340/11619/3166 3318/11620/3166
f 3339/11621/3167 3341/11622/3167 3342/11623/3167 3340/11624/3167
f 3341/11625/3168 3339/11626/3168 3317/11627/3168
f 3340/11628/3169 3342/11629/3169 3318/11630/3169
f 3341/11631/3170 3319/11632/3170 3320/11633/3170 3342/11634/3170
f 3319/11635/3171 3341/11636/3171 3317/11637/3171
f 3342/11638/3172 3320/11639/3172 3318/11640/3172
o Orange flesh
v 0.05 1.145 0.3125
v 0.05 1.0825 0.3125
v 0.10625000000000001 1.145 0.3125
v 0.10625000000000001 1.0825 0.3125
v 0.09871392896287468 1.145 0.340625
v 0.09871392896287468 1.0825 0.340625
v 0.07812500000000001 1.145 0.3612139289628747
v 0.07812500000000001 1.0825 0.3612139289628747
v 0.05 1.145 0.36875
v 0.05 1.0825 0.36875
v 0.021875000000000016 1.145 0.3612139289628747
v 0.021875000000000016 1.0825 0.3612139289628747
v 0.0012860710371253234 1.145 0.340625
v 0.0012860710371253234 1.0825 0.340625
v -0.006249999999999999 1.145 0.3125
v -0.006249999999999999 1.0825 0.3125
v 0.0012860710371253303 1.145 0.284375
v 0.0012860710371253303 1.0825 0.284375
v 0.021874999999999978 1.145 0.26378607103712537
v 0.021874999999999978 1.0825 0.26378607103712537
v 0.049999999999999996 1.145 0.25625
v 0.049999999999999996 1.0825 0.25625
v 0.07812500000000001 1.145 0.2637860710371253
v 0.07812500000000001 1.0825 0.2637860710371253
v 0.09871392896287466 1.145 0.284375
v 0.09871392896287466 1.0825 0.284375
vt 0 1
vt 0 1
vt 0 1
vt 0 1
vt 0 1
vt 0 1
vt 0 1
vt 0 1
vt 0 1
vt 0 1
vt 0 1
vt 0 1
vt 0 1
vt 0 1
vt 0 1
vt 0 1
vt 0 1
vt 0 1
vt 0 1
vt 0 1
vt 0 1
vt 0 1
vt 0 1
vt 0 1
vt 0 1
vt 0 1
vt 0 1
vt 0 1
vt 0 1
vt 0 1
vt 0 1
vt 0 1
vt 0 1
vt 0 1
vt 0 1
vt 0 1
vt 0 1
vt 0 1
vt 0 1
vt 0 1
vt 0 1
vt 0 1
vt 0 1
vt 0 1
vt 0 1
vt 0 1
vt 0 1
vt 0 1
vt 0 1
vt 0 1
vt 0 1
vt 0 1
vt 0 1
vt 0 1
vt 0 1
vt 0 1
vt 0 1
vt 0 1
vt 0 1
vt 0 1
vt 0 1
vt 0 1
vt 0 1
vt 0 1
vt 0 1
vt 0 1
vt 0 1
vt 0 1
vt 0 1
vt 0 1
vt 0 1
vt 0 1
vt 0 1
vt 0 1
vt 0 1
vt 0 1
vt 0 1
vt 0 1
vt 0 1
vt 0 1
vt 0 1
vt 0 1
vt 0 1
vt 0 1
vt 0 1
vt 0 1
vt 0 1
vt 0 1
vt 0 1
vt 0 1
vt 0 1
vt 0 1
vt 0 1
vt 0 1
vt 0 1
vt 0 1
vt 0 1
vt 0 1
vt 0 1
vt 0 1
vt 0 1
vt 0 1
vt 0 1
vt 0 1
vt 0 1
vt 0 1
vt 0 1
vt 0 1
vt 0 1
vt 0 1
vt 0 1
vt 0 1
vt 0 1
vt 0 1
vt 0 1
vt 0 1
vt 0 1
vt 0 1
vt 0 1
vt 0 1
vn 0.9659258262890684 0 0.2588190451025207
vn 0 1 0
vn 0 -1 0
vn 0.7071067811865477 0 0.7071067811865475
vn 0 1 0
vn 0 -1 0
vn 0.2588190451025208 0 0.9659258262890683
vn 0 1 0
vn 0 -1 0
vn -0.25881904510252074 0 0.9659258262890684
vn 0 1 0
vn 0 -1 0
vn -0.7071067811865474 0 0.7071067811865477
vn 0 1 0
vn 0 -1 0
vn -0.9659258262890684 0 0.25881904510252074
vn 0 1 0
vn 0 -1 0
vn -0.9659258262890683 0 -0.25881904510252074
vn 0 1 0
vn 0 -1 0
vn -0.7071067811865476 0 -0.7071067811865475
vn 0 1 0
vn 0 -1 0
vn -0.2588190451025212 0 -0.9659258262890682
vn 0 1 0
vn 0 -1 0
vn 0.2588190451025207 0 -0.9659258262890683
vn 0 1 0
vn 0 -1 0
vn 0.7071067811865475 0 -0.7071067811865476
vn 0 1 0
vn 0 -1 0
vn 0.9659258262890682 0 -0.2588190451025211
vn 0 1 0
vn 0 -1 0
usemtl m_719a2801-c655-ef30-226f-ce277e99db15
f 3345/11641/3173 3347/11642/3173 3348/11643/3173 3346/11644/3173
f 3347/11645/3174 3345/11646/3174 3343/11647/3174
f 3346/11648/3175 3348/11649/3175 3344/11650/3175
f 3347/11651/3176 3349/11652/3176 3350/11653/3176 3348/11654/3176
f 3349/11655/3177 3347/11656/3177 3343/11657/3177
f 3348/11658/3178 3350/11659/3178 3344/11660/3178
f 3349/11661/3179 3351/11662/3179 3352/11663/3179 3350/11664/3179
f 3351/11665/3180 3349/11666/3180 3343/11667/3180
f 3350/11668/3181 3352/11669/3181 3344/11670/3181
f 3351/11671/3182 3353/11672/3182 3354/11673/3182 3352/11674/3182
f 3353/11675/3183 3351/11676/3183 3343/11677/3183
f 3352/11678/3184 3354/11679/3184 3344/11680/3184
f 3353/11681/3185 3355/11682/3185 3356/11683/3185 3354/11684/3185
f 3355/11685/3186 3353/11686/3186 3343/11687/3186
f 3354/11688/3187 3356/11689/3187 3344/11690/3187
f 3355/11691/3188 3357/11692/3188 3358/11693/3188 3356/11694/3188
f 3357/11695/3189 3355/11696/3189 3343/11697/3189
f 3356/11698/3190 3358/11699/3190 3344/11700/3190
f 3357/11701/3191 3359/11702/3191 3360/11703/3191 3358/11704/3191
f 3359/11705/3192 3357/11706/3192 3343/11707/3192
f 3358/11708/3193 3360/11709/3193 3344/11710/3193
f 3359/11711/3194 3361/11712/3194 3362/11713/3194 3360/11714/3194
f 3361/11715/3195 3359/11716/3195 3343/11717/3195
f 3360/11718/3196 3362/11719/3196 3344/11720/3196
f 3361/11721/3197 3363/11722/3197 3364/11723/3197 3362/11724/3197
f 3363/11725/3198 3361/11726/3198 3343/11727/3198
f 3362/11728/3199 3364/11729/3199 3344/11730/3199
f 3363/11731/3200 3365/11732/3200 3366/11733/3200 3364/11734/3200
f 3365/11735/3201 3363/11736/3201 3343/11737/3201
f 3364/11738/3202 3366/11739/3202 3344/11740/3202
f 3365/11741/3203 3367/11742/3203 3368/11743/3203 3366/11744/3203
f 3367/11745/3204 3365/11746/3204 3343/11747/3204
f 3366/11748/3205 3368/11749/3205 3344/11750/3205
f 3367/11751/3206 3345/11752/3206 3346/11753/3206 3368/11754/3206
f 3345/11755/3207 3367/11756/3207 3343/11757/3207
f 3368/11758/3208 3346/11759/3208 3344/11760/3208
o Orange pith
v 0.05 1.1125 0.3125
v 0.05 1.05 0.3125
v 0.1125 1.1125 0.3125
v 0.1125 1.05 0.3125
v 0.10412658773652742 1.1125 0.34375
v 0.10412658773652742 1.05 0.34375
v 0.08125000000000002 1.1125 0.3666265877365274
v 0.08125000000000002 1.05 0.3666265877365274
v 0.05000000000000001 1.1125 0.375
v 0.05000000000000001 1.05 0.375
v 0.018750000000000017 1.1125 0.3666265877365274
v 0.018750000000000017 1.05 0.3666265877365274
v -0.0041265877365274165 1.1125 0.34375
v -0.0041265877365274165 1.05 0.34375
v -0.012499999999999997 1.1125 0.3125
v -0.012499999999999997 1.05 0.3125
v -0.0041265877365274095 1.1125 0.28125
v -0.0041265877365274095 1.05 0.28125
v 0.018749999999999975 1.1125 0.2583734122634726
v 0.018749999999999975 1.05 0.2583734122634726
v 0.04999999999999999 1.1125 0.25
v 0.04999999999999999 1.05 0.25
v 0.08125000000000002 1.1125 0.2583734122634726
v 0.08125000000000002 1.05 0.2583734122634726
v 0.1041265877365274 1.1125 0.28125
v 0.1041265877365274 1.05 0.28125
vt 0 1
vt 0 1
vt 0 1
vt 0 1
vt 0 1
vt 0 1
vt 0 1
vt 0 1
vt 0 1
vt 0 1
vt 0 1
vt 0 1
vt 0 1
vt 0 1
vt 0 1
vt 0 1
vt 0 1
vt 0 1
vt 0 1
vt 0 1
vt 0 1
vt 0 1
vt 0 1
vt 0 1
vt 0 1
vt 0 1
vt 0 1
vt 0 1
vt 0 1
vt 0 1
vt 0 1
vt 0 1
vt 0 1
vt 0 1
vt 0 1
vt 0 1
vt 0 1
vt 0 1
vt 0 1
vt 0 1
vt 0 1
vt 0 1
vt 0 1
vt 0 1
vt 0 1
vt 0 1
vt 0 1
vt 0 1
vt 0 1
vt 0 1
vt 0 1
vt 0 1
vt 0 1
vt 0 1
vt 0 1
vt 0 1
vt 0 1
vt 0 1
vt 0 1
vt 0 1
vt 0 1
vt 0 1
vt 0 1
vt 0 1
vt 0 1
vt 0 1
vt 0 1
vt 0 1
vt 0 1
vt 0 1
vt 0 1
vt 0 1
vt 0 1
vt 0 1
vt 0 1
vt 0 1
vt 0 1
vt 0 1
vt 0 1
vt 0 1
vt 0 1
vt 0 1
vt 0 1
vt 0 1
vt 0 1
vt 0 1
vt 0 1
vt 0 1
vt 0 1
vt 0 1
vt 0 1
vt 0 1
vt 0 1
vt 0 1
vt 0 1
vt 0 1
vt 0 1
vt 0 1
vt 0 1
vt 0 1
vt 0 1
vt 0 1
vt 0 1
vt 0 1
vt 0 1
vt 0 1
vt 0 1
vt 0 1
vt 0 1
vt 0 1
vt 0 1
vt 0 1
vt 0 1
vt 0 1
vt 0 1
vt 0 1
vt 0 1
vt 0 1
vt 0 1
vt 0 1
vn 0.9659258262890683 0 0.2588190451025207
vn 0 1 0
vn 0 -1 0
vn 0.7071067811865476 0 0.7071067811865475
vn 0 1 0
vn 0 -1 0
vn 0.25881904510252085 0 0.9659258262890682
vn 0 1 0
vn 0 -1 0
vn -0.25881904510252074 0 0.9659258262890683
vn 0 1 0
vn 0 -1 0
vn -0.7071067811865474 0 0.7071067811865477
vn 0 1 0
vn 0 -1 0
vn -0.9659258262890683 0 0.25881904510252074
vn 0 1 0
vn 0 -1 0
vn -0.9659258262890684 0 -0.2588190451025208
vn 0 1 0
vn 0 -1 0
vn -0.7071067811865477 0 -0.7071067811865475
vn 0 1 0
vn 0 -1 0
vn -0.25881904510252113 0 -0.9659258262890682
vn 0 1 0
vn 0 -1 0
vn 0.25881904510252074 0 -0.9659258262890684
vn 0 1 0
vn 0 -1 0
vn 0.7071067811865475 0 -0.7071067811865477
vn 0 1 0
vn 0 -1 0
vn 0.9659258262890682 0 -0.258819045102521
vn 0 1 0
vn 0 -1 0
usemtl m_93f59801-480a-0429-8202-ba159162f3a9
f 3371/11761/3209 3373/11762/3209 3374/11763/3209 3372/11764/3209
f 3373/11765/3210 3371/11766/3210 3369/11767/3210
f 3372/11768/3211 3374/11769/3211 3370/11770/3211
f 3373/11771/3212 3375/11772/3212 3376/11773/3212 3374/11774/3212
f 3375/11775/3213 3373/11776/3213 3369/11777/3213
f 3374/11778/3214 3376/11779/3214 3370/11780/3214
f 3375/11781/3215 3377/11782/3215 3378/11783/3215 3376/11784/3215
f 3377/11785/3216 3375/11786/3216 3369/11787/3216
f 3376/11788/3217 3378/11789/3217 3370/11790/3217
f 3377/11791/3218 3379/11792/3218 3380/11793/3218 3378/11794/3218
f 3379/11795/3219 3377/11796/3219 3369/11797/3219
f 3378/11798/3220 3380/11799/3220 3370/11800/3220
f 3379/11801/3221 3381/11802/3221 3382/11803/3221 3380/11804/3221
f 3381/11805/3222 3379/11806/3222 3369/11807/3222
f 3380/11808/3223 3382/11809/3223 3370/11810/3223
f 3381/11811/3224 3383/11812/3224 3384/11813/3224 3382/11814/3224
f 3383/11815/3225 3381/11816/3225 3369/11817/3225
f 3382/11818/3226 3384/11819/3226 3370/11820/3226
f 3383/11821/3227 3385/11822/3227 3386/11823/3227 3384/11824/3227
f 3385/11825/3228 3383/11826/3228 3369/11827/3228
f 3384/11828/3229 3386/11829/3229 3370/11830/3229
f 3385/11831/3230 3387/11832/3230 3388/11833/3230 3386/11834/3230
f 3387/11835/3231 3385/11836/3231 3369/11837/3231
f 3386/11838/3232 3388/11839/3232 3370/11840/3232
f 3387/11841/3233 3389/11842/3233 3390/11843/3233 3388/11844/3233
f 3389/11845/3234 3387/11846/3234 3369/11847/3234
f 3388/11848/3235 3390/11849/3235 3370/11850/3235
f 3389/11851/3236 3391/11852/3236 3392/11853/3236 3390/11854/3236
f 3391/11855/3237 3389/11856/3237 3369/11857/3237
f 3390/11858/3238 3392/11859/3238 3370/11860/3238
f 3391/11861/3239 3393/11862/3239 3394/11863/3239 3392/11864/3239
f 3393/11865/3240 3391/11866/3240 3369/11867/3240
f 3392/11868/3241 3394/11869/3241 3370/11870/3241
f 3393/11871/3242 3371/11872/3242 3372/11873/3242 3394/11874/3242
f 3371/11875/3243 3393/11876/3243 3369/11877/3243
f 3394/11878/3244 3372/11879/3244 3370/11880/3244
o Recipe book lower cover
v 0.64375 1.02375 0.48125
v 0.64375 1.02375 0.2
v 0.64375 1.0075 0.48125
v 0.64375 1.0075 0.2
v 0.3125 1.02375 0.2
v 0.3125 1.02375 0.48125
v 0.3125 1.0075 0.2
v 0.3125 1.0075 0.48125
vt 0 1
vt 0.33125000000000004 1
vt 0.33125000000000004 0.9837500000000001
vt 0 0.9837500000000001
vt 0 1
vt 0.28125 1
vt 0.28125 0.9837500000000001
vt 0 0.9837500000000001
vt 0 1
vt 0.33125000000000004 1
vt 0.33125000000000004 0.9837500000000001
vt 0 0.9837500000000001
vt 0 1
vt 0.28125 1
vt 0.28125 0.9837500000000001
vt 0 0.9837500000000001
vt 0 1
vt 0.33125000000000004 1
vt 0.33125000000000004 0.71875
vt 0 0.71875
vt 0 1
vt 0.33125000000000004 1
vt 0.33125000000000004 0.71875
vt 0 0.71875
vn 0 0 -1
vn 1 0 0
vn 0 0 1
vn -1 0 0
vn 0 1 0
vn 0 -1 0
usemtl m_c92716ef-70c0-0713-d1a3-52829f52fa10
f 3398/11884/3245 3401/11883/3245 3399/11882/3245 3396/11881/3245
f 3397/11888/3246 3398/11887/3246 3396/11886/3246 3395/11885/3246
f 3402/11892/3247 3397/11891/3247 3395/11890/3247 3400/11889/3247
f 3401/11896/3248 3402/11895/3248 3400/11894/3248 3399/11893/3248
f 3400/11900/3249 3395/11899/3249 3396/11898/3249 3399/11897/3249
f 3401/11904/3250 3398/11903/3250 3397/11902/3250 3402/11901/3250
o Recipe book upper cover
v 0.64375 1.078125 0.48125
v 0.64375 1.078125 0.2
v 0.64375 1.0625 0.48125
v 0.64375 1.0625 0.2
v 0.3125 1.078125 0.2
v 0.3125 1.078125 0.48125
v 0.3125 1.0625 0.2
v 0.3125 1.0625 0.48125
vt 0 1
vt 0.33125000000000004 1
vt 0.33125000000000004 0.984375
vt 0 0.984375
vt 0 1
vt 0.28125 1
vt 0.28125 0.984375
vt 0 0.984375
vt 0 1
vt 0.33125000000000004 1
vt 0.33125000000000004 0.984375
vt 0 0.984375
vt 0 1
vt 0.28125 1
vt 0.28125 0.984375
vt 0 0.984375
vt 0 1
vt 0.33125000000000004 1
vt 0.33125000000000004 0.71875
vt 0 0.71875
vt 0 1
vt 0.33125000000000004 1
vt 0.33125000000000004 0.71875
vt 0 0.71875
vn 0 0 -1
vn 1 0 0
vn 0 0 1
vn -1 0 0
vn 0 1 0
vn 0 -1 0
usemtl m_c92716ef-70c0-0713-d1a3-52829f52fa10
f 3406/11908/3251 3409/11907/3251 3407/11906/3251 3404/11905/3251
f 3405/11912/3252 3406/11911/3252 3404/11910/3252 3403/11909/3252
f 3410/11916/3253 3405/11915/3253 3403/11914/3253 3408/11913/3253
f 3409/11920/3254 3410/11919/3254 3408/11918/3254 3407/11917/3254
f 3408/11924/3255 3403/11923/3255 3404/11922/3255 3407/11921/3255
f 3409/11928/3256 3406/11927/3256 3405/11926/3256 3410/11925/3256
o Recipe page block
v 0.634375 1.0625 0.47187499999999993
v 0.634375 1.0625 0.20937499999999998
v 0.634375 1.0237499999999997 0.47187499999999993
v 0.634375 1.0237499999999997 0.20937499999999998
v 0.321875 1.0625 0.20937499999999998
v 0.321875 1.0625 0.47187499999999993
v 0.321875 1.0237499999999997 0.20937499999999998
v 0.321875 1.0237499999999997 0.47187499999999993
vt 0 1
vt 0.3125 1
vt 0.3125 0.9612499999999999
vt 0 0.9612499999999999
vt 0 1
vt 0.26249999999999996 1
vt 0.26249999999999996 0.9612499999999999
vt 0 0.9612499999999999
vt 0 1
vt 0.3125 1
vt 0.3125 0.9612499999999999
vt 0 0.9612499999999999
vt 0 1
vt 0.26249999999999996 1
vt 0.26249999999999996 0.9612499999999999
vt 0 0.9612499999999999
vt 0 1
vt 0.3125 1
vt 0.3125 0.7375
vt 0 0.7375
vt 0 1
vt 0.3125 1
vt 0.3125 0.7375
vt 0 0.7375
vn 0 0 -1
vn 1 0 0
vn 0 0 1
vn -1 0 0
vn 0 1 0
vn 0 -1 0
usemtl m_93f59801-480a-0429-8202-ba159162f3a9
f 3414/11932/3257 3417/11931/3257 3415/11930/3257 3412/11929/3257
f 3413/11936/3258 3414/11935/3258 3412/11934/3258 3411/11933/3258
f 3418/11940/3259 3413/11939/3259 3411/11938/3259 3416/11937/3259
f 3417/11944/3260 3418/11943/3260 3416/11942/3260 3415/11941/3260
f 3416/11948/3261 3411/11947/3261 3412/11946/3261 3415/11945/3261
f 3417/11952/3262 3414/11951/3262 3413/11950/3262 3418/11949/3262
o Cover border 3.65
v 0.6125 1.08125 0.234375
v 0.6125 1.08125 0.22812500000000002
v 0.6125 1.07875 0.234375
v 0.6125 1.07875 0.22812500000000002
v 0.34375 1.08125 0.22812500000000002
v 0.34375 1.08125 0.234375
v 0.34375 1.07875 0.22812500000000002
v 0.34375 1.07875 0.234375
vt 0 1
vt 0.26875000000000004 1
vt 0.26875000000000004 0.9975
vt 0 0.9975
vt 0 1
vt 0.0062500000000000056 1
vt 0.0062500000000000056 0.9975
vt 0 0.9975
vt 0 1
vt 0.26875000000000004 1
vt 0.26875000000000004 0.9975
vt 0 0.9975
vt 0 1
vt 0.0062500000000000056 1
vt 0.0062500000000000056 0.9975
vt 0 0.9975
vt 0 1
vt 0.26875000000000004 1
vt 0.26875000000000004 0.99375
vt 0 0.99375
vt 0 1
vt 0.26875000000000004 1
vt 0.26875000000000004 0.99375
vt 0 0.99375
vn 0 0 -1
vn 1 0 0
vn 0 0 1
vn -1 0 0
vn 0 1 0
vn 0 -1 0
usemtl m_d8f9e20d-cb26-cbd2-2d92-4056c16cacbf
f 3422/11956/3263 3425/11955/3263 3423/11954/3263 3420/11953/3263
f 3421/11960/3264 3422/11959/3264 3420/11958/3264 3419/11957/3264
f 3426/11964/3265 3421/11963/3265 3419/11962/3265 3424/11961/3265
f 3425/11968/3266 3426/11967/3266 3424/11966/3266 3423/11965/3266
f 3424/11972/3267 3419/11971/3267 3420/11970/3267 3423/11969/3267
f 3425/11976/3268 3422/11975/3268 3421/11974/3268 3426/11973/3268
o Cover border 7.1
v 0.6125 1.08125 0.44999999999999996
v 0.6125 1.08125 0.44375
v 0.6125 1.07875 0.44999999999999996
v 0.6125 1.07875 0.44375
v 0.34375 1.08125 0.44375
v 0.34375 1.08125 0.44999999999999996
v 0.34375 1.07875 0.44375
v 0.34375 1.07875 0.44999999999999996
vt 0 1
vt 0.26875000000000004 1
vt 0.26875000000000004 0.9975
vt 0 0.9975
vt 0 1
vt 0.006249999999999978 1
vt 0.006249999999999978 0.9975
vt 0 0.9975
vt 0 1
vt 0.26875000000000004 1
vt 0.26875000000000004 0.9975
vt 0 0.9975
vt 0 1
vt 0.006249999999999978 1
vt 0.006249999999999978 0.9975
vt 0 0.9975
vt 0 1
vt 0.26875000000000004 1
vt 0.26875000000000004 0.99375
vt 0 0.99375
vt 0 1
vt 0.26875000000000004 1
vt 0.26875000000000004 0.99375
vt 0 0.99375
vn 0 0 -1
vn 1 0 0
vn 0 0 1
vn -1 0 0
vn 0 1 0
vn 0 -1 0
usemtl m_d8f9e20d-cb26-cbd2-2d92-4056c16cacbf
f 3430/11980/3269 3433/11979/3269 3431/11978/3269 3428/11977/3269
f 3429/11984/3270 3430/11983/3270 3428/11982/3270 3427/11981/3270
f 3434/11988/3271 3429/11987/3271 3427/11986/3271 3432/11985/3271
f 3433/11992/3272 3434/11991/3272 3432/11990/3272 3431/11989/3272
f 3432/11996/3273 3427/11995/3273 3428/11994/3273 3431/11993/3273
f 3433/12000/3274 3430/11999/3274 3429/11998/3274 3434/11997/3274
o Book spine band
v 0.3375 1.0812500000000003 0.359375
v 0.3375 1.0812500000000003 0.33125000000000004
v 0.3375 1.025 0.359375
v 0.3375 1.025 0.33125000000000004
v 0.3125 1.0812500000000003 0.33125000000000004
v 0.3125 1.0812500000000003 0.359375
v 0.3125 1.025 0.33125000000000004
v 0.3125 1.025 0.359375
vt 0 1
vt 0.025000000000000022 1
vt 0.025000000000000022 0.9437499999999999
vt 0 0.9437499999999999
vt 0 1
vt 0.02812500000000001 1
vt 0.02812500000000001 0.9437499999999999
vt 0 0.9437499999999999
vt 0 1
vt 0.025000000000000022 1
vt 0.025000000000000022 0.9437499999999999
vt 0 0.9437499999999999
vt 0 1
vt 0.02812500000000001 1
vt 0.02812500000000001 0.9437499999999999
vt 0 0.9437499999999999
vt 0 1
vt 0.025000000000000022 1
vt 0.025000000000000022 0.971875
vt 0 0.971875
vt 0 1
vt 0.025000000000000022 1
vt 0.025000000000000022 0.971875
vt 0 0.971875
vn 0 0 -1
vn 1 0 0
vn 0 0 1
vn -1 0 0
vn 0 1 0
vn 0 -1 0
usemtl m_d8f9e20d-cb26-cbd2-2d92-4056c16cacbf
f 3438/12004/3275 3441/12003/3275 3439/12002/3275 3436/12001/3275
f 3437/12008/3276 3438/12007/3276 3436/12006/3276 3435/12005/3276
f 3442/12012/3277 3437/12011/3277 3435/12010/3277 3440/12009/3277
f 3441/12016/3278 3442/12015/3278 3440/12014/3278 3439/12013/3278
f 3440/12020/3279 3435/12019/3279 3436/12018/3279 3439/12017/3279
f 3441/12024/3280 3438/12023/3280 3437/12022/3280 3442/12021/3280
o Book clasp
v 0.63125 1.0906249999999997 0.490625
v 0.63125 1.0906249999999997 0.46875
v 0.63125 1.0375 0.490625
v 0.63125 1.0375 0.46875
v 0.603125 1.0906249999999997 0.46875
v 0.603125 1.0906249999999997 0.490625
v 0.603125 1.0375 0.46875
v 0.603125 1.0375 0.490625
vt 0 1
vt 0.028124999999999956 1
vt 0.028124999999999956 0.9468750000000001
vt 0 0.9468750000000001
vt 0 1
vt 0.021874999999999978 1
vt 0.021874999999999978 0.9468750000000001
vt 0 0.9468750000000001
vt 0 1
vt 0.028124999999999956 1
vt 0.028124999999999956 0.9468750000000001
vt 0 0.9468750000000001
vt 0 1
vt 0.021874999999999978 1
vt 0.021874999999999978 0.9468750000000001
vt 0 0.9468750000000001
vt 0 1
vt 0.028124999999999956 1
vt 0.028124999999999956 0.978125
vt 0 0.978125
vt 0 1
vt 0.028124999999999956 1
vt 0.028124999999999956 0.978125
vt 0 0.978125
vn 0 0 -1
vn 1 0 0
vn 0 0 1
vn -1 0 0
vn 0 1 0
vn 0 -1 0
usemtl m_d8f9e20d-cb26-cbd2-2d92-4056c16cacbf
f 3446/12028/3281 3449/12027/3281 3447/12026/3281 3444/12025/3281
f 3445/12032/3282 3446/12031/3282 3444/12030/3282 3443/12029/3282
f 3450/12036/3283 3445/12035/3283 3443/12034/3283 3448/12033/3283
f 3449/12040/3284 3450/12039/3284 3448/12038/3284 3447/12037/3284
f 3448/12044/3285 3443/12043/3285 3444/12042/3285 3447/12041/3285
f 3449/12048/3286 3446/12047/3286 3445/12046/3286 3450/12045/3286
o Book fruit motif
v 0.5375 1.0875 0.39375
v 0.5375 1.0875 0.3
v 0.5375 1.0787499999999999 0.39375
v 0.5375 1.0787499999999999 0.3
v 0.44375 1.0875 0.3
v 0.44375 1.0875 0.39375
v 0.44375 1.0787499999999999 0.3
v 0.44375 1.0787499999999999 0.39375
vt 0 1
vt 0.09375 1
vt 0.09375 0.9912500000000002
vt 0 0.9912500000000002
vt 0 1
vt 0.09375 1
vt 0.09375 0.9912500000000002
vt 0 0.9912500000000002
vt 0 1
vt 0.09375 1
vt 0.09375 0.9912500000000002
vt 0 0.9912500000000002
vt 0 1
vt 0.09375 1
vt 0.09375 0.9912500000000002
vt 0 0.9912500000000002
vt 0 1
vt 0.09375 1
vt 0.09375 0.90625
vt 0 0.90625
vt 0 1
vt 0.09375 1
vt 0.09375 0.90625
vt 0 0.90625
vn 0 0 -1
vn 1 0 0
vn 0 0 1
vn -1 0 0
vn 0 1 0
vn 0 -1 0
usemtl m_719a2801-c655-ef30-226f-ce277e99db15
f 3454/12052/3287 3457/12051/3287 3455/12050/3287 3452/12049/3287
f 3453/12056/3288 3454/12055/3288 3452/12054/3288 3451/12053/3288
f 3458/12060/3289 3453/12059/3289 3451/12058/3289 3456/12057/3289
f 3457/12064/3290 3458/12063/3290 3456/12062/3290 3455/12061/3290
f 3456/12068/3291 3451/12067/3291 3452/12066/3291 3455/12065/3291
f 3457/12072/3292 3454/12071/3292 3453/12070/3292 3458/12069/3292
o Book leaf motif
v 0.5483038931811252 1.0899999999999999 0.2892912846968699
v 0.5350970725017282 1.0899999999999999 0.26096916635197454
v 0.5483038931811252 1.08 0.2892912846968699
v 0.5350970725017282 1.08 0.26096916635197454
v 0.49544610681887485 1.0899999999999999 0.2794587153031301
v 0.5086529274982717 1.0899999999999999 0.30778083364802544
v 0.49544610681887485 1.08 0.2794587153031301
v 0.5086529274982717 1.08 0.30778083364802544
vt 0 1
vt 0.043749999999999956 1
vt 0.043749999999999956 0.99
vt 0 0.99
vt 0 1
vt 0.03125 1
vt 0.03125 0.99
vt 0 0.99
vt 0 1
vt 0.043749999999999956 1
vt 0.043749999999999956 0.99
vt 0 0.99
vt 0 1
vt 0.03125 1
vt 0.03125 0.99
vt 0 0.99
vt 0 1
vt 0.043749999999999956 1
vt 0.043749999999999956 0.96875
vt 0 0.96875
vt 0 1
vt 0.043749999999999956 1
vt 0.043749999999999956 0.96875
vt 0 0.96875
vn -0.42261826174069944 0 -0.9063077870366499
vn 0.9063077870366499 0 -0.42261826174069944
vn 0.42261826174069944 0 0.9063077870366499
vn -0.9063077870366499 0 0.42261826174069944
vn 0 1 0
vn 0 -1 0
usemtl m_3d350775-4e91-ba40-1122-9c9e6fa716aa
f 3462/12076/3293 3465/12075/3293 3463/12074/3293 3460/12073/3293
f 3461/12080/3294 3462/12079/3294 3460/12078/3294 3459/12077/3294
f 3466/12084/3295 3461/12083/3295 3459/12082/3295 3464/12081/3295
f 3465/12088/3296 3466/12087/3296 3464/12086/3296 3463/12085/3296
f 3464/12092/3297 3459/12091/3297 3460/12090/3297 3463/12089/3297
f 3465/12096/3298 3462/12095/3298 3461/12094/3298 3466/12093/3298
o Front station plaque
v 0.16875 0.875 0.425
v 0.16875 0.875 0.409375
v 0.16875 0.73125 0.425
v 0.16875 0.73125 0.409375
v -0.16875 0.875 0.409375
v -0.16875 0.875 0.425
v -0.16875 0.73125 0.409375
v -0.16875 0.73125 0.425
vt 0 1
vt 0.3375 1
vt 0.3375 0.85625
vt 0 0.85625
vt 0 1
vt 0.015625 1
vt 0.015625 0.85625
vt 0 0.85625
vt 0 1
vt 0.3375 1
vt 0.3375 0.85625
vt 0 0.85625
vt 0 1
vt 0.015625 1
vt 0.015625 0.85625
vt 0 0.85625
vt 0 1
vt 0.3375 1
vt 0.3375 0.984375
vt 0 0.984375
vt 0 1
vt 0.3375 1
vt 0.3375 0.984375
vt 0 0.984375
vn 0 0 -1
vn 1 0 0
vn 0 0 1
vn -1 0 0
vn 0 1 0
vn 0 -1 0
usemtl m_b857fb66-1ffc-7849-b518-f1f88c078ca1
f 3470/12100/3299 3473/12099/3299 3471/12098/3299 3468/12097/3299
f 3469/12104/3300 3470/12103/3300 3468/12102/3300 3467/12101/3300
f 3474/12108/3301 3469/12107/3301 3467/12106/3301 3472/12105/3301
f 3473/12112/3302 3474/12111/3302 3472/12110/3302 3471/12109/3302
f 3472/12116/3303 3467/12115/3303 3468/12114/3303 3471/12113/3303
f 3473/12120/3304 3470/12119/3304 3469/12118/3304 3474/12117/3304
o Plaque upper border
v 0.16875 0.875 0.43
v 0.16875 0.875 0.425625
v 0.16875 0.8625 0.43
v 0.16875 0.8625 0.425625
v -0.16875 0.875 0.425625
v -0.16875 0.875 0.43
v -0.16875 0.8625 0.425625
v -0.16875 0.8625 0.43
vt 0 1
vt 0.3375 1
vt 0.3375 0.9875
vt 0 0.9875
vt 0 1
vt 0.004375000000000018 1
vt 0.004375000000000018 0.9875
vt 0 0.9875
vt 0 1
vt 0.3375 1
vt 0.3375 0.9875
vt 0 0.9875
vt 0 1
vt 0.004375000000000018 1
vt 0.004375000000000018 0.9875
vt 0 0.9875
vt 0 1
vt 0.3375 1
vt 0.3375 0.995625
vt 0 0.995625
vt 0 1
vt 0.3375 1
vt 0.3375 0.995625
vt 0 0.995625
vn 0 0 -1
vn 1 0 0
vn 0 0 1
vn -1 0 0
vn 0 1 0
vn 0 -1 0
usemtl m_d8f9e20d-cb26-cbd2-2d92-4056c16cacbf
f 3478/12124/3305 3481/12123/3305 3479/12122/3305 3476/12121/3305
f 3477/12128/3306 3478/12127/3306 3476/12126/3306 3475/12125/3306
f 3482/12132/3307 3477/12131/3307 3475/12130/3307 3480/12129/3307
f 3481/12136/3308 3482/12135/3308 3480/12134/3308 3479/12133/3308
f 3480/12140/3309 3475/12139/3309 3476/12138/3309 3479/12137/3309
f 3481/12144/3310 3478/12143/3310 3477/12142/3310 3482/12141/3310
o Plaque lower border
v 0.16875 0.7437500000000001 0.43
v 0.16875 0.7437500000000001 0.425625
v 0.16875 0.73125 0.43
v 0.16875 0.73125 0.425625
v -0.16875 0.7437500000000001 0.425625
v -0.16875 0.7437500000000001 0.43
v -0.16875 0.73125 0.425625
v -0.16875 0.73125 0.43
vt 0 1
vt 0.3375 1
vt 0.3375 0.9874999999999999
vt 0 0.9874999999999999
vt 0 1
vt 0.004375000000000018 1
vt 0.004375000000000018 0.9874999999999999
vt 0 0.9874999999999999
vt 0 1
vt 0.3375 1
vt 0.3375 0.9874999999999999
vt 0 0.9874999999999999
vt 0 1
vt 0.004375000000000018 1
vt 0.004375000000000018 0.9874999999999999
vt 0 0.9874999999999999
vt 0 1
vt 0.3375 1
vt 0.3375 0.995625
vt 0 0.995625
vt 0 1
vt 0.3375 1
vt 0.3375 0.995625
vt 0 0.995625
vn 0 0 -1
vn 1 0 0
vn 0 0 1
vn -1 0 0
vn 0 1 0
vn 0 -1 0
usemtl m_d8f9e20d-cb26-cbd2-2d92-4056c16cacbf
f 3486/12148/3311 3489/12147/3311 3487/12146/3311 3484/12145/3311
f 3485/12152/3312 3486/12151/3312 3484/12150/3312 3483/12149/3312
f 3490/12156/3313 3485/12155/3313 3483/12154/3313 3488/12153/3313
f 3489/12160/3314 3490/12159/3314 3488/12158/3314 3487/12157/3314
f 3488/12164/3315 3483/12163/3315 3484/12162/3315 3487/12161/3315
f 3489/12168/3316 3486/12167/3316 3485/12166/3316 3490/12165/3316
o Juice glass emblem
v 0.040625 0.83125 0.43500000000000005
v 0.040625 0.83125 0.42625
v 0.040625 0.753125 0.43500000000000005
v 0.040625 0.753125 0.42625
v -0.0375 0.83125 0.42625
v -0.0375 0.83125 0.43500000000000005
v -0.0375 0.753125 0.42625
v -0.0375 0.753125 0.43500000000000005
vt 0 1
vt 0.078125 1
vt 0.078125 0.921875
vt 0 0.921875
vt 0 1
vt 0.00874999999999998 1
vt 0.00874999999999998 0.921875
vt 0 0.921875
vt 0 1
vt 0.078125 1
vt 0.078125 0.921875
vt 0 0.921875
vt 0 1
vt 0.00874999999999998 1
vt 0.00874999999999998 0.921875
vt 0 0.921875
vt 0 1
vt 0.078125 1
vt 0.078125 0.99125
vt 0 0.99125
vt 0 1
vt 0.078125 1
vt 0.078125 0.99125
vt 0 0.99125
vn 0 0 -1
vn 1 0 0
vn 0 0 1
vn -1 0 0
vn 0 1 0
vn 0 -1 0
usemtl m_719a2801-c655-ef30-226f-ce277e99db15
f 3494/12172/3317 3497/12171/3317 3495/12170/3317 3492/12169/3317
f 3493/12176/3318 3494/12175/3318 3492/12174/3318 3491/12173/3318
f 3498/12180/3319 3493/12179/3319 3491/12178/3319 3496/12177/3319
f 3497/12184/3320 3498/12183/3320 3496/12182/3320 3495/12181/3320
f 3496/12188/3321 3491/12187/3321 3492/12186/3321 3495/12185/3321
f 3497/12192/3322 3494/12191/3322 3493/12190/3322 3498/12189/3322
o Glass emblem rim
v 0.05 0.8387500000000001 0.4375
v 0.05 0.8387500000000001 0.42625
v 0.05 0.828125 0.4375
v 0.05 0.828125 0.42625
v -0.046875 0.8387500000000001 0.42625
v -0.046875 0.8387500000000001 0.4375
v -0.046875 0.828125 0.42625
v -0.046875 0.828125 0.4375
vt 0 1
vt 0.096875 1
vt 0.096875 0.989375
vt 0 0.989375
vt 0 1
vt 0.011249999999999982 1
vt 0.011249999999999982 0.989375
vt 0 0.989375
vt 0 1
vt 0.096875 1
vt 0.096875 0.989375
vt 0 0.989375
vt 0 1
vt 0.011249999999999982 1
vt 0.011249999999999982 0.989375
vt 0 0.989375
vt 0 1
vt 0.096875 1
vt 0.096875 0.98875
vt 0 0.98875
vt 0 1
vt 0.096875 1
vt 0.096875 0.98875
vt 0 0.98875
vn 0 0 -1
vn 1 0 0
vn 0 0 1
vn -1 0 0
vn 0 1 0
vn 0 -1 0
usemtl m_61a8d626-5f14-0f56-a855-5b99b08f072a
f 3502/12196/3323 3505/12195/3323 3503/12194/3323 3500/12193/3323
f 3501/12200/3324 3502/12199/3324 3500/12198/3324 3499/12197/3324
f 3506/12204/3325 3501/12203/3325 3499/12202/3325 3504/12201/3325
f 3505/12208/3326 3506/12207/3326 3504/12206/3326 3503/12205/3326
f 3504/12212/3327 3499/12211/3327 3500/12210/3327 3503/12209/3327
f 3505/12216/3328 3502/12215/3328 3501/12214/3328 3506/12213/3328
o Leaf emblem
v 0.07265005659767743 0.862299946981028 0.43562499999999993
v 0.07265005659767743 0.862299946981028 0.42625
v 0.08077303500166202 0.8399822472373627 0.43562499999999993
v 0.08077303500166202 0.8399822472373627 0.42625
v 0.02860196499833797 0.8462677527626373 0.42625
v 0.02860196499833797 0.8462677527626373 0.43562499999999993
v 0.036724943402322574 0.8239500530189721 0.42625
v 0.036724943402322574 0.8239500530189721 0.43562499999999993
vt 0 1
vt 0.046875 1
vt 0.046875 0.9762500000000001
vt 0 0.9762500000000001
vt 0 1
vt 0.009374999999999967 1
vt 0.009374999999999967 0.9762500000000001
vt 0 0.9762500000000001
vt 0 1
vt 0.046875 1
vt 0.046875 0.9762500000000001
vt 0 0.9762500000000001
vt 0 1
vt 0.009374999999999967 1
vt 0.009374999999999967 0.9762500000000001
vt 0 0.9762500000000001
vt 0 1
vt 0.046875 1
vt 0.046875 0.9906250000000001
vt 0 0.9906250000000001
vt 0 1
vt 0.046875 1
vt 0.046875 0.9906250000000001
vt 0 0.9906250000000001
vn 0 0 -1
vn 0.9396926207859084 0.34202014332566866 0
vn 0 0 1
vn -0.9396926207859084 -0.34202014332566866 0
vn -0.34202014332566866 0.9396926207859084 0
vn 0.34202014332566866 -0.9396926207859084 0
usemtl m_3d350775-4e91-ba40-1122-9c9e6fa716aa
f 3510/12220/3329 3513/12219/3329 3511/12218/3329 3508/12217/3329
f 3509/12224/3330 3510/12223/3330 3508/12222/3330 3507/12221/3330
f 3514/12228/3331 3509/12227/3331 3507/12226/3331 3512/12225/3331
f 3513/12232/3332 3514/12231/3332 3512/12230/3332 3511/12229/3332
f 3512/12236/3333 3507/12235/3333 3508/12234/3333 3511/12233/3333
f 3513/12240/3334 3510/12239/3334 3509/12238/3334 3514/12237/3334